country,winter,min_winter_full,days,storage_stress,storage_at_start,storage_trend_30d,storage_volatility,vol_x_start
AT,2014.0,16.49,151,1,95.67741935483869,-1.7600000000000051,6.013984634667558,575.4025298846443
AT,2015.0,36.17,152,0,74.72322580645161,1.5499999999999972,6.013984634667558,449.38433185279433
AT,2016.0,14.59,151,1,89.32193548387097,-2.8900000000000006,6.013984634667558,537.180747538767
AT,2017.0,14.47,151,1,84.64290322580645,5.019999999999996,6.013984634667558,509.0411194336531
AT,2018.0,44.0,151,0,72.65709677419356,6.740000000000009,6.013984634667558,436.9586635995539
AT,2019.0,73.36,152,0,99.91516129032257,-1.2800000000000011,6.013984634667558,600.8882447703307
AT,2020.0,24.61,151,1,90.86258064516129,0.269999999999996,6.013984634667558,546.4461638662418
AT,2021.0,12.38,151,1,56.13451612903226,2.6099999999999994,6.013984634667558,337.5921174744982
AT,2022.0,65.85,151,0,86.5167741935484,13.049999999999997,6.013984634667558,520.3105506410028
AT,2023.0,73.13,152,0,97.23225806451613,4.450000000000003,6.013984634667558,584.7533059940308
AT,2024.0,42.97,151,0,93.55258064516133,1.5700000000000074,6.013984634667558,562.6237825334979
BE,2014.0,17.22,151,1,95.54741935483871,-2.780000000000001,5.9389098788677845,567.4475127067745
BE,2015.0,16.1,152,1,57.21419354838711,5.420000000000002,5.9389098788677845,339.7899392759697
BE,2016.0,14.25,151,1,84.90774193548386,0.9899999999999949,5.9389098788677845,504.25942737300153
BE,2017.0,2.04,151,1,79.2983870967742,7.070000000000007,5.9389098788677845,470.94597450731396
BE,2018.0,26.04,151,1,52.93645161290323,3.479999999999997,5.9389098788677845,314.3848154360774
BE,2019.0,62.67,152,0,97.16258064516128,-0.28000000000000114,5.9389098788677845,577.0398100498362
BE,2020.0,21.38,151,1,97.53516129032258,-0.18999999999999773,5.9389098788677845,579.2525329240594
BE,2021.0,12.71,151,1,90.5658064516129,5.77000000000001,5.9389098788677845,537.8621626231115
BE,2022.0,27.76,151,1,111.68096774193549,11.72999999999999,5.9389098788677845,663.263202604095
BE,2023.0,51.02,152,0,99.39580645161291,6.560000000000002,5.9389098788677845,590.3027368535141
BE,2024.0,30.36,151,0,96.6641935483871,3.8500000000000085,5.9389098788677845,574.0799339973038
BG,2014.0,30.76,151,0,83.32032258064515,4.5,9.515488674083782,792.8335858371362
BG,2015.0,27.17,152,1,77.57645161290324,10.090000000000003,9.515488674083782,738.1778466981893
BG,2016.0,28.03,151,1,79.88419354838707,4.6499999999999915,9.515488674083782,760.1371389479939
BG,2017.0,26.17,151,1,79.14967741935483,4.5800000000000125,9.515488674083782,753.1478590412557
BG,2018.0,24.87,151,1,84.13322580645163,-0.010000000000005116,9.515488674083782,800.5687572754239
BG,2019.0,32.47,152,0,98.54548387096773,2.780000000000001,9.515488674083782,937.7084356562995
BG,2020.0,12.37,151,1,96.89096774193548,-2.789999999999992,9.515488674083782,921.9649061694042
BG,2021.0,16.83,151,1,74.11774193548388,4.400000000000006,9.515488674083782,705.2665339357615
BG,2022.0,77.54,151,0,83.2041935483871,14.299999999999997,9.515488674083782,791.7285613459524
BG,2023.0,44.27,152,0,96.75677419354837,1.4399999999999977,9.515488674083782,920.6879889795914
BG,2024.0,34.03,151,0,97.58580645161295,5.930000000000007,9.515488674083782,928.5766360416551
CZ,2014.0,21.48,151,1,101.01903225806451,-0.19999999999998863,11.510201125526105,1162.7493787963322
CZ,2015.0,35.88,152,0,95.48161290322581,-4.890000000000001,11.510201125526105,1099.0125683057577
CZ,2016.0,27.25,151,1,99.46612903225805,-1.9200000000000017,11.510201125526105,1144.8751503388214
CZ,2017.0,21.37,151,1,96.32677419354839,2.700000000000003,11.510201125526105,1108.7405447408796
CZ,2018.0,37.45,151,0,91.09032258064518,3.0,11.510201125526105,1048.4679334922782
CZ,2019.0,43.53,152,0,97.5409677419355,-0.01999999999999602,11.510201125526105,1122.7161566881316
CZ,2020.0,28.25,151,1,97.78935483870968,-1.0800000000000125,11.510201125526105,1125.5751421289879
CZ,2021.0,24.34,151,1,86.56290322580647,1.1599999999999966,11.510201125526105,996.356426138485
CZ,2022.0,55.94,151,0,89.85548387096775,8.460000000000008,11.510201125526105,1034.2546915863059
CZ,2023.0,63.78,152,0,98.0841935483871,1.990000000000009,11.510201125526105,1128.9687949769657
CZ,2024.0,33.7,151,0,92.95645161290322,-1.5,11.510201125526105,1069.9474539797516
DE,2014.0,31.89,151,0,94.73258064516129,4.329999999999998,4.184449250568917,396.4036760851046
DE,2015.0,51.21,152,0,79.81645161290321,2.1199999999999903,4.184449250568917,333.987891134683
DE,2016.0,26.65,151,1,94.97451612903225,0.9300000000000068,4.184449250568917,397.4160428392745
DE,2017.0,14.18,151,1,90.76935483870969,7.259999999999991,4.184449250568917,379.81975882946284
DE,2018.0,53.55,151,0,84.7041935483871,7.560000000000002,4.184449250568917,354.44039921359285
DE,2019.0,71.81,152,0,99.00838709677419,0.9200000000000017,4.184449250568917,414.29557118713393
DE,2020.0,25.39,151,1,94.81290322580647,-0.4299999999999926,4.184449250568917,396.7397818474891
DE,2021.0,24.46,151,1,71.37064516129033,4.189999999999998,4.184449250568917,298.6468426577814
DE,2022.0,63.58,151,0,95.76483870967742,7.1000000000000085,4.184449250568917,400.72310756956284
DE,2023.0,62.78,152,0,98.06903225806451,3.6099999999999994,4.184449250568917,410.36488853627696
DE,2024.0,28.69,151,1,97.18322580645162,1.9699999999999989,4.184449250568917,406.65827639367626
DK,2014.0,26.08,151,1,96.86612903225806,1.8100000000000023,12.01455340755624,1163.8032806412984
DK,2015.0,38.52,152,0,83.64548387096774,2.980000000000004,12.01455340755624,1004.9631332686259
DK,2016.0,21.75,151,1,96.96774193548384,31.230000000000004,12.01455340755624,1165.0241142940015
DK,2017.0,13.97,151,1,94.27064516129033,4.840000000000003,12.01455340755624,1132.619701055106
DK,2018.0,54.42,151,0,88.03,9.909999999999997,12.01455340755624,1057.6411364671758
DK,2019.0,64.12,152,0,97.33741935483872,0.06999999999999318,12.01455340755624,1169.4656233924084
DK,2020.0,35.07,151,0,94.28967741935482,3.740000000000009,12.01455340755624,1132.8483651360882
DK,2021.0,36.55,151,0,82.4706451612903,-0.8700000000000045,12.01455340755624,990.8479708459421
DK,2022.0,71.27,151,0,99.21354838709678,1.9399999999999977,12.01455340755624,1192.0064758499395
DK,2023.0,57.25,152,0,96.11064516129032,6.109999999999999,12.01455340755624,1154.7264793250092
DK,2024.0,27.1,151,1,70.78903225806452,10.219999999999999,12.01455340755624,850.4986087337378
ES,2014.0,63.13,151,0,99.69451612903224,1.4300000000000068,1.364456676656282,136.02884815827542
ES,2015.0,52.95,152,0,76.4490322580645,0.27000000000001023,1.364456676656282,104.3113924884276
ES,2016.0,55.47,151,0,73.18161290322581,-3.549999999999997,1.364456676656282,99.85314033428197
ES,2017.0,55.42,151,0,76.64161290322582,4.159999999999997,1.364456676656282,104.57416043551272
ES,2018.0,59.46,151,0,74.80354838709677,2.5,1.364456676656282,102.06620103435544
ES,2019.0,70.31,152,0,90.67193548387098,5.829999999999998,1.364456676656282,123.7179277563154
ES,2020.0,59.73,151,0,94.7983870967742,0.09000000000000341,1.364456676656282,129.3482922104403
ES,2021.0,57.93,151,0,77.88967741935484,9.189999999999998,1.364456676656282,106.27709039744276
ES,2022.0,77.99,151,0,92.56096774193547,4.509999999999991,1.364456676656282,126.2954304332506
ES,2023.0,78.95,152,0,100.41096774193547,0.0,1.364456676656282,137.0064153450024
ES,2024.0,61.23,151,0,100.22354838709673,-0.010000000000005116,1.364456676656282,136.75068975495807
FR,2014.0,16.95,151,1,92.10000000000001,3.470000000000013,11.074972989993636,1020.005012378414
FR,2015.0,21.4,152,1,86.78064516129032,1.019999999999996,11.074972989993636,961.0933012155123
FR,2016.0,19.87,151,1,90.38774193548389,2.4099999999999966,11.074972989993636,1001.0418005619991
FR,2017.0,2.9,151,1,74.52516129032257,1.6799999999999926,11.074972989993636,825.3641483652418
FR,2018.0,24.79,151,1,92.2393548387097,4.570000000000007,11.074972989993636,1021.5483634531488
FR,2019.0,29.46,152,1,98.83451612903225,-0.07000000000000739,11.074972989993636,1094.5895966081225
FR,2020.0,17.61,151,1,98.12193548387097,0.9900000000000091,11.074972989993636,1086.697785209769
FR,2021.0,18.73,151,1,94.37032258064517,2.3999999999999915,11.074972989993636,1045.1487736376318
FR,2022.0,27.47,151,1,98.81838709677419,2.680000000000007,11.074972989993636,1094.4109680115098
FR,2023.0,36.94,152,0,97.38096774193549,5.659999999999997,11.074972989993636,1078.491587481377
FR,2024.0,21.1,151,1,94.05935483870968,3.089999999999989,11.074972989993636,1041.704814294937
HR,2014.0,48.87,151,0,92.69225806451614,5.8799999999999955,5.111206380266105,473.7692608206272
HR,2015.0,43.2,152,0,91.6409677419355,-2.240000000000009,5.111206380266105,468.39589901634105
HR,2016.0,25.78,151,1,92.11838709677419,-2.940000000000012,5.111206380266105,470.83608786885503
HR,2017.0,26.85,151,1,92.27193548387096,4.900000000000006,5.111206380266105,471.62090536466366
HR,2018.0,22.24,151,1,89.08322580645158,6.6299999999999955,5.111206380266105,455.3227521166215
HR,2019.0,27.34,152,1,98.15032258064514,0.8599999999999994,5.111206380266105,501.6665549993698
HR,2020.0,19.92,151,1,95.16161290322582,-0.4299999999999926,5.111206380266105,486.3906430273811
HR,2021.0,16.38,151,1,84.97774193548385,-8.050000000000011,5.111206380266105,434.3387767612516
HR,2022.0,75.57,151,0,95.4464516129032,5.780000000000001,5.111206380266105,487.8465124576309
HR,2023.0,35.79,152,0,96.35709677419355,-0.060000000000002274,5.111206380266105,492.5010078161766
HR,2024.0,9.59,151,1,90.80935483870968,1.0100000000000051,5.111206380266105,464.1453538394616
HU,2016.0,18.54,151,1,56.21258064516129,-2.6799999999999997,1.6091283921030544,90.45325950951165
HU,2017.0,20.25,151,1,73.00999999999998,1.4299999999999926,1.6091283921030544,117.48246390744396
HU,2018.0,24.65,151,1,70.7132258064516,-1.2600000000000051,1.6091283921030544,113.78665934235568
HU,2019.0,65.83,152,0,97.4709677419355,1.2399999999999949,1.6091283921030544,156.84330159930934
HU,2020.0,49.11,151,0,98.17032258064515,-0.480000000000004,1.6091283921030544,157.9686533264317
HU,2021.0,19.15,151,1,80.67354838709677,-6.319999999999993,1.6091283921030544,129.814097201377
HU,2022.0,44.84,151,0,79.30612903225807,12.079999999999998,1.6091283921030544,127.61374389359479
HU,2023.0,67.32,152,0,96.55064516129033,2.9499999999999886,1.6091283921030544,155.36238440489967
HU,2024.0,36.03,151,0,92.40548387096774,-2.569999999999993,1.6091283921030544,148.69228768279504
IT,2014.0,35.36,151,0,96.74935483870966,1.0499999999999972,9.526148713586112,921.6487421370604
IT,2015.0,38.45,152,0,95.39161290322582,2.8599999999999994,9.526148713586112,908.714690544969
IT,2016.0,39.41,151,0,97.39354838709677,3.5600000000000023,9.526148713586112,927.7854256793287
IT,2017.0,33.48,151,0,96.27612903225808,3.5600000000000023,9.526148713586112,917.1407227296959
IT,2018.0,37.59,151,0,96.84645161290324,1.9299999999999926,9.526148713586112,922.5737004476379
IT,2019.0,42.99,152,0,97.89064516129032,1.9300000000000068,9.526148713586112,932.5208434753404
IT,2020.0,36.09,151,0,98.78193548387098,0.7700000000000102,9.526148713586112,941.0114076352239
IT,2021.0,29.81,151,1,87.08612903225809,1.9099999999999966,9.526148713586112,829.5954160518395
IT,2022.0,56.48,151,0,93.70612903225806,4.670000000000002,9.526148713586112,892.6585205357794
IT,2023.0,56.47,152,0,97.84064516129035,2.3200000000000074,9.526148713586112,932.0445360396614
IT,2024.0,42.59,151,0,97.65290322580644,2.019999999999996,9.526148713586112,930.2560784424651
LV,2014.0,33.32,151,0,95.53258064516132,9.090000000000003,13.260064849021274,1266.7682145491938
LV,2015.0,25.46,152,1,86.10645161290324,-3.269999999999996,13.260064849021274,1141.7771323062095
LV,2016.0,19.88,151,1,63.747419354838705,-6.0,13.260064849021274,845.2949146029151
LV,2017.0,16.08,151,1,57.81516129032258,11.790000000000006,13.260064849021274,766.6327879663019
LV,2018.0,15.14,151,1,55.02,2.8299999999999983,13.260064849021274,729.5687679931506
LV,2019.0,32.36,152,0,74.26903225806448,2.030000000000001,13.260064849021274,984.812184015988
LV,2020.0,26.29,151,1,99.58451612903224,-0.5699999999999932,13.260064849021274,1320.4971418293726
LV,2021.0,24.53,151,1,79.571935483871,-1.2199999999999989,13.260064849021274,1055.1290246782664
LV,2022.0,33.62,151,0,54.88419354838708,4.859999999999999,13.260064849021274,727.7679656378477
LV,2023.0,45.39,152,0,88.23322580645161,3.1500000000000057,13.260064849021274,1169.9782960318857
LV,2024.0,37.29,151,0,78.29967741935482,2.6500000000000057,13.260064849021274,1038.2588002380917
NL,2014.0,23.67,151,1,97.3316129032258,-0.27000000000001023,3.9761752539893096,387.007550656673
NL,2015.0,30.03,152,0,94.49580645161288,-1.0500000000000114,3.9761752539893096,375.7318872186665
NL,2016.0,16.71,151,1,96.95483870967742,-3.519999999999996,3.9761752539893096,385.50943043194417
NL,2017.0,6.19,151,1,95.72677419354842,2.069999999999993,3.9761752539893096,380.6264306926097
NL,2018.0,47.64,151,0,93.67903225806452,4.920000000000002,3.9761752539893096,372.48424988218244
NL,2019.0,44.29,152,0,96.87193548387094,-4.589999999999989,3.9761752539893096,385.17979267701656
NL,2020.0,22.92,151,1,88.47709677419353,-4.170000000000002,3.9761752539893096,351.8004427383657
NL,2021.0,20.28,151,1,60.652580645161294,3.010000000000005,3.9761752539893096,241.1652902518813
NL,2022.0,58.54,151,0,92.39290322580646,-0.030000000000001137,3.9761752539893096,367.37037545068074
NL,2023.0,53.41,152,0,97.70548387096775,3.1099999999999994,3.9761752539893096,388.4941271467936
NL,2024.0,21.01,151,1,91.28774193548387,-3.519999999999996,3.9761752539893096,362.97606047643313
PL,2014.0,46.62,151,0,98.34290322580645,-4.519999999999996,13.519014045929254,1329.4990900271387
PL,2015.0,32.15,152,0,96.4558064516129,2.0999999999999943,13.519014045929254,1303.9874022307883
PL,2016.0,31.13,151,0,98.53064516129028,0.7400000000000091,13.519014045929254,1332.0371758899546
PL,2017.0,35.66,151,0,98.6916129032258,0.37000000000000455,13.519014045929254,1334.2133010541224
PL,2018.0,41.38,151,0,97.89290322580645,-1.6400000000000006,13.519014045929254,1323.4155337064706
PL,2019.0,44.26,152,0,100.09096774193546,-0.6599999999999966,13.519014045929254,1353.1311987738773
PL,2020.0,38.03,151,0,97.92354838709679,-1.5400000000000063,13.519014045929254,1323.8298260723943
PL,2021.0,57.23,151,0,96.44709677419357,0.14999999999999147,13.519014045929254,1303.869655979421
PL,2022.0,54.99,151,0,98.29161290322581,0.45000000000000284,13.519014045929254,1328.8056954357507
PL,2023.0,43.49,152,0,99.22483870967743,-0.09999999999999432,13.519014045929254,1341.421988221194
PL,2024.0,42.88,151,0,97.62451612903227,-0.030000000000001137,13.519014045929254,1319.7872047754342
PT,2014.0,50.38,151,0,83.66548387096776,11.47999999999999,14.510773931802373,1214.0509223464708
PT,2015.0,29.27,152,1,41.55000000000001,-10.119999999999997,14.510773931802373,602.9226568663887
PT,2016.0,42.07,151,0,48.049354838709675,7.660000000000004,14.510773931802373,697.2333256334706
PT,2017.0,48.76,151,0,68.69709677419355,19.189999999999998,14.510773931802373,996.8480410614727
PT,2018.0,67.84,151,0,62.931935483870966,11.879999999999995,14.510773931802373,913.1910888972235
PT,2019.0,71.69,152,0,104.29258064516131,2.480000000000004,14.510773931802373,1513.3660605062034
PT,2020.0,44.27,151,0,99.4183870967742,-8.260000000000005,14.510773931802373,1442.6377398257084
PT,2021.0,68.22,151,0,59.211290322580645,17.520000000000003,14.510773931802373,859.2016480812853
PT,2022.0,104.82,151,0,108.85612903225807,0.9899999999999949,14.510773931802373,1579.5866794782057
PT,2023.0,85.88,152,0,100.83290322580646,9.820000000000007,14.510773931802373,1463.1634635969838
PT,2024.0,75.22,151,0,102.7377419354839,0.3100000000000023,14.510773931802373,1490.804147489659
RO,2014.0,19.71,151,1,84.51322580645163,2.030000000000001,13.330425436182184,1126.5972549841313
RO,2015.0,28.39,152,1,75.49096774193548,3.039999999999992,13.330425436182184,1006.3267165891054
RO,2016.0,16.61,151,1,74.71903225806452,2.799999999999997,13.330425436182184,996.0364881798204
RO,2017.0,12.51,151,1,69.04967741935484,3.4099999999999966,13.330425436182184,920.4615762311423
RO,2018.0,10.93,151,1,69.95741935483869,2.430000000000007,13.330425436182184,932.5621624174055
RO,2019.0,56.92,152,0,93.12645161290322,6.560000000000002,13.330425436182184,1241.4152193620346
RO,2020.0,17.45,151,1,93.85193548387095,1.980000000000004,13.330425436182184,1251.0862280091226
RO,2021.0,18.95,151,1,74.16032258064517,1.980000000000004,13.330425436182184,988.5886504845083
RO,2022.0,41.72,151,0,91.52064516129033,10.36,13.330425436182184,1220.0091361938685
RO,2023.0,50.07,152,0,100.65612903225806,4.930000000000007,13.330425436182184,1341.7890227592488
RO,2024.0,25.23,151,1,102.81741935483872,1.1499999999999915,13.330425436182184,1370.5999422503523
SK,2014.0,20.34,151,1,92.94225806451614,1.0899999999999892,8.71101298234177,809.6212166081592
SK,2015.0,27.09,152,1,76.59612903225809,7.049999999999997,8.71101298234177,667.2298743971256
SK,2016.0,16.35,151,1,96.48000000000002,-2.510000000000005,8.71101298234177,840.4385325363342
SK,2017.0,4.51,151,1,88.62870967741938,4.549999999999997,8.71101298234177,772.0458406081999
SK,2018.0,27.6,151,1,65.25516129032256,5.890000000000008,8.71101298234177,568.4385571648061
SK,2019.0,76.65,152,0,98.32322580645163,-3.3700000000000045,8.71101298234177,856.4948964657216
SK,2020.0,41.79,151,0,93.50967741935482,0.9400000000000119,8.71101298234177,814.5640139745909
SK,2021.0,17.25,151,1,72.08774193548388,-1.0799999999999983,8.71101298234177,627.9572558677033
SK,2022.0,58.19,151,0,90.66806451612906,3.0700000000000074,8.71101298234177,789.8106870838016
SK,2023.0,68.7,152,0,98.00548387096775,1.9699999999999989,8.71101298234177,853.7270423406871
SK,2024.0,35.3,151,0,95.51612903225806,-0.6899999999999977,8.71101298234177,832.0422400230317
