currency,prod_veg,geo,year,selling_price,temperature_2m_mean,precipitation_sum,price_lag1,price_lag2
Euro,Durum wheat,Austria,2017,18.24,11.234794520547943,527.5,17.88,25.47
Euro,Durum wheat,Austria,2018,18.27,12.166027397260274,614.9,18.24,17.88
Euro,Durum wheat,Austria,2019,20.03,12.056712328767125,614.0,18.27,18.24
Euro,Durum wheat,Austria,2020,23.1,11.448087431693988,739.5,20.03,18.27
Euro,Durum wheat,Austria,2021,31.78,10.806849315068494,643.6,23.1,20.03
Euro,Durum wheat,Austria,2022,41.64,11.750410958904109,666.2,31.78,23.1
Euro,Durum wheat,Austria,2023,28.72,12.194246575342463,767.8,41.64,31.78
Euro,Durum wheat,Austria,2024,24.29,12.65737704918033,741.9,28.72,41.64
Euro,Feed barley,Austria,2017,11.6,11.234794520547943,527.5,10.23,11.8
Euro,Feed barley,Austria,2018,13.69,12.166027397260274,614.9,11.6,10.23
Euro,Feed barley,Austria,2019,12.31,12.056712328767125,614.0,13.69,11.6
Euro,Feed barley,Austria,2020,12.08,11.448087431693988,739.5,12.31,13.69
Euro,Feed barley,Austria,2021,17.23,10.806849315068494,643.6,12.08,12.31
Euro,Feed barley,Austria,2022,24.19,11.750410958904109,666.2,17.23,12.08
Euro,Feed barley,Austria,2023,14.85,12.194246575342463,767.8,24.19,17.23
Euro,Feed barley,Austria,2024,13.79,12.65737704918033,741.9,14.85,24.19
Euro,Rye,Austria,2017,15.7,11.234794520547943,527.5,12.52,12.12
Euro,Rye,Austria,2018,14.98,12.166027397260274,614.9,15.7,12.52
Euro,Rye,Austria,2019,12.74,12.056712328767125,614.0,14.98,15.7
Euro,Rye,Austria,2020,11.76,11.448087431693988,739.5,12.74,14.98
Euro,Rye,Austria,2021,22.15,10.806849315068494,643.6,11.76,12.74
Euro,Rye,Austria,2022,27.48,11.750410958904109,666.2,22.15,11.76
Euro,Rye,Austria,2023,14.92,12.194246575342463,767.8,27.48,22.15
Euro,Rye,Austria,2024,14.96,12.65737704918033,741.9,14.92,27.48
Euro,Soft wheat,Austria,2017,14.46,11.234794520547943,527.5,11.55,13.72
Euro,Soft wheat,Austria,2018,15.41,12.166027397260274,614.9,14.46,11.55
Euro,Soft wheat,Austria,2019,14.63,12.056712328767125,614.0,15.41,14.46
Euro,Soft wheat,Austria,2020,14.88,11.448087431693988,739.5,14.63,15.41
Euro,Soft wheat,Austria,2021,22.65,10.806849315068494,643.6,14.88,14.63
Euro,Soft wheat,Austria,2022,28.05,11.750410958904109,666.2,22.65,14.88
Euro,Soft wheat,Austria,2023,17.9,12.194246575342463,767.8,28.05,22.65
Euro,Soft wheat,Austria,2024,17.6,12.65737704918033,741.9,17.9,28.05
Euro,Barley,Belgium,2017,13.22,11.116712328767123,736.2,11.82,14.23
Euro,Barley,Belgium,2018,17.76,11.602739726027398,630.6,13.22,11.82
Euro,Barley,Belgium,2019,14.12,11.308493150684932,787.9,17.76,13.22
Euro,Barley,Belgium,2020,15.51,11.881693989071035,766.2,14.12,17.76
Euro,Barley,Belgium,2021,22.32,10.31917808219178,974.2,15.51,14.12
Euro,Barley,Belgium,2022,27.21,11.816986301369862,623.0,22.32,15.51
Euro,Barley,Belgium,2024,17.4,11.614207650273224,1027.5,27.21,22.32
Euro,Rye,Belgium,2017,10.88,11.116712328767123,736.2,9.73,10.75
Euro,Rye,Belgium,2018,13.95,11.602739726027398,630.6,10.88,9.73
Euro,Rye,Belgium,2019,13.3,11.308493150684932,787.9,13.95,10.88
Euro,Rye,Belgium,2020,14.91,11.881693989071035,766.2,13.3,13.95
Euro,Rye,Belgium,2021,20.11,10.31917808219178,974.2,14.91,13.3
Euro,Rye,Belgium,2022,26.59,11.816986301369862,623.0,20.11,14.91
Euro,Rye,Belgium,2023,17.75,11.832054794520548,1000.9,26.59,20.11
Euro,Rye,Belgium,2024,16.15,11.614207650273224,1027.5,17.75,26.59
Euro,Soft wheat,Belgium,2017,14.14,11.116712328767123,736.2,13.34,15.44
Euro,Soft wheat,Belgium,2018,16.66,11.602739726027398,630.6,14.14,13.34
Euro,Soft wheat,Belgium,2019,15.59,11.308493150684932,787.9,16.66,14.14
Euro,Soft wheat,Belgium,2020,17.45,11.881693989071035,766.2,15.59,16.66
Euro,Soft wheat,Belgium,2021,23.3,10.31917808219178,974.2,17.45,15.59
Euro,Soft wheat,Belgium,2022,32.11,11.816986301369862,623.0,23.3,17.45
Euro,Soft wheat,Belgium,2023,21.05,11.832054794520548,1000.9,32.11,23.3
Euro,Soft wheat,Belgium,2024,18.13,11.614207650273224,1027.5,21.05,32.11
Euro,Barley,Bulgaria,2017,13.71,10.825205479452054,773.9,14.07,15.5
Euro,Barley,Bulgaria,2018,14.96,11.431232876712327,678.7,13.71,14.07
Euro,Barley,Bulgaria,2019,14.74,12.208219178082192,552.8,14.96,13.71
Euro,Barley,Bulgaria,2020,14.7,11.473497267759564,727.0,14.74,14.96
Euro,Barley,Bulgaria,2021,17.93,11.054794520547944,792.2,14.7,14.74
Euro,Barley,Bulgaria,2022,28.95,11.659999999999998,576.4,17.93,14.7
Euro,Barley,Bulgaria,2023,19.37,12.37808219178082,814.8,28.95,17.93
Euro,Barley,Bulgaria,2024,16.44,12.789071038251366,502.1,19.37,28.95
Euro,Durum wheat,Bulgaria,2017,15.29,10.825205479452054,773.9,16.33,17.88
Euro,Durum wheat,Bulgaria,2018,15.58,11.431232876712327,678.7,15.29,16.33
Euro,Durum wheat,Bulgaria,2019,16.58,12.208219178082192,552.8,15.58,15.29
Euro,Durum wheat,Bulgaria,2020,18.24,11.473497267759564,727.0,16.58,15.58
Euro,Durum wheat,Bulgaria,2021,21.7,11.054794520547944,792.2,18.24,16.58
Euro,Durum wheat,Bulgaria,2022,35.04,11.659999999999998,576.4,21.7,18.24
Euro,Durum wheat,Bulgaria,2023,25.77,12.37808219178082,814.8,35.04,21.7
Euro,Durum wheat,Bulgaria,2024,22.22,12.789071038251366,502.1,25.77,35.04
Euro,Feed barley,Bulgaria,2017,13.77,10.825205479452054,773.9,13.79,15.15
Euro,Feed barley,Bulgaria,2018,14.96,11.431232876712327,678.7,13.77,13.79
Euro,Feed barley,Bulgaria,2019,14.74,12.208219178082192,552.8,14.96,13.77
Euro,Feed barley,Bulgaria,2020,14.7,11.473497267759564,727.0,14.74,14.96
Euro,Feed barley,Bulgaria,2021,17.93,11.054794520547944,792.2,14.7,14.74
Euro,Feed barley,Bulgaria,2022,28.95,11.659999999999998,576.4,17.93,14.7
Euro,Feed barley,Bulgaria,2023,19.37,12.37808219178082,814.8,28.95,17.93
Euro,Feed barley,Bulgaria,2024,16.44,12.789071038251366,502.1,19.37,28.95
Euro,Rye,Bulgaria,2017,13.65,10.825205479452054,773.9,12.29,13.28
Euro,Rye,Bulgaria,2018,13.4,11.431232876712327,678.7,13.65,12.29
Euro,Rye,Bulgaria,2019,14.79,12.208219178082192,552.8,13.4,13.65
Euro,Rye,Bulgaria,2020,16.5,11.473497267759564,727.0,14.79,13.4
Euro,Rye,Bulgaria,2021,18.26,11.054794520547944,792.2,16.5,14.79
Euro,Rye,Bulgaria,2022,30.73,11.659999999999998,576.4,18.26,16.5
Euro,Rye,Bulgaria,2023,21.1,12.37808219178082,814.8,30.73,18.26
Euro,Rye,Bulgaria,2024,19.97,12.789071038251366,502.1,21.1,30.73
Euro,Soft wheat,Bulgaria,2017,15.47,10.825205479452054,773.9,14.06,15.59
Euro,Soft wheat,Bulgaria,2018,15.4,11.431232876712327,678.7,15.47,14.06
Euro,Soft wheat,Bulgaria,2019,15.21,12.208219178082192,552.8,15.4,15.47
Euro,Soft wheat,Bulgaria,2020,16.76,11.473497267759564,727.0,15.21,15.4
Euro,Soft wheat,Bulgaria,2021,20.45,11.054794520547944,792.2,16.76,15.21
Euro,Soft wheat,Bulgaria,2022,31.08,11.659999999999998,576.4,20.45,16.76
Euro,Soft wheat,Bulgaria,2023,21.23,12.37808219178082,814.8,31.08,20.45
Euro,Soft wheat,Bulgaria,2024,18.51,12.789071038251366,502.1,21.23,31.08
Euro,Barley,Croatia,2017,13.45,11.992876712328766,932.5,13.15,15.73
Euro,Barley,Croatia,2018,14.9,12.192876712328768,919.8,13.45,13.15
Euro,Barley,Croatia,2019,14.69,12.374246575342466,1020.6,14.9,13.45
Euro,Barley,Croatia,2020,14.17,12.118852459016392,921.3,14.69,14.9
Euro,Durum wheat,Croatia,2017,22.01,11.992876712328766,932.5,14.39,27.14
Euro,Durum wheat,Croatia,2018,21.01,12.192876712328768,919.8,22.01,14.39
Euro,Durum wheat,Croatia,2019,19.48,12.374246575342466,1020.6,21.01,22.01
Euro,Durum wheat,Croatia,2020,19.72,12.118852459016392,921.3,19.48,21.01
Euro,Durum wheat,Croatia,2021,22.18,11.538630136986304,803.4,19.72,19.48
Euro,Durum wheat,Croatia,2022,40.56,12.366575342465756,710.4,22.18,19.72
Euro,Durum wheat,Croatia,2023,30.9,12.634520547945206,1182.9,40.56,22.18
Euro,Durum wheat,Croatia,2024,26.38,13.059562841530056,1015.0,30.9,40.56
Euro,Feed barley,Croatia,2017,11.66,11.992876712328766,932.5,12.7,13.83
Euro,Feed barley,Croatia,2018,13.21,12.192876712328768,919.8,11.66,12.7
Euro,Feed barley,Croatia,2019,13.61,12.374246575342466,1020.6,13.21,11.66
Euro,Feed barley,Croatia,2020,12.11,12.118852459016392,921.3,13.61,13.21
Euro,Feed barley,Croatia,2021,16.27,11.538630136986304,803.4,12.11,13.61
Euro,Feed barley,Croatia,2022,27.76,12.366575342465756,710.4,16.27,12.11
Euro,Feed barley,Croatia,2023,14.58,12.634520547945206,1182.9,27.76,16.27
Euro,Feed barley,Croatia,2024,15.47,13.059562841530056,1015.0,14.58,27.76
Euro,Rye,Croatia,2017,14.84,11.992876712328766,932.5,11.88,15.28
Euro,Rye,Croatia,2018,15.03,12.192876712328768,919.8,14.84,11.88
Euro,Rye,Croatia,2019,15.11,12.374246575342466,1020.6,15.03,14.84
Euro,Rye,Croatia,2020,13.64,12.118852459016392,921.3,15.11,15.03
Euro,Rye,Croatia,2021,17.25,11.538630136986304,803.4,13.64,15.11
Euro,Rye,Croatia,2022,23.78,12.366575342465756,710.4,17.25,13.64
Euro,Rye,Croatia,2023,24.15,12.634520547945206,1182.9,23.78,17.25
Euro,Rye,Croatia,2024,15.51,13.059562841530056,1015.0,24.15,23.78
Euro,Soft wheat,Croatia,2017,13.89,11.992876712328766,932.5,12.19,15.23
Euro,Soft wheat,Croatia,2018,14.61,12.192876712328768,919.8,13.89,12.19
Euro,Soft wheat,Croatia,2019,14.99,12.374246575342466,1020.6,14.61,13.89
Euro,Soft wheat,Croatia,2020,13.94,12.118852459016392,921.3,14.99,14.61
Euro,Soft wheat,Croatia,2021,18.15,11.538630136986304,803.4,13.94,14.99
Euro,Soft wheat,Croatia,2022,29.77,12.366575342465756,710.4,18.15,13.94
Euro,Soft wheat,Croatia,2023,17.86,12.634520547945206,1182.9,29.77,18.15
Euro,Soft wheat,Croatia,2024,17.11,13.059562841530056,1015.0,17.86,29.77
Euro,Barley,Cyprus,2017,17.32,19.736438356164385,195.9,29.7,18.59
Euro,Barley,Cyprus,2018,18.9,20.601369863013694,330.6,17.32,29.7
Euro,Barley,Cyprus,2019,19.93,19.72958904109589,429.5,18.9,17.32
Euro,Barley,Cyprus,2020,17.75,20.09016393442623,337.2,19.93,18.9
Euro,Barley,Cyprus,2021,22.11,20.363561643835617,215.6,17.75,19.93
Euro,Barley,Cyprus,2022,36.62,19.656712328767124,228.0,22.11,17.75
Euro,Barley,Cyprus,2023,28.0,20.16739726027397,286.2,36.62,22.11
Euro,Barley,Cyprus,2024,23.54,20.880054644808745,318.8,28.0,36.62
Euro,Durum wheat,Cyprus,2017,21.82,19.736438356164385,195.9,31.2,24.8
Euro,Durum wheat,Cyprus,2018,26.03,20.601369863013694,330.6,21.82,31.2
Euro,Durum wheat,Cyprus,2019,22.94,19.72958904109589,429.5,26.03,21.82
Euro,Durum wheat,Cyprus,2020,22.43,20.09016393442623,337.2,22.94,26.03
Euro,Durum wheat,Cyprus,2021,25.7,20.363561643835617,215.6,22.43,22.94
Euro,Durum wheat,Cyprus,2022,44.42,19.656712328767124,228.0,25.7,22.43
Euro,Durum wheat,Cyprus,2023,30.98,20.16739726027397,286.2,44.42,25.7
Euro,Durum wheat,Cyprus,2024,32.87,20.880054644808745,318.8,30.98,44.42
Euro,Feed barley,Cyprus,2017,17.3,19.736438356164385,195.9,17.9,20.5
Euro,Feed barley,Cyprus,2018,20.2,20.601369863013694,330.6,17.3,17.9
Euro,Feed barley,Cyprus,2019,19.7,19.72958904109589,429.5,20.2,17.3
Euro,Feed barley,Cyprus,2020,18.28,20.09016393442623,337.2,19.7,20.2
Euro,Feed barley,Cyprus,2021,24.76,20.363561643835617,215.6,18.28,19.7
Euro,Feed barley,Cyprus,2022,37.52,19.656712328767124,228.0,24.76,18.28
Euro,Feed barley,Cyprus,2023,27.16,20.16739726027397,286.2,37.52,24.76
Euro,Feed barley,Cyprus,2024,22.67,20.880054644808745,318.8,27.16,37.52
Euro,Soft wheat,Cyprus,2022,38.52,19.656712328767124,228.0,23.79,19.66
Euro,Soft wheat,Cyprus,2023,25.37,20.16739726027397,286.2,38.52,23.79
Euro,Soft wheat,Cyprus,2024,23.46,20.880054644808745,318.8,25.37,38.52
Euro,Barley,Czechia,2017,14.51,10.092054794520548,613.3,14.91,16.61
Euro,Barley,Czechia,2018,15.32,11.403561643835618,412.0,14.51,14.91
Euro,Barley,Czechia,2019,17.41,11.113698630136986,604.9,15.32,14.51
Euro,Barley,Czechia,2020,15.91,10.791256830601093,761.4,17.41,15.32
Euro,Barley,Czechia,2021,16.69,9.351506849315069,680.7,15.91,17.41
Euro,Barley,Czechia,2022,27.6,10.772328767123287,683.1,16.69,15.91
Euro,Barley,Czechia,2023,26.0,11.405753424657536,771.4,27.6,16.69
Euro,Barley,Czechia,2024,22.85,11.671038251366122,714.6,26.0,27.6
Euro,Feed barley,Czechia,2017,12.42,10.092054794520548,613.3,12.06,13.31
Euro,Feed barley,Czechia,2018,14.31,11.403561643835618,412.0,12.42,12.06
Euro,Feed barley,Czechia,2019,15.35,11.113698630136986,604.9,14.31,12.42
Euro,Feed barley,Czechia,2020,13.31,10.791256830601093,761.4,15.35,14.31
Euro,Feed barley,Czechia,2021,16.15,9.351506849315069,680.7,13.31,15.35
Euro,Feed barley,Czechia,2022,25.12,10.772328767123287,683.1,16.15,13.31
Euro,Feed barley,Czechia,2023,18.96,11.405753424657536,771.4,25.12,16.15
Euro,Feed barley,Czechia,2024,14.69,11.671038251366122,714.6,18.96,25.12
Euro,Rye,Czechia,2017,14.59,10.092054794520548,613.3,13.87,14.37
Euro,Rye,Czechia,2018,16.3,11.403561643835618,412.0,14.59,13.87
Euro,Rye,Czechia,2019,16.56,11.113698630136986,604.9,16.3,14.59
Euro,Rye,Czechia,2020,14.52,10.791256830601093,761.4,16.56,16.3
Euro,Rye,Czechia,2021,15.91,9.351506849315069,680.7,14.52,16.56
Euro,Rye,Czechia,2022,27.84,10.772328767123287,683.1,15.91,14.52
Euro,Rye,Czechia,2023,24.2,11.405753424657536,771.4,27.84,15.91
Euro,Rye,Czechia,2024,18.71,11.671038251366122,714.6,24.2,27.84
Euro,Soft wheat,Czechia,2017,14.51,10.092054794520548,613.3,13.69,15.84
Euro,Soft wheat,Czechia,2018,15.99,11.403561643835618,412.0,14.51,13.69
Euro,Soft wheat,Czechia,2019,16.95,11.113698630136986,604.9,15.99,14.51
Euro,Soft wheat,Czechia,2020,15.76,10.791256830601093,761.4,16.95,15.99
Euro,Soft wheat,Czechia,2021,19.58,9.351506849315069,680.7,15.76,16.95
Euro,Soft wheat,Czechia,2022,30.98,10.772328767123287,683.1,19.58,15.76
Euro,Soft wheat,Czechia,2023,24.29,11.405753424657536,771.4,30.98,19.58
Euro,Soft wheat,Czechia,2024,18.99,11.671038251366122,714.6,24.29,30.98
Euro,Barley,Denmark,2017,14.76,9.23890410958904,838.8,13.97,16.16
Euro,Barley,Denmark,2018,17.24,10.105479452054794,472.9,14.76,13.97
Euro,Barley,Denmark,2019,17.3,10.11917808219178,729.6,17.24,14.76
Euro,Barley,Denmark,2020,15.47,10.451639344262295,632.6,17.3,17.24
Euro,Barley,Denmark,2021,18.49,9.337260273972602,679.5,15.47,17.3
Euro,Barley,Denmark,2022,27.25,9.875068493150684,554.8,18.49,15.47
Euro,Barley,Denmark,2023,25.15,9.763287671232876,829.3,27.25,18.49
Euro,Barley,Denmark,2024,21.72,10.08224043715847,704.6,25.15,27.25
Euro,Feed barley,Denmark,2017,14.76,9.23890410958904,838.8,13.97,16.16
Euro,Feed barley,Denmark,2018,17.24,10.105479452054794,472.9,14.76,13.97
Euro,Feed barley,Denmark,2019,17.3,10.11917808219178,729.6,17.24,14.76
Euro,Feed barley,Denmark,2020,15.47,10.451639344262295,632.6,17.3,17.24
Euro,Feed barley,Denmark,2021,18.49,9.337260273972602,679.5,15.47,17.3
Euro,Feed barley,Denmark,2022,27.25,9.875068493150684,554.8,18.49,15.47
Euro,Feed barley,Denmark,2023,25.15,9.763287671232876,829.3,27.25,18.49
Euro,Feed barley,Denmark,2024,21.72,10.08224043715847,704.6,25.15,27.25
Euro,Rye,Denmark,2017,13.4,9.23890410958904,838.8,12.39,13.21
Euro,Rye,Denmark,2018,16.01,10.105479452054794,472.9,13.4,12.39
Euro,Rye,Denmark,2019,15.28,10.11917808219178,729.6,16.01,13.4
Euro,Rye,Denmark,2020,14.37,10.451639344262295,632.6,15.28,16.01
Euro,Rye,Denmark,2021,17.07,9.337260273972602,679.5,14.37,15.28
Euro,Rye,Denmark,2022,25.32,9.875068493150684,554.8,17.07,14.37
Euro,Rye,Denmark,2023,22.1,9.763287671232876,829.3,25.32,17.07
Euro,Rye,Denmark,2024,19.5,10.08224043715847,704.6,22.1,25.32
Euro,Soft wheat,Denmark,2017,14.97,9.23890410958904,838.8,14.1,15.5
Euro,Soft wheat,Denmark,2018,16.85,10.105479452054794,472.9,14.97,14.1
Euro,Soft wheat,Denmark,2019,17.97,10.11917808219178,729.6,16.85,14.97
Euro,Soft wheat,Denmark,2020,16.64,10.451639344262295,632.6,17.97,16.85
Euro,Soft wheat,Denmark,2021,19.48,9.337260273972602,679.5,16.64,17.97
Euro,Soft wheat,Denmark,2022,27.37,9.875068493150684,554.8,19.48,16.64
Euro,Soft wheat,Denmark,2023,25.17,9.763287671232876,829.3,27.37,19.48
Euro,Soft wheat,Denmark,2024,21.24,10.08224043715847,704.6,25.17,27.37
Euro,Barley,Estonia,2017,13.56,6.229041095890411,772.2,12.76,14.88
Euro,Barley,Estonia,2018,15.73,7.122191780821917,561.1,13.56,12.76
Euro,Barley,Estonia,2019,15.45,7.262739726027397,788.2,15.73,13.56
Euro,Barley,Estonia,2020,14.58,8.033879781420765,811.2,15.45,15.73
Euro,Barley,Estonia,2021,18.23,6.611780821917809,748.9,14.58,15.45
Euro,Barley,Estonia,2022,27.49,6.941095890410959,691.4,18.23,14.58
Euro,Barley,Estonia,2023,19.62,6.896986301369863,889.0,27.49,18.23
Euro,Barley,Estonia,2024,17.13,7.873770491803279,796.3,19.62,27.49
Euro,Feed barley,Estonia,2017,13.56,6.229041095890411,772.2,12.76,14.88
Euro,Feed barley,Estonia,2018,15.73,7.122191780821917,561.1,13.56,12.76
Euro,Feed barley,Estonia,2019,15.45,7.262739726027397,788.2,15.73,13.56
Euro,Feed barley,Estonia,2020,14.58,8.033879781420765,811.2,15.45,15.73
Euro,Feed barley,Estonia,2021,18.23,6.611780821917809,748.9,14.58,15.45
Euro,Feed barley,Estonia,2022,27.49,6.941095890410959,691.4,18.23,14.58
Euro,Feed barley,Estonia,2023,19.62,6.896986301369863,889.0,27.49,18.23
Euro,Feed barley,Estonia,2024,17.13,7.873770491803279,796.3,19.62,27.49
Euro,Rye,Estonia,2017,12.43,6.229041095890411,772.2,11.67,12.14
Euro,Rye,Estonia,2018,14.28,7.122191780821917,561.1,12.43,11.67
Euro,Rye,Estonia,2019,13.65,7.262739726027397,788.2,14.28,12.43
Euro,Rye,Estonia,2020,11.88,8.033879781420765,811.2,13.65,14.28
Euro,Rye,Estonia,2021,15.3,6.611780821917809,748.9,11.88,13.65
Euro,Rye,Estonia,2022,24.81,6.941095890410959,691.4,15.3,11.88
Euro,Rye,Estonia,2023,16.78,6.896986301369863,889.0,24.81,15.3
Euro,Rye,Estonia,2024,14.65,7.873770491803279,796.3,16.78,24.81
Euro,Soft wheat,Estonia,2017,15.5,6.229041095890411,772.2,14.64,15.97
Euro,Soft wheat,Estonia,2018,16.41,7.122191780821917,561.1,15.5,14.64
Euro,Soft wheat,Estonia,2019,16.79,7.262739726027397,788.2,16.41,15.5
Euro,Soft wheat,Estonia,2020,16.78,8.033879781420765,811.2,16.79,16.41
Euro,Soft wheat,Estonia,2021,21.1,6.611780821917809,748.9,16.78,16.79
Euro,Soft wheat,Estonia,2022,32.02,6.941095890410959,691.4,21.1,16.78
Euro,Soft wheat,Estonia,2023,23.8,6.896986301369863,889.0,32.02,21.1
Euro,Soft wheat,Estonia,2024,20.85,7.873770491803279,796.3,23.8,32.02
Euro,Barley,Finland,2024,20.87,7.104918032786886,804.2,24.68,31.92
Euro,Feed barley,Finland,2017,12.93,5.966027397260274,922.2,12.36,13.61
Euro,Feed barley,Finland,2018,17.09,6.64958904109589,580.9,12.93,12.36
Euro,Feed barley,Finland,2019,15.54,6.725205479452054,831.7,17.09,12.93
Euro,Feed barley,Finland,2020,13.93,8.045081967213115,948.8,15.54,17.09
Euro,Feed barley,Finland,2021,18.93,6.053424657534246,777.2,13.93,15.54
Euro,Feed barley,Finland,2022,30.74,6.537534246575342,736.8,18.93,13.93
Euro,Feed barley,Finland,2023,22.49,6.398082191780823,856.9,30.74,18.93
Euro,Feed barley,Finland,2024,18.65,7.104918032786886,804.2,22.49,30.74
Euro,Rye,Finland,2017,16.2,5.966027397260274,922.2,16.89,18.87
Euro,Rye,Finland,2018,17.71,6.64958904109589,580.9,16.2,16.89
Euro,Rye,Finland,2019,16.66,6.725205479452054,831.7,17.71,16.2
Euro,Rye,Finland,2020,15.65,8.045081967213115,948.8,16.66,17.71
Euro,Rye,Finland,2021,16.63,6.053424657534246,777.2,15.65,16.66
Euro,Rye,Finland,2022,29.32,6.537534246575342,736.8,16.63,15.65
Euro,Rye,Finland,2023,29.3,6.398082191780823,856.9,29.32,16.63
Euro,Rye,Finland,2024,23.37,7.104918032786886,804.2,29.3,29.32
Euro,Soft wheat,Finland,2017,15.91,5.966027397260274,922.2,15.14,16.89
Euro,Soft wheat,Finland,2018,19.98,6.64958904109589,580.9,15.91,15.14
Euro,Soft wheat,Finland,2019,18.4,6.725205479452054,831.7,19.98,15.91
Euro,Soft wheat,Finland,2020,17.05,8.045081967213115,948.8,18.4,19.98
Euro,Soft wheat,Finland,2021,21.55,6.053424657534246,777.2,17.05,18.4
Euro,Soft wheat,Finland,2022,33.62,6.537534246575342,736.8,21.55,17.05
Euro,Soft wheat,Finland,2023,26.2,6.398082191780823,856.9,33.62,21.55
Euro,Soft wheat,Finland,2024,22.8,7.104918032786886,804.2,26.2,33.62
Euro,Barley,Germany,2018,16.55,11.186849315068493,412.5,13.61,12.6
Euro,Barley,Germany,2019,15.69,11.452054794520548,532.0,16.55,13.61
Euro,Barley,Germany,2020,15.03,11.2724043715847,538.7,15.69,16.55
Euro,Barley,Germany,2021,19.84,9.788767123287672,661.1,15.03,15.69
Euro,Barley,Germany,2022,28.58,10.990958904109588,489.0,19.84,15.03
Euro,Barley,Germany,2023,18.97,11.14,830.9,28.58,19.84
Euro,Barley,Germany,2024,20.38,11.74672131147541,647.3,18.97,28.58
Euro,Durum wheat,Germany,2020,22.0,11.2724043715847,538.7,21.5,21.0
Euro,Durum wheat,Germany,2021,21.4,9.788767123287672,661.1,22.0,21.5
Euro,Durum wheat,Germany,2022,39.1,10.990958904109588,489.0,21.4,22.0
Euro,Durum wheat,Germany,2023,46.1,11.14,830.9,39.1,21.4
Euro,Durum wheat,Germany,2024,45.7,11.74672131147541,647.3,46.1,39.1
Euro,Feed barley,Germany,2017,13.61,9.966575342465754,836.0,12.6,14.53
Euro,Feed barley,Germany,2018,16.55,11.186849315068493,412.5,13.61,12.6
Euro,Feed barley,Germany,2019,15.69,11.452054794520548,532.0,16.55,13.61
Euro,Feed barley,Germany,2020,15.03,11.2724043715847,538.7,15.69,16.55
Euro,Feed barley,Germany,2021,19.84,9.788767123287672,661.1,15.03,15.69
Euro,Feed barley,Germany,2022,28.58,10.990958904109588,489.0,19.84,15.03
Euro,Feed barley,Germany,2023,18.97,11.14,830.9,28.58,19.84
Euro,Feed barley,Germany,2024,16.16,11.74672131147541,647.3,18.97,28.58
Euro,Rye,Germany,2017,13.95,9.966575342465754,836.0,12.2,13.25
Euro,Rye,Germany,2018,15.99,11.186849315068493,412.5,13.95,12.2
Euro,Rye,Germany,2019,15.14,11.452054794520548,532.0,15.99,13.95
Euro,Rye,Germany,2020,13.88,11.2724043715847,538.7,15.14,15.99
Euro,Rye,Germany,2021,17.93,9.788767123287672,661.1,13.88,15.14
Euro,Rye,Germany,2022,28.22,10.990958904109588,489.0,17.93,13.88
Euro,Rye,Germany,2023,19.04,11.14,830.9,28.22,17.93
Euro,Rye,Germany,2024,15.7,11.74672131147541,647.3,19.04,28.22
Euro,Soft wheat,Germany,2017,15.13,9.966575342465754,836.0,14.05,16.15
Euro,Soft wheat,Germany,2018,16.84,11.186849315068493,412.5,15.13,14.05
Euro,Soft wheat,Germany,2019,16.69,11.452054794520548,532.0,16.84,15.13
Euro,Soft wheat,Germany,2020,17.21,11.2724043715847,538.7,16.69,16.84
Euro,Soft wheat,Germany,2021,21.96,9.788767123287672,661.1,17.21,16.69
Euro,Soft wheat,Germany,2022,32.1,10.990958904109588,489.0,21.96,17.21
Euro,Soft wheat,Germany,2023,25.64,11.14,830.9,32.1,21.96
Euro,Soft wheat,Germany,2024,23.97,11.74672131147541,647.3,25.64,32.1
Euro,Barley,Greece,2017,15.83,17.715616438356165,461.5,16.2,16.72
Euro,Barley,Greece,2018,15.61,18.075342465753423,593.0,15.83,16.2
Euro,Barley,Greece,2019,16.22,17.815068493150687,715.6,15.61,15.83
Euro,Barley,Greece,2020,15.6,17.75846994535519,579.6,16.22,15.61
Euro,Barley,Greece,2021,19.25,17.90986301369863,511.9,15.6,16.22
Euro,Barley,Greece,2022,30.52,17.728219178082192,353.3,19.25,15.6
Euro,Barley,Greece,2023,19.16,18.416986301369864,561.4,30.52,19.25
Euro,Barley,Greece,2024,18.67,19.231147540983606,486.0,19.16,30.52
Euro,Durum wheat,Greece,2017,19.43,17.715616438356165,461.5,18.86,23.93
Euro,Durum wheat,Greece,2018,18.83,18.075342465753423,593.0,19.43,18.86
Euro,Durum wheat,Greece,2019,20.24,17.815068493150687,715.6,18.83,19.43
Euro,Durum wheat,Greece,2020,23.01,17.75846994535519,579.6,20.24,18.83
Euro,Durum wheat,Greece,2021,33.14,17.90986301369863,511.9,23.01,20.24
Euro,Durum wheat,Greece,2022,43.23,17.728219178082192,353.3,33.14,23.01
Euro,Durum wheat,Greece,2023,32.32,18.416986301369864,561.4,43.23,33.14
Euro,Durum wheat,Greece,2024,26.02,19.231147540983606,486.0,32.32,43.23
Euro,Feed barley,Greece,2017,15.52,17.715616438356165,461.5,15.87,16.39
Euro,Feed barley,Greece,2018,15.29,18.075342465753423,593.0,15.52,15.87
Euro,Feed barley,Greece,2019,15.89,17.815068493150687,715.6,15.29,15.52
Euro,Feed barley,Greece,2020,15.29,17.75846994535519,579.6,15.89,15.29
Euro,Feed barley,Greece,2021,18.87,17.90986301369863,511.9,15.29,15.89
Euro,Feed barley,Greece,2022,29.91,17.728219178082192,353.3,18.87,15.29
Euro,Feed barley,Greece,2023,18.77,18.416986301369864,561.4,29.91,18.87
Euro,Feed barley,Greece,2024,18.29,19.231147540983606,486.0,18.77,29.91
Euro,Rye,Greece,2017,12.71,17.715616438356165,461.5,13.15,12.34
Euro,Rye,Greece,2018,13.79,18.075342465753423,593.0,12.71,13.15
Euro,Rye,Greece,2019,16.22,17.815068493150687,715.6,13.79,12.71
Euro,Rye,Greece,2020,15.88,17.75846994535519,579.6,16.22,13.79
Euro,Rye,Greece,2021,17.35,17.90986301369863,511.9,15.88,16.22
Euro,Rye,Greece,2022,26.25,17.728219178082192,353.3,17.35,15.88
Euro,Rye,Greece,2023,17.69,18.416986301369864,561.4,26.25,17.35
Euro,Rye,Greece,2024,16.78,19.231147540983606,486.0,17.69,26.25
Euro,Soft wheat,Greece,2017,18.84,17.715616438356165,461.5,18.52,19.4
Euro,Soft wheat,Greece,2018,18.45,18.075342465753423,593.0,18.84,18.52
Euro,Soft wheat,Greece,2019,19.08,17.815068493150687,715.6,18.45,18.84
Euro,Soft wheat,Greece,2020,19.77,17.75846994535519,579.6,19.08,18.45
Euro,Soft wheat,Greece,2021,23.27,17.90986301369863,511.9,19.77,19.08
Euro,Soft wheat,Greece,2022,38.3,17.728219178082192,353.3,23.27,19.77
Euro,Soft wheat,Greece,2023,25.88,18.416986301369864,561.4,38.3,23.27
Euro,Soft wheat,Greece,2024,23.14,19.231147540983606,486.0,25.88,38.3
Euro,Barley,Hungary,2017,11.69,11.373698630136984,675.9,11.79,13.51
Euro,Barley,Hungary,2018,13.55,12.382191780821918,692.0,11.69,11.79
Euro,Barley,Hungary,2019,13.57,12.407945205479452,730.0,13.55,11.69
Euro,Barley,Hungary,2020,12.68,11.935245901639345,700.4,13.57,13.55
Euro,Barley,Hungary,2021,16.47,11.133972602739728,512.9,12.68,13.57
Euro,Barley,Hungary,2022,27.54,12.287397260273972,579.0,16.47,12.68
Euro,Barley,Hungary,2023,15.19,12.50164383561644,952.9,27.54,16.47
Euro,Barley,Hungary,2024,14.26,13.015573770491804,616.1,15.19,27.54
Euro,Durum wheat,Hungary,2017,14.12,11.373698630136984,675.9,16.75,22.56
Euro,Durum wheat,Hungary,2018,18.83,12.382191780821918,692.0,14.12,16.75
Euro,Durum wheat,Hungary,2019,19.82,12.407945205479452,730.0,18.83,14.12
Euro,Durum wheat,Hungary,2020,24.79,11.935245901639345,700.4,19.82,18.83
Euro,Durum wheat,Hungary,2021,31.09,11.133972602739728,512.9,24.79,19.82
Euro,Durum wheat,Hungary,2022,51.45,12.287397260273972,579.0,31.09,24.79
Euro,Durum wheat,Hungary,2023,28.17,12.50164383561644,952.9,51.45,31.09
Euro,Durum wheat,Hungary,2024,26.15,13.015573770491804,616.1,28.17,51.45
Euro,Feed barley,Hungary,2018,13.5,12.382191780821918,692.0,11.76,13.34
Euro,Feed barley,Hungary,2019,13.55,12.407945205479452,730.0,13.5,11.76
Euro,Feed barley,Hungary,2020,12.67,11.935245901639345,700.4,13.55,13.5
Euro,Feed barley,Hungary,2021,16.44,11.133972602739728,512.9,12.67,13.55
Euro,Feed barley,Hungary,2022,27.38,12.287397260273972,579.0,16.44,12.67
Euro,Feed barley,Hungary,2023,15.12,12.50164383561644,952.9,27.38,16.44
Euro,Feed barley,Hungary,2024,14.2,13.015573770491804,616.1,15.12,27.38
Euro,Rye,Hungary,2017,11.98,11.373698630136984,675.9,11.46,12.61
Euro,Rye,Hungary,2018,14.46,12.382191780821918,692.0,11.98,11.46
Euro,Rye,Hungary,2019,14.31,12.407945205479452,730.0,14.46,11.98
Euro,Rye,Hungary,2020,12.45,11.935245901639345,700.4,14.31,14.46
Euro,Rye,Hungary,2021,16.17,11.133972602739728,512.9,12.45,14.31
Euro,Rye,Hungary,2022,29.63,12.287397260273972,579.0,16.17,12.45
Euro,Rye,Hungary,2023,13.96,12.50164383561644,952.9,29.63,16.17
Euro,Rye,Hungary,2024,14.48,13.015573770491804,616.1,13.96,29.63
Euro,Soft wheat,Hungary,2017,14.02,11.373698630136984,675.9,12.77,15.58
Euro,Soft wheat,Hungary,2018,15.27,12.382191780821918,692.0,14.02,12.77
Euro,Soft wheat,Hungary,2019,15.47,12.407945205479452,730.0,15.27,14.02
Euro,Soft wheat,Hungary,2020,15.35,11.935245901639345,700.4,15.47,15.27
Euro,Soft wheat,Hungary,2021,19.99,11.133972602739728,512.9,15.35,15.47
Euro,Soft wheat,Hungary,2022,32.39,12.287397260273972,579.0,19.99,15.35
Euro,Soft wheat,Hungary,2023,20.13,12.50164383561644,952.9,32.39,19.99
Euro,Soft wheat,Hungary,2024,17.83,13.015573770491804,616.1,20.13,32.39
Euro,Barley,Ireland,2017,15.36,10.813698630136988,934.1,21.55,21.55
Euro,Barley,Ireland,2018,22.27,10.692054794520548,920.8,15.36,21.55
Euro,Barley,Ireland,2019,17.64,10.61890410958904,973.8,22.27,15.36
Euro,Barley,Ireland,2020,17.28,10.652732240437158,900.1,17.64,22.27
Euro,Barley,Ireland,2021,23.49,10.792054794520547,841.0,17.28,17.64
Euro,Barley,Ireland,2022,36.28,11.20082191780822,919.9,23.49,17.28
Euro,Barley,Ireland,2023,27.06,11.418082191780822,1089.1,36.28,23.49
Euro,Barley,Ireland,2024,24.53,11.059016393442622,975.0,27.06,36.28
Euro,Feed barley,Ireland,2017,21.55,10.813698630136988,934.1,21.55,21.55
Euro,Feed barley,Ireland,2018,21.55,10.692054794520548,920.8,21.55,21.55
Euro,Feed barley,Ireland,2019,21.55,10.61890410958904,973.8,21.55,21.55
Euro,Feed barley,Ireland,2020,21.55,10.652732240437158,900.1,21.55,21.55
Euro,Feed barley,Ireland,2021,21.55,10.792054794520547,841.0,21.55,21.55
Euro,Feed barley,Ireland,2022,21.55,11.20082191780822,919.9,21.55,21.55
Euro,Feed barley,Ireland,2023,21.55,11.418082191780822,1089.1,21.55,21.55
Euro,Feed barley,Ireland,2024,20.37,11.059016393442622,975.0,21.55,21.55
Euro,Durum wheat,Italy,2017,21.78,16.183013698630138,583.3,22.41,30.04
Euro,Durum wheat,Italy,2018,21.79,16.489315068493152,1130.7,21.78,22.41
Euro,Durum wheat,Italy,2019,23.52,16.43013698630137,943.4,21.79,21.78
Euro,Durum wheat,Italy,2020,27.43,16.331967213114755,888.3,23.52,21.79
Euro,Durum wheat,Italy,2021,36.56,16.15068493150685,913.9,27.43,23.52
Euro,Durum wheat,Italy,2022,48.67,17.20794520547945,899.0,36.56,27.43
Euro,Durum wheat,Italy,2023,37.72,16.863835616438358,925.1,48.67,36.56
Euro,Durum wheat,Italy,2024,33.59,17.207377049180327,875.6,37.72,48.67
Euro,Soft wheat,Italy,2017,18.77,16.183013698630138,583.3,17.82,19.47
Euro,Soft wheat,Italy,2018,19.82,16.489315068493152,1130.7,18.77,17.82
Euro,Soft wheat,Italy,2019,19.94,16.43013698630137,943.4,19.82,18.77
Euro,Soft wheat,Italy,2020,19.81,16.331967213114755,888.3,19.94,19.82
Euro,Soft wheat,Italy,2021,24.92,16.15068493150685,913.9,19.81,19.94
Euro,Soft wheat,Italy,2022,35.97,17.20794520547945,899.0,24.92,19.81
Euro,Soft wheat,Italy,2023,26.55,16.863835616438358,925.1,35.97,24.92
Euro,Soft wheat,Italy,2024,23.93,17.207377049180327,875.6,26.55,35.97
Euro,Barley,Latvia,2017,12.72,7.337534246575342,795.4,12.16,13.3
Euro,Barley,Latvia,2018,16.19,8.311780821917809,546.9,12.72,12.16
Euro,Barley,Latvia,2019,14.1,8.65972602739726,718.7,16.19,12.72
Euro,Barley,Latvia,2020,14.27,9.12377049180328,702.2,14.1,16.19
Euro,Barley,Latvia,2021,18.44,7.433698630136987,797.1,14.27,14.1
Euro,Barley,Latvia,2022,27.25,7.79013698630137,747.8,18.44,14.27
Euro,Barley,Latvia,2023,18.06,8.297808219178082,860.9,27.25,18.44
Euro,Barley,Latvia,2024,15.13,9.216666666666669,799.6,18.06,27.25
Euro,Feed barley,Latvia,2017,12.61,7.337534246575342,795.4,12.08,13.24
Euro,Feed barley,Latvia,2018,16.04,8.311780821917809,546.9,12.61,12.08
Euro,Feed barley,Latvia,2019,13.88,8.65972602739726,718.7,16.04,12.61
Euro,Feed barley,Latvia,2020,14.19,9.12377049180328,702.2,13.88,16.04
Euro,Feed barley,Latvia,2021,18.4,7.433698630136987,797.1,14.19,13.88
Euro,Feed barley,Latvia,2022,27.12,7.79013698630137,747.8,18.4,14.19
Euro,Feed barley,Latvia,2023,17.83,8.297808219178082,860.9,27.12,18.4
Euro,Feed barley,Latvia,2024,14.79,9.216666666666669,799.6,17.83,27.12
Euro,Rye,Latvia,2017,11.74,7.337534246575342,795.4,10.81,11.73
Euro,Rye,Latvia,2018,14.19,8.311780821917809,546.9,11.74,10.81
Euro,Rye,Latvia,2019,12.27,8.65972602739726,718.7,14.19,11.74
Euro,Rye,Latvia,2020,11.69,9.12377049180328,702.2,12.27,14.19
Euro,Rye,Latvia,2021,15.25,7.433698630136987,797.1,11.69,12.27
Euro,Rye,Latvia,2022,24.01,7.79013698630137,747.8,15.25,11.69
Euro,Rye,Latvia,2023,16.49,8.297808219178082,860.9,24.01,15.25
Euro,Rye,Latvia,2024,12.95,9.216666666666669,799.6,16.49,24.01
Euro,Soft wheat,Latvia,2017,14.82,7.337534246575342,795.4,13.46,14.85
Euro,Soft wheat,Latvia,2018,17.17,8.311780821917809,546.9,14.82,13.46
Euro,Soft wheat,Latvia,2019,16.28,8.65972602739726,718.7,17.17,14.82
Euro,Soft wheat,Latvia,2020,17.04,9.12377049180328,702.2,16.28,17.17
Euro,Soft wheat,Latvia,2021,20.2,7.433698630136987,797.1,17.04,16.28
Euro,Soft wheat,Latvia,2022,28.96,7.79013698630137,747.8,20.2,17.04
Euro,Soft wheat,Latvia,2023,21.17,8.297808219178082,860.9,28.96,20.2
Euro,Soft wheat,Latvia,2024,19.7,9.216666666666669,799.6,21.17,28.96
Euro,Barley,Lithuania,2017,13.8,7.281917808219179,936.3,12.83,14.35
Euro,Barley,Lithuania,2018,17.06,7.990958904109589,679.3,13.8,12.83
Euro,Barley,Lithuania,2019,14.66,8.721917808219178,657.4,17.06,13.8
Euro,Barley,Lithuania,2020,14.25,9.042896174863388,630.6,14.66,17.06
Euro,Barley,Lithuania,2021,18.19,6.885479452054794,910.4,14.25,14.66
Euro,Barley,Lithuania,2022,28.69,7.472876712328767,824.4,18.19,14.25
Euro,Barley,Lithuania,2023,20.26,8.623561643835616,836.4,28.69,18.19
Euro,Barley,Lithuania,2024,17.34,9.405737704918034,767.5,20.26,28.69
Euro,Feed barley,Lithuania,2017,12.92,7.281917808219179,936.3,11.5,13.72
Euro,Feed barley,Lithuania,2018,16.07,7.990958904109589,679.3,12.92,11.5
Euro,Feed barley,Lithuania,2019,13.9,8.721917808219178,657.4,16.07,12.92
Euro,Feed barley,Lithuania,2020,13.83,9.042896174863388,630.6,13.9,16.07
Euro,Feed barley,Lithuania,2021,17.69,6.885479452054794,910.4,13.83,13.9
Euro,Feed barley,Lithuania,2022,27.46,7.472876712328767,824.4,17.69,13.83
Euro,Feed barley,Lithuania,2023,17.73,8.623561643835616,836.4,27.46,17.69
Euro,Feed barley,Lithuania,2024,15.05,9.405737704918034,767.5,17.73,27.46
Euro,Rye,Lithuania,2017,12.39,7.281917808219179,936.3,10.97,11.4
Euro,Rye,Lithuania,2018,14.12,7.990958904109589,679.3,12.39,10.97
Euro,Rye,Lithuania,2019,11.94,8.721917808219178,657.4,14.12,12.39
Euro,Rye,Lithuania,2020,11.39,9.042896174863388,630.6,11.94,14.12
Euro,Rye,Lithuania,2021,14.28,6.885479452054794,910.4,11.39,11.94
Euro,Rye,Lithuania,2022,24.05,7.472876712328767,824.4,14.28,11.39
Euro,Rye,Lithuania,2023,14.45,8.623561643835616,836.4,24.05,14.28
Euro,Rye,Lithuania,2024,13.14,9.405737704918034,767.5,14.45,24.05
Euro,Soft wheat,Lithuania,2017,15.49,7.281917808219179,936.3,14.5,16.22
Euro,Soft wheat,Lithuania,2018,17.16,7.990958904109589,679.3,15.49,14.5
Euro,Soft wheat,Lithuania,2019,16.25,8.721917808219178,657.4,17.16,15.49
Euro,Soft wheat,Lithuania,2020,16.73,9.042896174863388,630.6,16.25,17.16
Euro,Soft wheat,Lithuania,2021,20.16,6.885479452054794,910.4,16.73,16.25
Euro,Soft wheat,Lithuania,2022,31.74,7.472876712328767,824.4,20.16,16.73
Euro,Soft wheat,Lithuania,2023,22.97,8.623561643835616,836.4,31.74,20.16
Euro,Soft wheat,Lithuania,2024,20.03,9.405737704918034,767.5,22.97,31.74
Euro,Barley,Luxembourg,2017,12.52,9.849863013698627,831.7,11.3,14.21
Euro,Barley,Luxembourg,2018,15.18,10.63890410958904,819.1,12.52,11.3
Euro,Barley,Luxembourg,2019,13.32,10.202739726027398,948.3,15.18,12.52
Euro,Barley,Luxembourg,2020,14.21,10.872677595628415,872.2,13.32,15.18
Euro,Barley,Luxembourg,2021,14.18,9.315068493150685,997.3,14.21,13.32
Euro,Barley,Luxembourg,2022,14.18,10.976712328767125,772.9,14.18,14.21
Euro,Barley,Luxembourg,2023,14.18,10.88986301369863,993.5,14.18,14.18
Euro,Barley,Luxembourg,2024,14.18,10.530054644808745,1096.3,14.18,14.18
Euro,Durum wheat,Luxembourg,2023,14.18,10.88986301369863,993.5,14.18,14.18
Euro,Durum wheat,Luxembourg,2024,14.18,10.530054644808745,1096.3,14.18,14.18
Euro,Feed barley,Luxembourg,2017,12.53,9.849863013698627,831.7,11.26,14.17
Euro,Feed barley,Luxembourg,2018,15.17,10.63890410958904,819.1,12.53,11.26
Euro,Feed barley,Luxembourg,2019,13.31,10.202739726027398,948.3,15.17,12.53
Euro,Feed barley,Luxembourg,2020,14.19,10.872677595628415,872.2,13.31,15.17
Euro,Feed barley,Luxembourg,2021,14.18,9.315068493150685,997.3,14.19,13.31
Euro,Feed barley,Luxembourg,2022,14.18,10.976712328767125,772.9,14.18,14.19
Euro,Feed barley,Luxembourg,2023,14.18,10.88986301369863,993.5,14.18,14.18
Euro,Feed barley,Luxembourg,2024,14.18,10.530054644808745,1096.3,14.18,14.18
Euro,Rye,Luxembourg,2017,12.72,9.849863013698627,831.7,11.44,13.02
Euro,Rye,Luxembourg,2018,15.65,10.63890410958904,819.1,12.72,11.44
Euro,Rye,Luxembourg,2019,12.75,10.202739726027398,948.3,15.65,12.72
Euro,Rye,Luxembourg,2020,13.54,10.872677595628415,872.2,12.75,15.65
Euro,Rye,Luxembourg,2021,14.18,9.315068493150685,997.3,13.54,12.75
Euro,Rye,Luxembourg,2022,14.18,10.976712328767125,772.9,14.18,13.54
Euro,Rye,Luxembourg,2023,14.18,10.88986301369863,993.5,14.18,14.18
Euro,Rye,Luxembourg,2024,14.18,10.530054644808745,1096.3,14.18,14.18
Euro,Soft wheat,Luxembourg,2017,15.0,9.849863013698627,831.7,14.35,15.6
Euro,Soft wheat,Luxembourg,2018,17.93,10.63890410958904,819.1,15.0,14.35
Euro,Soft wheat,Luxembourg,2019,15.82,10.202739726027398,948.3,17.93,15.0
Euro,Soft wheat,Luxembourg,2020,17.18,10.872677595628415,872.2,15.82,17.93
Euro,Soft wheat,Luxembourg,2021,14.18,9.315068493150685,997.3,17.18,15.82
Euro,Soft wheat,Luxembourg,2022,14.18,10.976712328767125,772.9,14.18,17.18
Euro,Soft wheat,Luxembourg,2023,14.18,10.88986301369863,993.5,14.18,14.18
Euro,Soft wheat,Luxembourg,2024,14.18,10.530054644808745,1096.3,14.18,14.18
Euro,Feed barley,Netherlands,2017,14.15,10.786849315068492,925.0,13.35,15.15
Euro,Feed barley,Netherlands,2018,19.15,11.153150684931507,727.2,14.15,13.35
Euro,Feed barley,Netherlands,2019,15.25,11.005205479452057,965.1,19.15,14.15
Euro,Feed barley,Netherlands,2020,16.5,11.44535519125683,923.1,15.25,19.15
Euro,Feed barley,Netherlands,2021,22.9,10.286575342465753,943.9,16.5,15.25
Euro,Feed barley,Netherlands,2022,29.0,11.324931506849316,802.0,22.9,16.5
Euro,Feed barley,Netherlands,2023,20.35,11.512602739726027,1241.5,29.0,22.9
Euro,Feed barley,Netherlands,2024,18.5,11.558743169398907,1154.0,20.35,29.0
Euro,Soft wheat,Netherlands,2017,15.25,10.786849315068492,925.0,14.9,15.6
Euro,Soft wheat,Netherlands,2018,19.4,11.153150684931507,727.2,15.25,14.9
Euro,Soft wheat,Netherlands,2019,16.2,11.005205479452057,965.1,19.4,15.25
Euro,Soft wheat,Netherlands,2020,18.4,11.44535519125683,923.1,16.2,19.4
Euro,Soft wheat,Netherlands,2021,24.35,10.286575342465753,943.9,18.4,16.2
Euro,Soft wheat,Netherlands,2022,31.0,11.324931506849316,802.0,24.35,18.4
Euro,Soft wheat,Netherlands,2023,22.15,11.512602739726027,1241.5,31.0,24.35
Euro,Soft wheat,Netherlands,2024,20.0,11.558743169398907,1154.0,22.15,31.0
Euro,Barley,Poland,2017,14.43,9.268219178082193,919.3,13.39,14.63
Euro,Barley,Poland,2018,16.03,10.362191780821917,637.2,14.43,13.39
Euro,Barley,Poland,2019,15.68,10.867671232876711,604.7,16.03,14.43
Euro,Barley,Poland,2020,14.32,10.477868852459016,780.3,15.68,16.03
Euro,Barley,Poland,2021,17.14,8.926849315068493,765.4,14.32,15.68
Euro,Barley,Poland,2022,27.73,9.73150684931507,657.7,17.14,14.32
Euro,Barley,Poland,2023,19.36,10.610958904109587,755.0,27.73,17.14
Euro,Barley,Poland,2024,17.29,11.457377049180328,628.6,19.36,27.73
Euro,Feed barley,Poland,2017,13.8,9.268219178082193,919.3,12.28,13.62
Euro,Feed barley,Poland,2018,15.72,10.362191780821917,637.2,13.8,12.28
Euro,Feed barley,Poland,2019,15.42,10.867671232876711,604.7,15.72,13.8
Euro,Feed barley,Poland,2020,13.94,10.477868852459016,780.3,15.42,15.72
Euro,Feed barley,Poland,2021,17.2,8.926849315068493,765.4,13.94,15.42
Euro,Feed barley,Poland,2022,26.67,9.73150684931507,657.7,17.2,13.94
Euro,Feed barley,Poland,2023,18.08,10.610958904109587,755.0,26.67,17.2
Euro,Feed barley,Poland,2024,15.99,11.457377049180328,628.6,18.08,26.67
Euro,Rye,Poland,2017,12.88,9.268219178082193,919.3,11.87,12.31
Euro,Rye,Poland,2018,14.0,10.362191780821917,637.2,12.88,11.87
Euro,Rye,Poland,2019,14.05,10.867671232876711,604.7,14.0,12.88
Euro,Rye,Poland,2020,12.6,10.477868852459016,780.3,14.05,14.0
Euro,Rye,Poland,2021,16.51,8.926849315068493,765.4,12.6,14.05
Euro,Rye,Poland,2022,25.78,9.73150684931507,657.7,16.51,12.6
Euro,Rye,Poland,2023,15.96,10.610958904109587,755.0,25.78,16.51
Euro,Rye,Poland,2024,13.78,11.457377049180328,628.6,15.96,25.78
Euro,Soft wheat,Poland,2017,15.62,9.268219178082193,919.3,14.23,16.0
Euro,Soft wheat,Poland,2018,17.04,10.362191780821917,637.2,15.62,14.23
Euro,Soft wheat,Poland,2019,16.81,10.867671232876711,604.7,17.04,15.62
Euro,Soft wheat,Poland,2020,16.85,10.477868852459016,780.3,16.81,17.04
Euro,Soft wheat,Poland,2021,21.2,8.926849315068493,765.4,16.85,16.81
Euro,Soft wheat,Poland,2022,32.44,9.73150684931507,657.7,21.2,16.85
Euro,Soft wheat,Poland,2023,21.75,10.610958904109587,755.0,32.44,21.2
Euro,Soft wheat,Poland,2024,19.19,11.457377049180328,628.6,21.75,32.44
Euro,Barley,Portugal,2017,17.78,17.121917808219177,410.0,18.99,19.61
Euro,Barley,Portugal,2018,19.21,16.42931506849315,634.1,17.78,18.99
Euro,Barley,Portugal,2019,19.41,16.627123287671232,487.7,19.21,17.78
Euro,Barley,Portugal,2020,19.0,17.023224043715846,562.8,19.41,19.21
Euro,Barley,Portugal,2021,22.68,16.65150684931507,554.4,19.0,19.41
Euro,Barley,Portugal,2022,39.0,17.36931506849315,773.0,22.68,19.0
Euro,Barley,Portugal,2023,26.25,17.526301369863013,462.5,39.0,22.68
Euro,Barley,Portugal,2024,23.85,17.315027322404372,595.9,26.25,39.0
Euro,Durum wheat,Portugal,2017,23.0,17.121917808219177,410.0,23.5,27.99
Euro,Durum wheat,Portugal,2018,21.81,16.42931506849315,634.1,23.0,23.5
Euro,Durum wheat,Portugal,2019,22.97,16.627123287671232,487.7,21.81,23.0
Euro,Durum wheat,Portugal,2020,23.0,17.023224043715846,562.8,22.97,21.81
Euro,Durum wheat,Portugal,2021,27.37,16.65150684931507,554.4,23.0,22.97
Euro,Durum wheat,Portugal,2022,49.73,17.36931506849315,773.0,27.37,23.0
Euro,Durum wheat,Portugal,2023,38.48,17.526301369863013,462.5,49.73,27.37
Euro,Durum wheat,Portugal,2024,25.5,17.315027322404372,595.9,38.48,49.73
Euro,Feed barley,Portugal,2017,16.5,17.121917808219177,410.0,18.96,18.0
Euro,Feed barley,Portugal,2018,17.04,16.42931506849315,634.1,16.5,18.96
Euro,Feed barley,Portugal,2019,17.0,16.627123287671232,487.7,17.04,16.5
Euro,Feed barley,Portugal,2020,19.0,17.023224043715846,562.8,17.0,17.04
Euro,Feed barley,Portugal,2021,22.3,16.65150684931507,554.4,19.0,17.0
Euro,Feed barley,Portugal,2022,39.0,17.36931506849315,773.0,22.3,19.0
Euro,Feed barley,Portugal,2023,26.25,17.526301369863013,462.5,39.0,22.3
Euro,Feed barley,Portugal,2024,23.85,17.315027322404372,595.9,26.25,39.0
Euro,Rye,Portugal,2017,19.0,17.121917808219177,410.0,20.0,19.69
Euro,Rye,Portugal,2018,18.84,16.42931506849315,634.1,19.0,20.0
Euro,Rye,Portugal,2019,17.0,16.627123287671232,487.7,18.84,19.0
Euro,Rye,Portugal,2020,16.0,17.023224043715846,562.8,17.0,18.84
Euro,Rye,Portugal,2021,18.0,16.65150684931507,554.4,16.0,17.0
Euro,Rye,Portugal,2022,26.96,17.36931506849315,773.0,18.0,16.0
Euro,Rye,Portugal,2023,27.5,17.526301369863013,462.5,26.96,18.0
Euro,Rye,Portugal,2024,21.75,17.315027322404372,595.9,27.5,26.96
Euro,Soft wheat,Portugal,2017,17.82,17.121917808219177,410.0,17.06,18.84
Euro,Soft wheat,Portugal,2018,18.45,16.42931506849315,634.1,17.82,17.06
Euro,Soft wheat,Portugal,2019,20.72,16.627123287671232,487.7,18.45,17.82
Euro,Soft wheat,Portugal,2020,20.05,17.023224043715846,562.8,20.72,18.45
Euro,Soft wheat,Portugal,2021,23.26,16.65150684931507,554.4,20.05,20.72
Euro,Soft wheat,Portugal,2022,38.83,17.36931506849315,773.0,23.26,20.05
Euro,Soft wheat,Portugal,2023,26.92,17.526301369863013,462.5,38.83,23.26
Euro,Soft wheat,Portugal,2024,22.43,17.315027322404372,595.9,26.92,38.83
Euro,Barley,Romania,2017,16.85,11.641917808219178,795.5,17.82,19.35
Euro,Barley,Romania,2018,17.62,12.294246575342465,698.3,16.85,17.82
Euro,Barley,Romania,2019,18.54,13.024109589041096,617.9,17.62,16.85
Euro,Barley,Romania,2020,18.39,13.182513661202186,620.7,18.54,17.62
Euro,Barley,Romania,2021,20.32,11.9,671.3,18.39,18.54
Euro,Barley,Romania,2022,27.58,12.906575342465752,444.3,20.32,18.39
Euro,Barley,Romania,2023,23.05,13.807671232876713,597.1,27.58,20.32
Euro,Barley,Romania,2024,17.09,14.09672131147541,562.6,23.05,27.58
Euro,Feed barley,Romania,2017,18.17,11.641917808219178,795.5,18.48,20.02
Euro,Feed barley,Romania,2018,18.26,12.294246575342465,698.3,18.17,18.48
Euro,Feed barley,Romania,2019,18.97,13.024109589041096,617.9,18.26,18.17
Euro,Feed barley,Romania,2020,20.05,13.182513661202186,620.7,18.97,18.26
Euro,Feed barley,Romania,2021,21.54,11.9,671.3,20.05,18.97
Euro,Feed barley,Romania,2022,27.38,12.906575342465752,444.3,21.54,20.05
Euro,Feed barley,Romania,2023,22.03,13.807671232876713,597.1,27.38,21.54
Euro,Feed barley,Romania,2024,16.08,14.09672131147541,562.6,22.03,27.38
Euro,Soft wheat,Romania,2017,14.23,11.641917808219178,795.5,14.03,16.65
Euro,Soft wheat,Romania,2018,14.61,12.294246575342465,698.3,14.23,14.03
Euro,Soft wheat,Romania,2019,15.38,13.024109589041096,617.9,14.61,14.23
Euro,Soft wheat,Romania,2020,16.33,13.182513661202186,620.7,15.38,14.61
Euro,Soft wheat,Romania,2021,19.51,11.9,671.3,16.33,15.38
Euro,Soft wheat,Romania,2022,30.22,12.906575342465752,444.3,19.51,16.33
Euro,Soft wheat,Romania,2023,22.24,13.807671232876713,597.1,30.22,19.51
Euro,Soft wheat,Romania,2024,18.09,14.09672131147541,562.6,22.24,30.22
Euro,Barley,Slovakia,2017,15.36,11.349315068493151,556.2,13.97,15.14
Euro,Barley,Slovakia,2018,16.27,12.344109589041096,573.4,15.36,13.97
Euro,Barley,Slovakia,2019,16.62,12.077260273972602,630.5,16.27,15.36
Euro,Barley,Slovakia,2020,15.54,11.560382513661205,716.9,16.62,16.27
Euro,Barley,Slovakia,2021,17.68,10.789315068493153,611.2,15.54,16.62
Euro,Barley,Slovakia,2022,30.07,11.93917808219178,527.6,17.68,15.54
Euro,Barley,Slovakia,2023,22.11,12.217260273972602,735.4,30.07,17.68
Euro,Barley,Slovakia,2024,19.07,12.7672131147541,721.5,22.11,30.07
Euro,Feed barley,Slovakia,2017,12.09,11.349315068493151,556.2,11.27,12.61
Euro,Feed barley,Slovakia,2018,13.4,12.344109589041096,573.4,12.09,11.27
Euro,Feed barley,Slovakia,2019,13.52,12.077260273972602,630.5,13.4,12.09
Euro,Feed barley,Slovakia,2020,12.42,11.560382513661205,716.9,13.52,13.4
Euro,Feed barley,Slovakia,2021,15.51,10.789315068493153,611.2,12.42,13.52
Euro,Feed barley,Slovakia,2022,24.43,11.93917808219178,527.6,15.51,12.42
Euro,Feed barley,Slovakia,2023,16.64,12.217260273972602,735.4,24.43,15.51
Euro,Feed barley,Slovakia,2024,17.89,12.7672131147541,721.5,16.64,24.43
Euro,Rye,Slovakia,2017,13.7,11.349315068493151,556.2,11.53,13.05
Euro,Rye,Slovakia,2018,14.18,12.344109589041096,573.4,13.7,11.53
Euro,Rye,Slovakia,2019,14.13,12.077260273972602,630.5,14.18,13.7
Euro,Rye,Slovakia,2020,13.61,11.560382513661205,716.9,14.13,14.18
Euro,Rye,Slovakia,2021,14.51,10.789315068493153,611.2,13.61,14.13
Euro,Rye,Slovakia,2022,25.13,11.93917808219178,527.6,14.51,13.61
Euro,Rye,Slovakia,2023,19.54,12.217260273972602,735.4,25.13,14.51
Euro,Rye,Slovakia,2024,15.31,12.7672131147541,721.5,19.54,25.13
Euro,Soft wheat,Slovakia,2017,13.98,11.349315068493151,556.2,12.29,14.63
Euro,Soft wheat,Slovakia,2018,15.12,12.344109589041096,573.4,13.98,12.29
Euro,Soft wheat,Slovakia,2019,15.31,12.077260273972602,630.5,15.12,13.98
Euro,Soft wheat,Slovakia,2020,14.78,11.560382513661205,716.9,15.31,15.12
Euro,Soft wheat,Slovakia,2021,18.52,10.789315068493153,611.2,14.78,15.31
Euro,Soft wheat,Slovakia,2022,29.86,11.93917808219178,527.6,18.52,14.78
Euro,Soft wheat,Slovakia,2023,19.18,12.217260273972602,735.4,29.86,18.52
Euro,Soft wheat,Slovakia,2024,17.53,12.7672131147541,721.5,19.18,29.86
Euro,Barley,Slovenia,2017,12.88,10.505479452054796,1343.1,13.3,13.38
Euro,Barley,Slovenia,2018,14.24,11.096986301369864,1112.9,12.88,13.3
Euro,Barley,Slovenia,2019,13.72,11.093150684931508,1345.7,14.24,12.88
Euro,Barley,Slovenia,2020,12.54,10.800819672131148,1275.0,13.72,14.24
Euro,Barley,Slovenia,2021,16.83,10.262739726027398,1105.1,12.54,13.72
Euro,Barley,Slovenia,2022,27.83,11.501917808219178,940.5,16.83,12.54
Euro,Barley,Slovenia,2023,15.09,11.28109589041096,1601.0,27.83,16.83
Euro,Barley,Slovenia,2024,15.29,11.52295081967213,1304.0,15.09,27.83
Euro,Feed barley,Slovenia,2017,12.88,10.505479452054796,1343.1,13.3,13.38
Euro,Feed barley,Slovenia,2018,14.24,11.096986301369864,1112.9,12.88,13.3
Euro,Feed barley,Slovenia,2019,13.72,11.093150684931508,1345.7,14.24,12.88
Euro,Feed barley,Slovenia,2020,12.54,10.800819672131148,1275.0,13.72,14.24
Euro,Feed barley,Slovenia,2021,16.83,10.262739726027398,1105.1,12.54,13.72
Euro,Feed barley,Slovenia,2022,27.83,11.501917808219178,940.5,16.83,12.54
Euro,Feed barley,Slovenia,2023,15.09,11.28109589041096,1601.0,27.83,16.83
Euro,Feed barley,Slovenia,2024,15.16,11.52295081967213,1304.0,15.09,27.83
Euro,Rye,Slovenia,2017,15.16,10.505479452054796,1343.1,14.28,14.98
Euro,Rye,Slovenia,2018,15.16,11.096986301369864,1112.9,15.16,14.28
Euro,Rye,Slovenia,2019,15.16,11.093150684931508,1345.7,15.16,15.16
Euro,Rye,Slovenia,2020,15.46,10.800819672131148,1275.0,15.16,15.16
Euro,Rye,Slovenia,2021,19.03,10.262739726027398,1105.1,15.46,15.16
Euro,Rye,Slovenia,2022,31.6,11.501917808219178,940.5,19.03,15.46
Euro,Rye,Slovenia,2023,17.43,11.28109589041096,1601.0,31.6,19.03
Euro,Rye,Slovenia,2024,18.19,11.52295081967213,1304.0,17.43,31.6
Euro,Soft wheat,Slovenia,2017,15.4,10.505479452054796,1343.1,13.38,16.83
Euro,Soft wheat,Slovenia,2018,15.94,11.096986301369864,1112.9,15.4,13.38
Euro,Soft wheat,Slovenia,2019,16.32,11.093150684931508,1345.7,15.94,15.4
Euro,Soft wheat,Slovenia,2020,14.82,10.800819672131148,1275.0,16.32,15.94
Euro,Soft wheat,Slovenia,2021,18.78,10.262739726027398,1105.1,14.82,16.32
Euro,Soft wheat,Slovenia,2022,31.49,11.501917808219178,940.5,18.78,14.82
Euro,Soft wheat,Slovenia,2023,16.24,11.28109589041096,1601.0,31.49,18.78
Euro,Soft wheat,Slovenia,2024,18.61,11.52295081967213,1304.0,16.24,31.49
Euro,Barley,Spain,2017,16.51,15.903287671232876,356.8,15.13,17.4
Euro,Barley,Spain,2018,17.26,14.651232876712328,538.3,16.51,15.13
Euro,Barley,Spain,2019,17.51,15.424931506849315,373.1,17.26,16.51
Euro,Barley,Spain,2020,16.12,15.39863387978142,507.4,17.51,17.26
Euro,Barley,Spain,2021,21.97,15.012876712328769,553.6,16.12,17.51
Euro,Barley,Spain,2022,32.39,16.32904109589041,531.5,21.97,16.12
Euro,Barley,Spain,2023,24.54,15.87205479452055,516.7,32.39,21.97
Euro,Barley,Spain,2024,20.15,15.801092896174865,490.6,24.54,32.39
Euro,Durum wheat,Spain,2017,22.18,15.903287671232876,356.8,22.28,29.23
Euro,Durum wheat,Spain,2018,19.1,14.651232876712328,538.3,22.18,22.28
Euro,Durum wheat,Spain,2019,21.87,15.424931506849315,373.1,19.1,22.18
Euro,Durum wheat,Spain,2020,24.36,15.39863387978142,507.4,21.87,19.1
Euro,Durum wheat,Spain,2021,35.38,15.012876712328769,553.6,24.36,21.87
Euro,Durum wheat,Spain,2022,48.88,16.32904109589041,531.5,35.38,24.36
Euro,Durum wheat,Spain,2023,36.85,15.87205479452055,516.7,48.88,35.38
Euro,Durum wheat,Spain,2024,27.63,15.801092896174865,490.6,36.85,48.88
Euro,Feed barley,Spain,2017,16.15,15.903287671232876,356.8,14.6,17.07
Euro,Feed barley,Spain,2018,16.56,14.651232876712328,538.3,16.15,14.6
Euro,Feed barley,Spain,2019,16.9,15.424931506849315,373.1,16.56,16.15
Euro,Feed barley,Spain,2020,15.44,15.39863387978142,507.4,16.9,16.56
Euro,Feed barley,Spain,2021,21.23,15.012876712328769,553.6,15.44,16.9
Euro,Feed barley,Spain,2022,31.42,16.32904109589041,531.5,21.23,15.44
Euro,Feed barley,Spain,2023,23.87,15.87205479452055,516.7,31.42,21.23
Euro,Feed barley,Spain,2024,18.81,15.801092896174865,490.6,23.87,31.42
Euro,Rye,Spain,2017,15.66,15.903287671232876,356.8,13.46,16.38
Euro,Rye,Spain,2018,16.32,14.651232876712328,538.3,15.66,13.46
Euro,Rye,Spain,2019,16.33,15.424931506849315,373.1,16.32,15.66
Euro,Rye,Spain,2020,15.21,15.39863387978142,507.4,16.33,16.32
Euro,Rye,Spain,2021,20.01,15.012876712328769,553.6,15.21,16.33
Euro,Rye,Spain,2022,30.94,16.32904109589041,531.5,20.01,15.21
Euro,Rye,Spain,2023,23.56,15.87205479452055,516.7,30.94,20.01
Euro,Rye,Spain,2024,18.28,15.801092896174865,490.6,23.56,30.94
Euro,Soft wheat,Spain,2017,17.64,15.903287671232876,356.8,15.73,18.12
Euro,Soft wheat,Spain,2018,18.29,14.651232876712328,538.3,17.64,15.73
Euro,Soft wheat,Spain,2019,18.66,15.424931506849315,373.1,18.29,17.64
Euro,Soft wheat,Spain,2020,18.57,15.39863387978142,507.4,18.66,18.29
Euro,Soft wheat,Spain,2021,23.64,15.012876712328769,553.6,18.57,18.66
Euro,Soft wheat,Spain,2022,34.21,16.32904109589041,531.5,23.64,18.57
Euro,Soft wheat,Spain,2023,26.14,15.87205479452055,516.7,34.21,23.64
Euro,Soft wheat,Spain,2024,21.85,15.801092896174865,490.6,26.14,34.21
Euro,Barley,Sweden,2017,12.94,6.975890410958904,580.6,12.43,13.22
Euro,Barley,Sweden,2018,19.05,7.896986301369863,469.8,12.94,12.43
Euro,Barley,Sweden,2019,12.93,7.637260273972602,703.7,19.05,12.94
Euro,Barley,Sweden,2020,13.94,8.789617486338798,612.5,12.93,19.05
Euro,Barley,Sweden,2021,19.45,7.089863013698631,671.4,13.94,12.93
Euro,Barley,Sweden,2022,30.66,7.646027397260275,601.5,19.45,13.94
Euro,Barley,Sweden,2023,24.81,7.1,772.0,30.66,19.45
Euro,Barley,Sweden,2024,20.17,7.9554644808743165,647.9,24.81,30.66
Euro,Feed barley,Sweden,2017,11.91,6.975890410958904,580.6,11.48,12.29
Euro,Feed barley,Sweden,2018,17.29,7.896986301369863,469.8,11.91,11.48
Euro,Feed barley,Sweden,2019,12.35,7.637260273972602,703.7,17.29,11.91
Euro,Feed barley,Sweden,2020,13.02,8.789617486338798,612.5,12.35,17.29
Euro,Feed barley,Sweden,2021,16.64,7.089863013698631,671.4,13.02,12.35
Euro,Feed barley,Sweden,2022,26.42,7.646027397260275,601.5,16.64,13.02
Euro,Feed barley,Sweden,2023,19.45,7.1,772.0,26.42,16.64
Euro,Feed barley,Sweden,2024,16.09,7.9554644808743165,647.9,19.45,26.42
Euro,Rye,Sweden,2017,12.84,6.975890410958904,580.6,12.44,12.12
Euro,Rye,Sweden,2018,17.6,7.896986301369863,469.8,12.84,12.44
Euro,Rye,Sweden,2019,12.76,7.637260273972602,703.7,17.6,12.84
Euro,Rye,Sweden,2020,12.16,8.789617486338798,612.5,12.76,17.6
Euro,Rye,Sweden,2021,16.35,7.089863013698631,671.4,12.16,12.76
Euro,Rye,Sweden,2022,27.17,7.646027397260275,601.5,16.35,12.16
Euro,Rye,Sweden,2023,18.76,7.1,772.0,27.17,16.35
Euro,Rye,Sweden,2024,15.52,7.9554644808743165,647.9,18.76,27.17
Euro,Soft wheat,Sweden,2017,13.88,6.975890410958904,580.6,13.54,15.1
Euro,Soft wheat,Sweden,2018,18.43,7.896986301369863,469.8,13.88,13.54
Euro,Soft wheat,Sweden,2019,13.91,7.637260273972602,703.7,18.43,13.88
Euro,Soft wheat,Sweden,2020,14.55,8.789617486338798,612.5,13.91,18.43
Euro,Soft wheat,Sweden,2021,19.06,7.089863013698631,671.4,14.55,13.91
Euro,Soft wheat,Sweden,2022,29.54,7.646027397260275,601.5,19.06,14.55
Euro,Soft wheat,Sweden,2023,23.55,7.1,772.0,29.54,19.06
Euro,Soft wheat,Sweden,2024,18.29,7.9554644808743165,647.9,23.55,29.54
