date,avg_price_eur_mwh,country
2021-01-01,48.39833333333333,FR
2021-01-02,50.5625,FR
2021-01-03,47.09583333333333,FR
2021-01-04,59.2725,FR
2021-01-05,63.85208333333333,FR
2021-01-06,70.1625,FR
2021-01-07,82.10291666666667,FR
2021-01-08,84.85458333333334,FR
2021-01-09,60.595416666666665,FR
2021-01-10,56.85166666666667,FR
2021-01-11,67.68916666666667,FR
2021-01-12,63.53541666666666,FR
2021-01-13,73.85416666666667,FR
2021-01-14,73.33458333333333,FR
2021-01-15,72.31958333333334,FR
2021-01-16,57.78041666666667,FR
2021-01-17,56.655833333333334,FR
2021-01-18,69.16666666666667,FR
2021-01-19,60.38958333333333,FR
2021-01-20,49.13458333333333,FR
2021-01-21,41.59708333333334,FR
2021-01-22,49.95041666666666,FR
2021-01-23,51.805416666666666,FR
2021-01-24,49.159166666666664,FR
2021-01-25,61.6975,FR
2021-01-26,64.12166666666667,FR
2021-01-27,59.2575,FR
2021-01-28,55.010416666666664,FR
2021-01-29,47.713750000000005,FR
2021-01-30,48.02458333333333,FR
2021-01-31,47.93416666666667,FR
2021-02-01,56.812916666666666,FR
2021-02-02,48.70041666666666,FR
2021-02-03,41.86708333333333,FR
2021-02-04,52.260416666666664,FR
2021-02-05,51.522083333333335,FR
2021-02-06,38.34166666666667,FR
2021-02-07,26.027916666666666,FR
2021-02-08,50.065416666666664,FR
2021-02-09,65.31083333333333,FR
2021-02-10,72.48416666666667,FR
2021-02-11,79.00500000000001,FR
2021-02-12,63.45875,FR
2021-02-13,54.645,FR
2021-02-14,47.815,FR
2021-02-15,52.09583333333333,FR
2021-02-16,53.68,FR
2021-02-17,49.86625,FR
2021-02-18,48.34916666666666,FR
2021-02-19,47.53958333333333,FR
2021-02-20,32.74166666666667,FR
2021-02-21,32.152499999999996,FR
2021-02-22,48.50541666666667,FR
2021-02-23,44.39958333333333,FR
2021-02-24,35.97875,FR
2021-02-25,46.156666666666666,FR
2021-02-26,47.706250000000004,FR
2021-02-27,44.076249999999995,FR
2021-02-28,40.762499999999996,FR
2021-03-01,49.95583333333334,FR
2021-03-02,54.16291666666667,FR
2021-03-03,53.02375,FR
2021-03-04,54.281666666666666,FR
2021-03-05,52.38833333333333,FR
2021-03-06,44.93958333333333,FR
2021-03-07,46.63041666666667,FR
2021-03-08,61.73541666666667,FR
2021-03-09,61.20333333333334,FR
2021-03-10,54.20166666666666,FR
2021-03-11,39.85958333333333,FR
2021-03-12,37.36083333333333,FR
2021-03-13,23.6075,FR
2021-03-14,24.742500000000003,FR
2021-03-15,50.11166666666667,FR
2021-03-16,56.229166666666664,FR
2021-03-17,56.17541666666667,FR
2021-03-18,64.25958333333334,FR
2021-03-19,56.531666666666666,FR
2021-03-20,51.4625,FR
2021-03-21,40.44916666666666,FR
2021-03-22,60.84833333333333,FR
2021-03-23,63.571666666666665,FR
2021-03-24,61.41458333333333,FR
2021-03-25,59.484166666666674,FR
2021-03-26,53.92291666666667,FR
2021-03-27,36.380833333333335,FR
2021-03-28,28.31260869565217,FR
2021-03-29,46.05375,FR
2021-03-30,55.41458333333333,FR
2021-03-31,57.04291666666666,FR
2021-04-01,52.78625,FR
2021-04-02,41.35166666666667,FR
2021-04-03,35.00125,FR
2021-04-04,29.20375,FR
2021-04-05,26.813333333333333,FR
2021-04-06,58.51333333333333,FR
2021-04-07,75.25875,FR
2021-04-08,71.50916666666667,FR
2021-04-09,72.62791666666666,FR
2021-04-10,59.62875,FR
2021-04-11,53.34,FR
2021-04-12,72.01375,FR
2021-04-13,83.61541666666666,FR
2021-04-14,80.65583333333333,FR
2021-04-15,74.31958333333334,FR
2021-04-16,71.42041666666667,FR
2021-04-17,64.45791666666666,FR
2021-04-18,64.32916666666667,FR
2021-04-19,82.15666666666667,FR
2021-04-20,81.13875,FR
2021-04-21,78.27333333333333,FR
2021-04-22,70.11041666666667,FR
2021-04-23,65.18541666666667,FR
2021-04-24,53.01791666666667,FR
2021-04-25,37.447916666666664,FR
2021-04-26,60.653333333333336,FR
2021-04-27,66.55624999999999,FR
2021-04-28,69.4325,FR
2021-04-29,68.72333333333334,FR
2021-04-30,73.57708333333333,FR
2021-05-01,57.01458333333333,FR
2021-05-02,46.805416666666666,FR
2021-05-03,66.64333333333333,FR
2021-05-04,36.990833333333335,FR
2021-05-05,62.48374999999999,FR
2021-05-06,73.14541666666666,FR
2021-05-07,72.43208333333332,FR
2021-05-08,47.317499999999995,FR
2021-05-09,6.646666666666666,FR
2021-05-10,58.35833333333333,FR
2021-05-11,72.17166666666667,FR
2021-05-12,68.76833333333333,FR
2021-05-13,62.73541666666667,FR
2021-05-14,71.52958333333333,FR
2021-05-15,57.48916666666667,FR
2021-05-16,30.128333333333334,FR
2021-05-17,69.89874999999999,FR
2021-05-18,74.17875,FR
2021-05-19,76.88416666666667,FR
2021-05-20,69.34291666666667,FR
2021-05-21,28.0525,FR
2021-05-22,17.986666666666668,FR
2021-05-23,23.90041666666667,FR
2021-05-24,32.81375,FR
2021-05-25,59.83416666666667,FR
2021-05-26,69.18125,FR
2021-05-27,72.52416666666666,FR
2021-05-28,73.3425,FR
2021-05-29,56.56666666666666,FR
2021-05-30,31.772499999999997,FR
2021-05-31,66.655,FR
2021-06-01,68.2175,FR
2021-06-02,65.9675,FR
2021-06-03,65.53875000000001,FR
2021-06-04,71.79666666666667,FR
2021-06-05,63.23458333333334,FR
2021-06-06,57.5525,FR
2021-06-07,77.34125,FR
2021-06-08,76.17833333333333,FR
2021-06-09,75.56833333333334,FR
2021-06-10,78.18791666666667,FR
2021-06-11,77.52374999999999,FR
2021-06-12,46.705000000000005,FR
2021-06-13,26.00791666666667,FR
2021-06-14,75.06875000000001,FR
2021-06-15,82.52374999999999,FR
2021-06-16,86.84958333333333,FR
2021-06-17,82.24166666666666,FR
2021-06-18,80.72166666666666,FR
2021-06-19,73.15916666666666,FR
2021-06-20,57.88833333333333,FR
2021-06-21,77.63250000000001,FR
2021-06-22,83.17999999999999,FR
2021-06-23,84.34333333333333,FR
2021-06-24,88.97708333333333,FR
2021-06-25,86.39958333333334,FR
2021-06-26,76.44416666666667,FR
2021-06-27,51.90541666666667,FR
2021-06-28,87.83999999999999,FR
2021-06-29,90.07166666666666,FR
2021-06-30,90.23791666666666,FR
2021-07-01,87.79,FR
2021-07-02,96.45833333333333,FR
2021-07-03,83.79416666666667,FR
2021-07-04,79.35875,FR
2021-07-05,92.64041666666667,FR
2021-07-06,80.94541666666667,FR
2021-07-07,98.10041666666666,FR
2021-07-08,93.89791666666667,FR
2021-07-09,90.68624999999999,FR
2021-07-10,81.60333333333334,FR
2021-07-11,77.74,FR
2021-07-12,93.32541666666667,FR
2021-07-13,94.19541666666667,FR
2021-07-14,70.23041666666667,FR
2021-07-15,74.085,FR
2021-07-16,83.48458333333333,FR
2021-07-17,63.380833333333335,FR
2021-07-18,45.90833333333333,FR
2021-07-19,89.36708333333333,FR
2021-07-20,91.17958333333333,FR
2021-07-21,91.01416666666667,FR
2021-07-22,88.18833333333333,FR
2021-07-23,87.76333333333334,FR
2021-07-24,76.16083333333333,FR
2021-07-25,61.388749999999995,FR
2021-07-26,86.61083333333333,FR
2021-07-27,84.39041666666667,FR
2021-07-28,66.98833333333333,FR
2021-07-29,48.66166666666667,FR
2021-07-30,42.67208333333334,FR
2021-07-31,27.45375,FR
2021-08-01,50.15208333333334,FR
2021-08-02,80.73208333333334,FR
2021-08-03,90.60000000000001,FR
2021-08-04,91.6275,FR
2021-08-05,86.20458333333333,FR
2021-08-06,18.798333333333332,FR
2021-08-07,43.147083333333335,FR
2021-08-08,0.28083333333333343,FR
2021-08-09,66.57833333333333,FR
2021-08-10,86.27291666666667,FR
2021-08-11,99.16541666666666,FR
2021-08-12,104.93791666666668,FR
2021-08-13,93.66416666666667,FR
2021-08-14,70.06666666666666,FR
2021-08-15,51.77791666666667,FR
2021-08-16,47.40083333333333,FR
2021-08-17,66.75791666666667,FR
2021-08-18,80.12666666666667,FR
2021-08-19,94.46625,FR
2021-08-20,101.055,FR
2021-08-21,91.46291666666667,FR
2021-08-22,75.78541666666666,FR
2021-08-23,90.89458333333334,FR
2021-08-24,78.99416666666667,FR
2021-08-25,86.28708333333333,FR
2021-08-26,93.20208333333333,FR
2021-08-27,96.02791666666667,FR
2021-08-28,74.0175,FR
2021-08-29,70.87708333333333,FR
2021-08-30,106.85791666666667,FR
2021-08-31,108.17083333333333,FR
2021-09-01,104.34375,FR
2021-09-02,107.18624999999999,FR
2021-09-03,110.11583333333333,FR
2021-09-04,107.35000000000001,FR
2021-09-05,98.95666666666666,FR
2021-09-06,123.98416666666667,FR
2021-09-07,123.69,FR
2021-09-08,122.38708333333334,FR
2021-09-09,131.76208333333332,FR
2021-09-10,137.23875,FR
2021-09-11,129.15125,FR
2021-09-12,109.56041666666665,FR
2021-09-13,139.41375,FR
2021-09-14,145.51541666666665,FR
2021-09-15,166.82541666666665,FR
2021-09-16,169.36249999999998,FR
2021-09-17,157.85166666666666,FR
2021-09-18,139.66875000000002,FR
2021-09-19,98.59458333333333,FR
2021-09-20,153.25125,FR
2021-09-21,147.66125,FR
2021-09-22,149.73625,FR
2021-09-23,143.80958333333334,FR
2021-09-24,147.58416666666668,FR
2021-09-25,146.37625,FR
2021-09-26,125.71750000000002,FR
2021-09-27,146.21208333333334,FR
2021-09-28,159.82500000000002,FR
2021-09-29,150.57958333333332,FR
2021-09-30,165.56791666666666,FR
2021-10-01,141.80583333333334,FR
2021-10-02,101.61166666666666,FR
2021-10-03,64.53041666666667,FR
2021-10-04,156.35708333333335,FR
2021-10-05,159.80458333333334,FR
2021-10-06,182.15291666666667,FR
2021-10-07,298.3225,FR
2021-10-08,203.56208333333333,FR
2021-10-09,182.82708333333335,FR
2021-10-10,149.2425,FR
2021-10-11,182.99791666666667,FR
2021-10-12,188.47,FR
2021-10-13,194.28041666666664,FR
2021-10-14,199.51833333333332,FR
2021-10-15,214.12208333333334,FR
2021-10-16,189.76375,FR
2021-10-17,165.97416666666666,FR
2021-10-18,198.33875,FR
2021-10-19,164.07083333333333,FR
2021-10-20,101.085,FR
2021-10-21,151.90375,FR
2021-10-22,209.65333333333334,FR
2021-10-23,208.70416666666665,FR
2021-10-24,168.54416666666665,FR
2021-10-25,206.43875,FR
2021-10-26,215.6775,FR
2021-10-27,204.44625,FR
2021-10-28,193.45666666666668,FR
2021-10-29,152.56,FR
2021-10-30,120.495,FR
2021-10-31,78.9956,FR
2021-11-01,92.36708333333333,FR
2021-11-02,203.94833333333335,FR
2021-11-03,186.05583333333334,FR
2021-11-04,178.85333333333335,FR
2021-11-05,188.25375,FR
2021-11-06,164.51458333333332,FR
2021-11-07,136.93083333333334,FR
2021-11-08,210.23333333333335,FR
2021-11-09,190.22041666666667,FR
2021-11-10,232.39541666666665,FR
2021-11-11,187.89,FR
2021-11-12,186.3658333333333,FR
2021-11-13,170.01208333333332,FR
2021-11-14,172.05458333333334,FR
2021-11-15,228.06375,FR
2021-11-16,236.9595833333333,FR
2021-11-17,214.24458333333334,FR
2021-11-18,238.2891666666667,FR
2021-11-19,243.74416666666664,FR
2021-11-20,231.1291666666667,FR
2021-11-21,226.67041666666668,FR
2021-11-22,251.84333333333333,FR
2021-11-23,270.21208333333334,FR
2021-11-24,295.82041666666663,FR
2021-11-25,302.14375,FR
2021-11-26,275.15833333333336,FR
2021-11-27,220.0925,FR
2021-11-28,204.21416666666667,FR
2021-11-29,301.11875000000003,FR
2021-11-30,271.985,FR
2021-12-01,280.09499999999997,FR
2021-12-02,277.7654166666667,FR
2021-12-03,299.21875,FR
2021-12-04,222.17083333333335,FR
2021-12-05,221.00250000000003,FR
2021-12-06,282.52125,FR
2021-12-07,258.6454166666667,FR
2021-12-08,247.42499999999998,FR
2021-12-09,287.5004166666667,FR
2021-12-10,247.18541666666667,FR
2021-12-11,249.46541666666667,FR
2021-12-12,250.85375,FR
2021-12-13,300.69208333333336,FR
2021-12-14,329.2725,FR
2021-12-15,346.28125,FR
2021-12-16,353.0916666666667,FR
2021-12-17,341.2366666666667,FR
2021-12-18,315.80125,FR
2021-12-19,343.15958333333333,FR
2021-12-20,382.07708333333335,FR
2021-12-21,442.8808333333333,FR
2021-12-22,452.94,FR
2021-12-23,416.4395833333333,FR
2021-12-24,319.5258333333333,FR
2021-12-25,218.11166666666668,FR
2021-12-26,185.37166666666667,FR
2021-12-27,161.0825,FR
2021-12-28,101.63791666666667,FR
2021-12-29,155.60333333333332,FR
2021-12-30,105.74458333333332,FR
2021-12-31,119.9804347826087,FR
2022-01-01,87.08083333333333,FR
2022-01-02,49.11625,FR
2022-01-03,92.12208333333332,FR
2022-01-04,156.29833333333332,FR
2022-01-05,185.55666666666664,FR
2022-01-06,225.76666666666665,FR
2022-01-07,215.915,FR
2022-01-08,176.55708333333334,FR
2022-01-09,150.28166666666667,FR
2022-01-10,261.25166666666667,FR
2022-01-11,253.95875,FR
2022-01-12,237.20416666666665,FR
2022-01-13,223.69625,FR
2022-01-14,233.57833333333335,FR
2022-01-15,220.4958333333333,FR
2022-01-16,212.54958333333332,FR
2022-01-17,261.13,FR
2022-01-18,244.82500000000002,FR
2022-01-19,236.03,FR
2022-01-20,228.01791666666668,FR
2022-01-21,216.69375,FR
2022-01-22,202.73791666666668,FR
2022-01-23,196.96833333333333,FR
2022-01-24,246.99625,FR
2022-01-25,295.10541666666666,FR
2022-01-26,275.45458333333335,FR
2022-01-27,262.1454166666667,FR
2022-01-28,250.65291666666667,FR
2022-01-29,218.89666666666668,FR
2022-01-30,223.54875,FR
2022-01-31,213.47708333333333,FR
2022-02-01,213.76416666666668,FR
2022-02-02,205.80666666666664,FR
2022-02-03,205.96583333333334,FR
2022-02-04,192.80875,FR
2022-02-05,193.2770833333333,FR
2022-02-06,136.96375,FR
2022-02-07,205.50291666666666,FR
2022-02-08,202.52958333333333,FR
2022-02-09,209.28583333333333,FR
2022-02-10,204.92291666666665,FR
2022-02-11,206.9625,FR
2022-02-12,190.93125,FR
2022-02-13,150.26333333333335,FR
2022-02-14,187.27374999999998,FR
2022-02-15,193.44500000000002,FR
2022-02-16,152.46,FR
2022-02-17,132.70374999999999,FR
2022-02-18,158.68625,FR
2022-02-19,115.94541666666667,FR
2022-02-20,94.34416666666668,FR
2022-02-21,153.67249999999999,FR
2022-02-22,175.00291666666666,FR
2022-02-23,189.37875,FR
2022-02-24,187.14458333333334,FR
2022-02-25,245.43458333333334,FR
2022-02-26,243.39625,FR
2022-02-27,196.55291666666665,FR
2022-02-28,250.95291666666665,FR
2022-03-01,270.0158333333333,FR
2022-03-02,274.0183333333334,FR
2022-03-03,346.6658333333333,FR
2022-03-04,363.70250000000004,FR
2022-03-05,355.0416666666667,FR
2022-03-06,364.4241666666667,FR
2022-03-07,421.04833333333335,FR
2022-03-08,540.6570833333334,FR
2022-03-09,462.2966666666666,FR
2022-03-10,367.22749999999996,FR
2022-03-11,278.65208333333334,FR
2022-03-12,263.955,FR
2022-03-13,250.31916666666666,FR
2022-03-14,301.2675,FR
2022-03-15,295.7733333333333,FR
2022-03-16,278.32916666666665,FR
2022-03-17,260.2633333333333,FR
2022-03-18,233.82583333333332,FR
2022-03-19,208.45000000000002,FR
2022-03-20,219.67916666666667,FR
2022-03-21,243.5929166666667,FR
2022-03-22,239.93083333333334,FR
2022-03-23,242.44083333333333,FR
2022-03-24,248.21333333333334,FR
2022-03-25,272.78833333333336,FR
2022-03-26,231.235,FR
2022-03-27,207.5682608695652,FR
2022-03-28,250.66416666666666,FR
2022-03-29,260.1929166666667,FR
2022-03-30,301.2595833333333,FR
2022-03-31,294.20166666666665,FR
2022-04-01,317.49791666666664,FR
2022-04-02,302.9220833333333,FR
2022-04-03,292.65375,FR
2022-04-04,551.4316666666667,FR
2022-04-05,308.3020833333333,FR
2022-04-06,274.35166666666663,FR
2022-04-07,219.54291666666666,FR
2022-04-08,248.10583333333332,FR
2022-04-09,241.63166666666666,FR
2022-04-10,217.91375000000002,FR
2022-04-11,229.04958333333332,FR
2022-04-12,239.96,FR
2022-04-13,238.07583333333332,FR
2022-04-14,227.92333333333332,FR
2022-04-15,199.735,FR
2022-04-16,152.00583333333333,FR
2022-04-17,112.22791666666667,FR
2022-04-18,123.55416666666667,FR
2022-04-19,217.79875,FR
2022-04-20,206.01874999999998,FR
2022-04-21,202.56083333333333,FR
2022-04-22,200.51874999999998,FR
2022-04-23,172.35666666666668,FR
2022-04-24,149.01041666666666,FR
2022-04-25,222.82833333333335,FR
2022-04-26,243.57375,FR
2022-04-27,222.02166666666668,FR
2022-04-28,230.19958333333332,FR
2022-04-29,228.1725,FR
2022-04-30,200.93291666666667,FR
2022-05-01,194.74125,FR
2022-05-02,218.9475,FR
2022-05-03,218.20916666666668,FR
2022-05-04,234.59416666666667,FR
2022-05-05,234.27833333333334,FR
2022-05-06,225.35916666666665,FR
2022-05-07,201.4283333333333,FR
2022-05-08,174.9958333333333,FR
2022-05-09,219.24625,FR
2022-05-10,207.12666666666667,FR
2022-05-11,191.42083333333335,FR
2022-05-12,196.24875,FR
2022-05-13,203.91166666666666,FR
2022-05-14,183.58583333333334,FR
2022-05-15,147.72458333333333,FR
2022-05-16,218.89916666666667,FR
2022-05-17,229.80875,FR
2022-05-18,213.3275,FR
2022-05-19,213.87958333333333,FR
2022-05-20,207.39125,FR
2022-05-21,177.80999999999997,FR
2022-05-22,166.18791666666667,FR
2022-05-23,191.03916666666666,FR
2022-05-24,183.17666666666665,FR
2022-05-25,191.13375,FR
2022-05-26,166.01791666666665,FR
2022-05-27,162.85,FR
2022-05-28,151.16333333333333,FR
2022-05-29,158.81833333333333,FR
2022-05-30,225.99291666666667,FR
2022-05-31,211.0404166666667,FR
2022-06-01,216.84583333333333,FR
2022-06-02,193.48874999999998,FR
2022-06-03,198.70875,FR
2022-06-04,174.00875,FR
2022-06-05,153.64791666666667,FR
2022-06-06,153.32833333333335,FR
2022-06-07,188.10333333333332,FR
2022-06-08,191.82625,FR
2022-06-09,185.19083333333333,FR
2022-06-10,194.04916666666668,FR
2022-06-11,182.37750000000003,FR
2022-06-12,148.6275,FR
2022-06-13,203.38375,FR
2022-06-14,211.4425,FR
2022-06-15,233.25541666666666,FR
2022-06-16,272.8533333333333,FR
2022-06-17,303.54125,FR
2022-06-18,280.15416666666664,FR
2022-06-19,165.42875,FR
2022-06-20,303.9533333333333,FR
2022-06-21,354.02708333333334,FR
2022-06-22,383.1445833333333,FR
2022-06-23,352.5641666666667,FR
2022-06-24,302.5975,FR
2022-06-25,258.43083333333334,FR
2022-06-26,249.06499999999997,FR
2022-06-27,334.25375,FR
2022-06-28,366.40291666666667,FR
2022-06-29,335.2404166666667,FR
2022-06-30,362.0629166666667,FR
2022-07-01,343.155,FR
2022-07-02,265.61833333333334,FR
2022-07-03,215.88291666666666,FR
2022-07-04,369.45625,FR
2022-07-05,371.6020833333334,FR
2022-07-06,388.68666666666667,FR
2022-07-07,381.7920833333333,FR
2022-07-08,410.94624999999996,FR
2022-07-09,332.92333333333335,FR
2022-07-10,224.42666666666665,FR
2022-07-11,384.1041666666667,FR
2022-07-12,432.4258333333333,FR
2022-07-13,446.955,FR
2022-07-14,386.72375000000005,FR
2022-07-15,397.4920833333333,FR
2022-07-16,320.29625,FR
2022-07-17,239.88083333333336,FR
2022-07-18,485.99916666666667,FR
2022-07-19,521.2954166666667,FR
2022-07-20,589.2245833333333,FR
2022-07-21,555.35875,FR
2022-07-22,494.0325,FR
2022-07-23,348.32,FR
2022-07-24,334.13124999999997,FR
2022-07-25,373.045,FR
2022-07-26,532.2529166666667,FR
2022-07-27,529.61625,FR
2022-07-28,534.6829166666666,FR
2022-07-29,499.49125,FR
2022-07-30,397.5295833333333,FR
2022-07-31,319.50958333333335,FR
2022-08-01,454.77833333333336,FR
2022-08-02,471.6358333333333,FR
2022-08-03,508.48083333333335,FR
2022-08-04,482.3654166666667,FR
2022-08-05,411.3254166666666,FR
2022-08-06,282.40333333333336,FR
2022-08-07,215.59375,FR
2022-08-08,359.17875000000004,FR
2022-08-09,347.70958333333334,FR
2022-08-10,336.04791666666665,FR
2022-08-11,376.2345833333333,FR
2022-08-12,444.9141666666667,FR
2022-08-13,396.94208333333336,FR
2022-08-14,365.85249999999996,FR
2022-08-15,424.64375,FR
2022-08-16,500.81583333333333,FR
2022-08-17,552.8495833333333,FR
2022-08-18,553.6245833333334,FR
2022-08-19,509.8425,FR
2022-08-20,463.22625,FR
2022-08-21,398.1983333333333,FR
2022-08-22,571.34,FR
2022-08-23,611.8533333333334,FR
2022-08-24,645.5370833333333,FR
2022-08-25,630.6158333333334,FR
2022-08-26,706.3229166666666,FR
2022-08-27,626.7870833333333,FR
2022-08-28,488.78,FR
2022-08-29,733.6358333333333,FR
2022-08-30,743.8433333333334,FR
2022-08-31,651.7733333333333,FR
2022-09-01,635.62875,FR
2022-09-02,516.6870833333334,FR
2022-09-03,416.62416666666667,FR
2022-09-04,322.7345833333333,FR
2022-09-05,435.81916666666666,FR
2022-09-06,523.9875000000001,FR
2022-09-07,468.96208333333334,FR
2022-09-08,453.37791666666664,FR
2022-09-09,347.51875,FR
2022-09-10,404.31791666666663,FR
2022-09-11,390.93625,FR
2022-09-12,416.88208333333336,FR
2022-09-13,444.21333333333337,FR
2022-09-14,461.37625,FR
2022-09-15,436.555,FR
2022-09-16,398.99625,FR
2022-09-17,225.85875,FR
2022-09-18,199.94958333333332,FR
2022-09-19,315.64833333333337,FR
2022-09-20,377.66291666666666,FR
2022-09-21,381.0333333333333,FR
2022-09-22,408.95666666666665,FR
2022-09-23,399.15291666666667,FR
2022-09-24,353.2058333333334,FR
2022-09-25,272.835,FR
2022-09-26,277.28916666666663,FR
2022-09-27,350.21208333333334,FR
2022-09-28,392.8591666666667,FR
2022-09-29,464.8454166666666,FR
2022-09-30,346.97208333333333,FR
2022-10-01,123.46416666666666,FR
2022-10-02,196.26999999999998,FR
2022-10-03,287.7083333333333,FR
2022-10-04,296.59625,FR
2022-10-05,221.82791666666665,FR
2022-10-06,255.95333333333335,FR
2022-10-07,271.93541666666664,FR
2022-10-08,215.20583333333332,FR
2022-10-09,168.45708333333332,FR
2022-10-10,208.06500000000003,FR
2022-10-11,269.76625,FR
2022-10-12,287.455,FR
2022-10-13,259.90208333333334,FR
2022-10-14,260.46666666666664,FR
2022-10-15,159.16791666666668,FR
2022-10-16,125.31791666666668,FR
2022-10-17,174.30124999999998,FR
2022-10-18,191.11833333333334,FR
2022-10-19,159.00625,FR
2022-10-20,142.56041666666667,FR
2022-10-21,158.12708333333333,FR
2022-10-22,129.81208333333333,FR
2022-10-23,87.36958333333332,FR
2022-10-24,87.50833333333333,FR
2022-10-25,110.06333333333333,FR
2022-10-26,110.87166666666667,FR
2022-10-27,121.66833333333334,FR
2022-10-28,108.53291666666667,FR
2022-10-29,98.5575,FR
2022-10-30,116.6224,FR
2022-10-31,144.23749999999998,FR
2022-11-01,90.41708333333334,FR
2022-11-02,117.10833333333333,FR
2022-11-03,121.38625,FR
2022-11-04,186.1604166666667,FR
2022-11-05,141.09833333333333,FR
2022-11-06,107.68958333333335,FR
2022-11-07,124.89,FR
2022-11-08,113.97791666666667,FR
2022-11-09,138.89833333333334,FR
2022-11-10,157.32208333333332,FR
2022-11-11,138.47333333333333,FR
2022-11-12,153.21833333333333,FR
2022-11-13,148.25666666666666,FR
2022-11-14,195.19708333333332,FR
2022-11-15,184.3116666666667,FR
2022-11-16,175.16625,FR
2022-11-17,159.18666666666667,FR
2022-11-18,239.33624999999998,FR
2022-11-19,211.79291666666666,FR
2022-11-20,211.07833333333335,FR
2022-11-21,244.99041666666668,FR
2022-11-22,209.90666666666667,FR
2022-11-23,186.85416666666666,FR
2022-11-24,237.14499999999998,FR
2022-11-25,261.02,FR
2022-11-26,240.17624999999998,FR
2022-11-27,172.89166666666665,FR
2022-11-28,318.84791666666666,FR
2022-11-29,373.24333333333334,FR
2022-11-30,396.4391666666667,FR
2022-12-01,390.9925,FR
2022-12-02,384.85999999999996,FR
2022-12-03,307.8275,FR
2022-12-04,307.19166666666666,FR
2022-12-05,373.2,FR
2022-12-06,418.44416666666666,FR
2022-12-07,429.57708333333335,FR
2022-12-08,417.36125,FR
2022-12-09,448.18041666666664,FR
2022-12-10,370.20208333333335,FR
2022-12-11,333.04,FR
2022-12-12,465.4895833333333,FR
2022-12-13,463.46000000000004,FR
2022-12-14,451.4504166666666,FR
2022-12-15,404.1970833333333,FR
2022-12-16,410.64625,FR
2022-12-17,281.63166666666666,FR
2022-12-18,230.51833333333332,FR
2022-12-19,200.275,FR
2022-12-20,200.9645833333333,FR
2022-12-21,217.46583333333334,FR
2022-12-22,194.69708333333332,FR
2022-12-23,171.26458333333335,FR
2022-12-24,113.11416666666668,FR
2022-12-25,107.96583333333332,FR
2022-12-26,74.75833333333334,FR
2022-12-27,122.79416666666667,FR
2022-12-28,51.537083333333335,FR
2022-12-29,31.525833333333335,FR
2022-12-30,18.475833333333334,FR
2022-12-31,4.521304347826087,FR
2023-01-01,14.909583333333332,FR
2023-01-02,124.57583333333334,FR
2023-01-03,146.04999999999998,FR
2023-01-04,97.73791666666666,FR
2023-01-05,126.67583333333333,FR
2023-01-06,121.48166666666667,FR
2023-01-07,85.46458333333334,FR
2023-01-08,68.20208333333333,FR
2023-01-09,126.41000000000001,FR
2023-01-10,128.07916666666668,FR
2023-01-11,87.89916666666666,FR
2023-01-12,81.17,FR
2023-01-13,78.81125,FR
2023-01-14,55.92541666666667,FR
2023-01-15,34.882083333333334,FR
2023-01-16,134.70125,FR
2023-01-17,178.66916666666668,FR
2023-01-18,157.11291666666668,FR
2023-01-19,184.69041666666666,FR
2023-01-20,186.74708333333334,FR
2023-01-21,155.72833333333332,FR
2023-01-22,167.5925,FR
2023-01-23,204.92583333333334,FR
2023-01-24,204.49750000000003,FR
2023-01-25,186.30208333333334,FR
2023-01-26,171.3216666666667,FR
2023-01-27,171.10041666666666,FR
2023-01-28,146.7125,FR
2023-01-29,144.59541666666667,FR
2023-01-30,162.12916666666666,FR
2023-01-31,159.90833333333333,FR
2023-02-01,150.87375,FR
2023-02-02,155.58541666666667,FR
2023-02-03,140.57750000000001,FR
2023-02-04,152.99083333333334,FR
2023-02-05,133.11333333333332,FR
2023-02-06,171.4825,FR
2023-02-07,175.17208333333335,FR
2023-02-08,164.75166666666667,FR
2023-02-09,179.68708333333333,FR
2023-02-10,158.70583333333335,FR
2023-02-11,149.16083333333333,FR
2023-02-12,143.0225,FR
2023-02-13,163.40041666666667,FR
2023-02-14,155.94333333333333,FR
2023-02-15,149.10791666666668,FR
2023-02-16,148.73791666666668,FR
2023-02-17,130.92166666666665,FR
2023-02-18,112.56833333333333,FR
2023-02-19,121.005,FR
2023-02-20,134.22458333333333,FR
2023-02-21,153.87083333333334,FR
2023-02-22,149.83416666666668,FR
2023-02-23,149.10666666666665,FR
2023-02-24,148.20041666666665,FR
2023-02-25,142.17249999999999,FR
2023-02-26,115.53625,FR
2023-02-27,154.88833333333335,FR
2023-02-28,160.76708333333332,FR
2023-03-01,152.80958333333334,FR
2023-03-02,166.05583333333334,FR
2023-03-03,162.01583333333335,FR
2023-03-04,142.24625,FR
2023-03-05,146.07583333333332,FR
2023-03-06,160.06375,FR
2023-03-07,152.40875,FR
2023-03-08,139.96916666666667,FR
2023-03-09,127.19833333333332,FR
2023-03-10,119.83791666666667,FR
2023-03-11,122.26666666666667,FR
2023-03-12,95.76166666666667,FR
2023-03-13,44.03541666666666,FR
2023-03-14,80.97875,FR
2023-03-15,144.85791666666668,FR
2023-03-16,107.28416666666668,FR
2023-03-17,101.52458333333334,FR
2023-03-18,109.89999999999999,FR
2023-03-19,111.64625000000001,FR
2023-03-20,125.22916666666667,FR
2023-03-21,116.53041666666667,FR
2023-03-22,89.02791666666667,FR
2023-03-23,81.41708333333334,FR
2023-03-24,56.91166666666667,FR
2023-03-25,26.142500000000002,FR
2023-03-26,71.82173913043479,FR
2023-03-27,118.69083333333333,FR
2023-03-28,124.34249999999999,FR
2023-03-29,115.13708333333334,FR
2023-03-30,82.68166666666666,FR
2023-03-31,74.15791666666667,FR
2023-04-01,59.23583333333334,FR
2023-04-02,70.87958333333333,FR
2023-04-03,123.47250000000001,FR
2023-04-04,135.12041666666667,FR
2023-04-05,142.57708333333332,FR
2023-04-06,130.36833333333334,FR
2023-04-07,122.94458333333334,FR
2023-04-08,116.58958333333334,FR
2023-04-09,105.0475,FR
2023-04-10,54.305416666666666,FR
2023-04-11,90.61208333333333,FR
2023-04-12,105.545,FR
2023-04-13,116.85416666666667,FR
2023-04-14,129.71083333333334,FR
2023-04-15,106.29666666666667,FR
2023-04-16,110.11874999999999,FR
2023-04-17,124.23583333333333,FR
2023-04-18,111.255,FR
2023-04-19,109.52958333333333,FR
2023-04-20,113.26083333333334,FR
2023-04-21,118.83791666666667,FR
2023-04-22,92.69333333333333,FR
2023-04-23,82.75833333333334,FR
2023-04-24,106.01791666666666,FR
2023-04-25,111.38625,FR
2023-04-26,117.85291666666666,FR
2023-04-27,107.70458333333333,FR
2023-04-28,104.73,FR
2023-04-29,100.44,FR
2023-04-30,70.515,FR
2023-05-01,79.58458333333333,FR
2023-05-02,106.13,FR
2023-05-03,93.28291666666667,FR
2023-05-04,87.34791666666666,FR
2023-05-05,97.73083333333334,FR
2023-05-06,89.21916666666665,FR
2023-05-07,79.03958333333334,FR
2023-05-08,95.83,FR
2023-05-09,100.44166666666666,FR
2023-05-10,100.48625,FR
2023-05-11,111.55874999999999,FR
2023-05-12,96.72500000000001,FR
2023-05-13,75.26916666666666,FR
2023-05-14,59.355,FR
2023-05-15,89.58,FR
2023-05-16,80.19416666666667,FR
2023-05-17,81.51166666666667,FR
2023-05-18,80.56041666666667,FR
2023-05-19,79.57458333333334,FR
2023-05-20,46.87875,FR
2023-05-21,29.949166666666667,FR
2023-05-22,85.52,FR
2023-05-23,73.06916666666667,FR
2023-05-24,83.19833333333334,FR
2023-05-25,71.84041666666667,FR
2023-05-26,63.46666666666667,FR
2023-05-27,59.246249999999996,FR
2023-05-28,39.97,FR
2023-05-29,28.83458333333333,FR
2023-05-30,74.92291666666667,FR
2023-05-31,63.626666666666665,FR
2023-06-01,71.30333333333333,FR
2023-06-02,72.79083333333334,FR
2023-06-03,52.005833333333335,FR
2023-06-04,48.54458333333333,FR
2023-06-05,81.75083333333333,FR
2023-06-06,82.71291666666666,FR
2023-06-07,86.72666666666667,FR
2023-06-08,81.49791666666667,FR
2023-06-09,85.31125,FR
2023-06-10,63.07958333333334,FR
2023-06-11,49.67625,FR
2023-06-12,99.04083333333334,FR
2023-06-13,92.71791666666667,FR
2023-06-14,99.44333333333333,FR
2023-06-15,112.30291666666666,FR
2023-06-16,127.045,FR
2023-06-17,103.92125,FR
2023-06-18,89.46458333333334,FR
2023-06-19,113.18416666666667,FR
2023-06-20,119.98166666666667,FR
2023-06-21,123.40375,FR
2023-06-22,124.48541666666667,FR
2023-06-23,106.98291666666667,FR
2023-06-24,76.82041666666667,FR
2023-06-25,62.94916666666666,FR
2023-06-26,90.3075,FR
2023-06-27,103.75166666666667,FR
2023-06-28,106.34208333333333,FR
2023-06-29,110.41958333333334,FR
2023-06-30,100.78791666666666,FR
2023-07-01,40.842083333333335,FR
2023-07-02,-1.1970833333333324,FR
2023-07-03,67.49374999999999,FR
2023-07-04,97.12041666666666,FR
2023-07-05,79.93124999999999,FR
2023-07-06,103.185,FR
2023-07-07,93.235,FR
2023-07-08,81.42833333333333,FR
2023-07-09,88.36208333333333,FR
2023-07-10,115.49083333333334,FR
2023-07-11,104.00791666666667,FR
2023-07-12,97.80624999999999,FR
2023-07-13,100.52958333333333,FR
2023-07-14,80.69208333333333,FR
2023-07-15,29.977500000000003,FR
2023-07-16,18.35125,FR
2023-07-17,80.7175,FR
2023-07-18,103.33958333333334,FR
2023-07-19,88.97958333333334,FR
2023-07-20,96.14041666666667,FR
2023-07-21,89.3625,FR
2023-07-22,74.18625,FR
2023-07-23,32.13375,FR
2023-07-24,86.02749999999999,FR
2023-07-25,92.83125,FR
2023-07-26,97.53833333333334,FR
2023-07-27,88.91875,FR
2023-07-28,92.78583333333334,FR
2023-07-29,75.90208333333334,FR
2023-07-30,41.57958333333333,FR
2023-07-31,69.34958333333333,FR
2023-08-01,76.17458333333333,FR
2023-08-02,57.6775,FR
2023-08-03,46.23875,FR
2023-08-04,92.50083333333333,FR
2023-08-05,75.82833333333333,FR
2023-08-06,24.158749999999998,FR
2023-08-07,70.06,FR
2023-08-08,67.93124999999999,FR
2023-08-09,92.04625,FR
2023-08-10,94.3175,FR
2023-08-11,96.26333333333334,FR
2023-08-12,80.16458333333334,FR
2023-08-13,65.07833333333333,FR
2023-08-14,88.77749999999999,FR
2023-08-15,86.7,FR
2023-08-16,104.48,FR
2023-08-17,101.26416666666667,FR
2023-08-18,95.67875,FR
2023-08-19,68.2675,FR
2023-08-20,90.20166666666667,FR
2023-08-21,114.53541666666666,FR
2023-08-22,118.62708333333335,FR
2023-08-23,146.73958333333334,FR
2023-08-24,144.02416666666667,FR
2023-08-25,111.08375000000001,FR
2023-08-26,98.36708333333333,FR
2023-08-27,89.40166666666666,FR
2023-08-28,103.61416666666666,FR
2023-08-29,109.36541666666666,FR
2023-08-30,105.43124999999999,FR
2023-08-31,102.08291666666668,FR
2023-09-01,101.08625,FR
2023-09-02,92.68583333333333,FR
2023-09-03,72.9325,FR
2023-09-04,89.11833333333334,FR
2023-09-05,93.92958333333333,FR
2023-09-06,100.44875,FR
2023-09-07,101.27,FR
2023-09-08,100.71416666666666,FR
2023-09-09,92.26208333333334,FR
2023-09-10,78.71208333333333,FR
2023-09-11,116.54708333333333,FR
2023-09-12,107.73416666666667,FR
2023-09-13,105.63458333333334,FR
2023-09-14,100.9375,FR
2023-09-15,95.78083333333332,FR
2023-09-16,79.92208333333333,FR
2023-09-17,72.54125,FR
2023-09-18,80.93041666666666,FR
2023-09-19,40.260416666666664,FR
2023-09-20,40.37416666666667,FR
2023-09-21,82.91375000000001,FR
2023-09-22,85.64416666666666,FR
2023-09-23,97.6675,FR
2023-09-24,51.16416666666667,FR
2023-09-25,86.995,FR
2023-09-26,113.32291666666667,FR
2023-09-27,103.70333333333333,FR
2023-09-28,92.56208333333332,FR
2023-09-29,94.72333333333334,FR
2023-09-30,88.64416666666666,FR
2023-10-01,68.19041666666666,FR
2023-10-02,110.76833333333333,FR
2023-10-03,49.471666666666664,FR
2023-10-04,75.51708333333333,FR
2023-10-05,92.96125,FR
2023-10-06,82.68124999999999,FR
2023-10-07,51.1775,FR
2023-10-08,88.72333333333334,FR
2023-10-09,114.3925,FR
2023-10-10,106.41208333333333,FR
2023-10-11,78.88041666666668,FR
2023-10-12,124.77666666666666,FR
2023-10-13,69.5275,FR
2023-10-14,41.389583333333334,FR
2023-10-15,52.63125,FR
2023-10-16,133.50875,FR
2023-10-17,112.73083333333334,FR
2023-10-18,61.50125,FR
2023-10-19,81.15583333333333,FR
2023-10-20,86.10958333333333,FR
2023-10-21,42.814166666666665,FR
2023-10-22,62.97291666666667,FR
2023-10-23,116.07249999999999,FR
2023-10-24,115.90416666666665,FR
2023-10-25,108.2925,FR
2023-10-26,119.19166666666666,FR
2023-10-27,100.70958333333334,FR
2023-10-28,49.73374999999999,FR
2023-10-29,15.7644,FR
2023-10-30,92.21249999999999,FR
2023-10-31,108.79083333333334,FR
2023-11-01,38.5625,FR
2023-11-02,57.45916666666667,FR
2023-11-03,57.10541666666666,FR
2023-11-04,24.553749999999997,FR
2023-11-05,19.62666666666667,FR
2023-11-06,73.97458333333334,FR
2023-11-07,101.29124999999999,FR
2023-11-08,92.57875,FR
2023-11-09,98.31958333333334,FR
2023-11-10,93.46541666666667,FR
2023-11-11,96.79583333333333,FR
2023-11-12,84.4375,FR
2023-11-13,76.18041666666666,FR
2023-11-14,65.62833333333333,FR
2023-11-15,93.94791666666667,FR
2023-11-16,105.26583333333333,FR
2023-11-17,121.06875000000001,FR
2023-11-18,85.48958333333333,FR
2023-11-19,36.77041666666667,FR
2023-11-20,99.43708333333332,FR
2023-11-21,118.76083333333334,FR
2023-11-22,109.60333333333334,FR
2023-11-23,82.03916666666667,FR
2023-11-24,74.18375,FR
2023-11-25,95.93958333333335,FR
2023-11-26,117.83666666666666,FR
2023-11-27,116.3575,FR
2023-11-28,122.77583333333332,FR
2023-11-29,140.48,FR
2023-11-30,168.79625000000001,FR
2023-12-01,155.67166666666665,FR
2023-12-02,117.21541666666667,FR
2023-12-03,105.29958333333333,FR
2023-12-04,111.96458333333334,FR
2023-12-05,113.62541666666665,FR
2023-12-06,128.62375,FR
2023-12-07,105.08458333333334,FR
2023-12-08,102.28375,FR
2023-12-09,75.79583333333333,FR
2023-12-10,45.3475,FR
2023-12-11,80.06708333333333,FR
2023-12-12,88.23375,FR
2023-12-13,90.93124999999999,FR
2023-12-14,94.18083333333334,FR
2023-12-15,93.29541666666667,FR
2023-12-16,74.44541666666667,FR
2023-12-17,58.08833333333333,FR
2023-12-18,82.84083333333334,FR
2023-12-19,80.94833333333334,FR
2023-12-20,67.34958333333334,FR
2023-12-21,37.35791666666667,FR
2023-12-22,27.500416666666666,FR
2023-12-23,18.953333333333333,FR
2023-12-24,0.6266666666666666,FR
2023-12-25,0.38916666666666666,FR
2023-12-26,27.08666666666667,FR
2023-12-27,57.75458333333333,FR
2023-12-28,21.949166666666667,FR
2023-12-29,15.34875,FR
2023-12-30,35.016666666666666,FR
2023-12-31,9.044347826086957,FR
2024-01-01,13.136666666666665,FR
2024-01-02,36.1875,FR
2024-01-03,46.11041666666667,FR
2024-01-04,78.97958333333334,FR
2024-01-05,90.53833333333334,FR
2024-01-06,87.54416666666667,FR
2024-01-07,86.325,FR
2024-01-08,102.23416666666667,FR
2024-01-09,106.58666666666666,FR
2024-01-10,109.61625,FR
2024-01-11,106.78875,FR
2024-01-12,106.53041666666667,FR
2024-01-13,87.51833333333333,FR
2024-01-14,82.12125,FR
2024-01-15,88.89875,FR
2024-01-16,103.05041666666666,FR
2024-01-17,85.23791666666666,FR
2024-01-18,85.88625,FR
2024-01-19,82.00208333333333,FR
2024-01-20,77.87125,FR
2024-01-21,58.07375,FR
2024-01-22,57.46083333333333,FR
2024-01-23,56.98374999999999,FR
2024-01-24,48.31375,FR
2024-01-25,73.32416666666667,FR
2024-01-26,65.82458333333334,FR
2024-01-27,68.42999999999999,FR
2024-01-28,53.19416666666667,FR
2024-01-29,76.39458333333333,FR
2024-01-30,78.03125,FR
2024-01-31,75.20458333333333,FR
2024-02-01,75.15083333333332,FR
2024-02-02,67.16458333333334,FR
2024-02-03,46.099583333333335,FR
2024-02-04,27.947083333333335,FR
2024-02-05,53.51,FR
2024-02-06,53.471666666666664,FR
2024-02-07,57.5525,FR
2024-02-08,51.666666666666664,FR
2024-02-09,48.9575,FR
2024-02-10,71.9525,FR
2024-02-11,57.47666666666667,FR
2024-02-12,73.425,FR
2024-02-13,71.01583333333333,FR
2024-02-14,65.01416666666667,FR
2024-02-15,56.904583333333335,FR
2024-02-16,60.7525,FR
2024-02-17,62.10125,FR
2024-02-18,47.4075,FR
2024-02-19,61.27791666666667,FR
2024-02-20,62.34125,FR
2024-02-21,55.0525,FR
2024-02-22,40.71625,FR
2024-02-23,45.63708333333333,FR
2024-02-24,56.560833333333335,FR
2024-02-25,58.74541666666667,FR
2024-02-26,65.84291666666667,FR
2024-02-27,68.53166666666667,FR
2024-02-28,66.90249999999999,FR
2024-02-29,63.585,FR
2024-03-01,67.21333333333332,FR
2024-03-02,66.04208333333334,FR
2024-03-03,63.3525,FR
2024-03-04,74.78458333333333,FR
2024-03-05,76.41791666666667,FR
2024-03-06,81.66458333333334,FR
2024-03-07,73.24291666666666,FR
2024-03-08,65.55541666666666,FR
2024-03-09,49.135416666666664,FR
2024-03-10,53.74166666666667,FR
2024-03-11,72.20958333333333,FR
2024-03-12,72.34041666666667,FR
2024-03-13,61.64208333333334,FR
2024-03-14,58.76083333333333,FR
2024-03-15,42.67208333333334,FR
2024-03-16,51.62958333333333,FR
2024-03-17,46.74166666666667,FR
2024-03-18,66.54166666666667,FR
2024-03-19,68.43333333333334,FR
2024-03-20,59.7125,FR
2024-03-21,54.05625,FR
2024-03-22,36.049166666666665,FR
2024-03-23,9.63125,FR
2024-03-24,16.131666666666664,FR
2024-03-25,47.635416666666664,FR
2024-03-26,46.61333333333334,FR
2024-03-27,50.68083333333333,FR
2024-03-28,16.952083333333334,FR
2024-03-29,34.691250000000004,FR
2024-03-30,52.03541666666666,FR
2024-03-31,23.847826086956523,FR
2024-04-01,17.414583333333333,FR
2024-04-02,19.583333333333332,FR
2024-04-03,13.527500000000002,FR
2024-04-04,9.540000000000001,FR
2024-04-05,6.05125,FR
2024-04-06,-0.7104166666666667,FR
2024-04-07,3.7429166666666664,FR
2024-04-08,5.349583333333334,FR
2024-04-09,1.6925000000000001,FR
2024-04-10,38.76833333333334,FR
2024-04-11,16.339166666666667,FR
2024-04-12,21.044166666666666,FR
2024-04-13,1.4241666666666672,FR
2024-04-14,2.59875,FR
2024-04-15,3.99,FR
2024-04-16,3.1962500000000005,FR
2024-04-17,39.143750000000004,FR
2024-04-18,59.15166666666667,FR
2024-04-19,18.3975,FR
2024-04-20,8.416666666666666,FR
2024-04-21,17.395416666666666,FR
2024-04-22,59.60708333333333,FR
2024-04-23,84.66708333333334,FR
2024-04-24,67.32291666666667,FR
2024-04-25,79.135,FR
2024-04-26,80.6475,FR
2024-04-27,37.00875,FR
2024-04-28,12.441249999999998,FR
2024-04-29,61.23583333333334,FR
2024-04-30,58.89291666666667,FR
2024-05-01,13.938333333333333,FR
2024-05-02,17.51625,FR
2024-05-03,24.474166666666665,FR
2024-05-04,31.804999999999996,FR
2024-05-05,29.027916666666666,FR
2024-05-06,68.48041666666667,FR
2024-05-07,63.765833333333326,FR
2024-05-08,21.98,FR
2024-05-09,18.12333333333333,FR
2024-05-10,13.920416666666666,FR
2024-05-11,8.282083333333334,FR
2024-05-12,1.8945833333333333,FR
2024-05-13,23.554166666666664,FR
2024-05-14,6.895,FR
2024-05-15,18.991666666666667,FR
2024-05-16,30.617083333333337,FR
2024-05-17,43.27291666666667,FR
2024-05-18,27.2,FR
2024-05-19,15.263333333333334,FR
2024-05-20,19.495833333333334,FR
2024-05-21,32.0925,FR
2024-05-22,29.89916666666667,FR
2024-05-23,48.427083333333336,FR
2024-05-24,71.4075,FR
2024-05-25,40.39458333333334,FR
2024-05-26,13.781666666666666,FR
2024-05-27,30.081666666666667,FR
2024-05-28,19.302083333333332,FR
2024-05-29,32.212916666666665,FR
2024-05-30,19.586666666666666,FR
2024-05-31,6.659583333333334,FR
2024-06-01,3.5904166666666666,FR
2024-06-02,1.5025000000000002,FR
2024-06-03,27.745,FR
2024-06-04,49.579583333333325,FR
2024-06-05,39.084583333333335,FR
2024-06-06,51.4925,FR
2024-06-07,56.90083333333334,FR
2024-06-08,20.222916666666666,FR
2024-06-09,13.015833333333333,FR
2024-06-10,28.397916666666664,FR
2024-06-11,46.897083333333335,FR
2024-06-12,33.2775,FR
2024-06-13,24.90875,FR
2024-06-14,16.409583333333334,FR
2024-06-15,-5.756666666666667,FR
2024-06-16,2.914583333333333,FR
2024-06-17,33.13,FR
2024-06-18,35.00416666666667,FR
2024-06-19,57.39083333333334,FR
2024-06-20,79.23583333333333,FR
2024-06-21,81.82625,FR
2024-06-22,42.12416666666667,FR
2024-06-23,31.766666666666666,FR
2024-06-24,54.91291666666667,FR
2024-06-25,45.74166666666667,FR
2024-06-26,105.97625,FR
2024-06-27,68.39,FR
2024-06-28,34.420833333333334,FR
2024-06-29,25.398749999999996,FR
2024-06-30,22.491666666666664,FR
2024-07-01,52.49791666666667,FR
2024-07-02,52.19,FR
2024-07-03,38.105,FR
2024-07-04,10.532083333333333,FR
2024-07-05,27.51125,FR
2024-07-06,-4.28625,FR
2024-07-07,11.161666666666667,FR
2024-07-08,70.2325,FR
2024-07-09,46.33375,FR
2024-07-10,67.97541666666667,FR
2024-07-11,78.4175,FR
2024-07-12,54.502916666666664,FR
2024-07-13,30.232916666666668,FR
2024-07-14,19.004166666666666,FR
2024-07-15,50.01333333333333,FR
2024-07-16,40.32791666666667,FR
2024-07-17,74.26875,FR
2024-07-18,82.02291666666666,FR
2024-07-19,78.57916666666667,FR
2024-07-20,52.362500000000004,FR
2024-07-21,25.79625,FR
2024-07-22,57.61375,FR
2024-07-23,53.875416666666666,FR
2024-07-24,61.048750000000005,FR
2024-07-25,53.89458333333334,FR
2024-07-26,64.76666666666667,FR
2024-07-27,41.38875,FR
2024-07-28,17.680833333333332,FR
2024-07-29,31.631666666666664,FR
2024-07-30,52.82749999999999,FR
2024-07-31,65.55958333333334,FR
2024-08-01,79.39999999999999,FR
2024-08-02,78.495,FR
2024-08-03,33.785000000000004,FR
2024-08-04,32.22291666666667,FR
2024-08-05,46.518750000000004,FR
2024-08-06,43.606249999999996,FR
2024-08-07,34.39791666666667,FR
2024-08-08,31.014166666666668,FR
2024-08-09,23.786666666666665,FR
2024-08-10,21.32875,FR
2024-08-11,12.792499999999999,FR
2024-08-12,45.52291666666667,FR
2024-08-13,82.90833333333333,FR
2024-08-14,86.15333333333332,FR
2024-08-15,42.17958333333333,FR
2024-08-16,75.29875,FR
2024-08-17,75.14583333333333,FR
2024-08-18,51.54666666666666,FR
2024-08-19,87.77791666666667,FR
2024-08-20,56.70416666666667,FR
2024-08-21,39.290416666666665,FR
2024-08-22,36.70125,FR
2024-08-23,35.683749999999996,FR
2024-08-24,29.145833333333332,FR
2024-08-25,18.88,FR
2024-08-26,69.11041666666667,FR
2024-08-27,69.52208333333333,FR
2024-08-28,89.39958333333334,FR
2024-08-29,99.20666666666666,FR
2024-08-30,95.1875,FR
2024-08-31,68.66875,FR
2024-09-01,61.543749999999996,FR
2024-09-02,104.93958333333335,FR
2024-09-03,104.21541666666667,FR
2024-09-04,104.69375000000001,FR
2024-09-05,86.12875000000001,FR
2024-09-06,78.79625,FR
2024-09-07,60.69375,FR
2024-09-08,36.88458333333333,FR
2024-09-09,57.002916666666664,FR
2024-09-10,44.03666666666667,FR
2024-09-11,54.59625,FR
2024-09-12,67.88583333333334,FR
2024-09-13,58.4725,FR
2024-09-14,47.651250000000005,FR
2024-09-15,29.958333333333332,FR
2024-09-16,39.135,FR
2024-09-17,21.905416666666667,FR
2024-09-18,48.56625,FR
2024-09-19,54.6025,FR
2024-09-20,56.557916666666664,FR
2024-09-21,33.26375,FR
2024-09-22,45.96875,FR
2024-09-23,54.8225,FR
2024-09-24,54.13708333333333,FR
2024-09-25,42.31916666666667,FR
2024-09-26,28.035416666666666,FR
2024-09-27,15.0525,FR
2024-09-28,27.144166666666667,FR
2024-09-29,24.550833333333333,FR
2024-09-30,12.150416666666667,FR
2024-10-01,62.57375,FR
2024-10-02,90.43458333333332,FR
2024-10-03,57.63916666666666,FR
2024-10-04,88.42375,FR
2024-10-05,64.20041666666667,FR
2024-10-06,24.656666666666666,FR
2024-10-07,56.19916666666666,FR
2024-10-08,32.7475,FR
2024-10-09,33.86208333333334,FR
2024-10-10,47.56333333333333,FR
2024-10-11,87.26708333333333,FR
2024-10-12,50.059583333333336,FR
2024-10-13,17.93375,FR
2024-10-14,89.34791666666666,FR
2024-10-15,71.0275,FR
2024-10-16,30.890416666666667,FR
2024-10-17,59.455000000000005,FR
2024-10-18,67.37708333333333,FR
2024-10-19,38.112500000000004,FR
2024-10-20,13.514583333333333,FR
2024-10-21,67.53333333333333,FR
2024-10-22,86.44,FR
2024-10-23,85.1125,FR
2024-10-24,65.08416666666666,FR
2024-10-25,59.30291666666667,FR
2024-10-26,57.22666666666667,FR
2024-10-27,74.3136,FR
2024-10-28,82.0925,FR
2024-10-29,86.73416666666667,FR
2024-10-30,79.06958333333334,FR
2024-10-31,97.02125000000001,FR
2024-11-01,80.75208333333333,FR
2024-11-02,91.69666666666666,FR
2024-11-03,79.4975,FR
2024-11-04,107.88291666666667,FR
2024-11-05,115.32,FR
2024-11-06,116.48875,FR
2024-11-07,109.47708333333333,FR
2024-11-08,112.12,FR
2024-11-09,111.59625,FR
2024-11-10,105.87625000000001,FR
2024-11-11,99.88666666666667,FR
2024-11-12,103.73541666666667,FR
2024-11-13,123.41666666666667,FR
2024-11-14,125.10125,FR
2024-11-15,124.20708333333333,FR
2024-11-16,107.15583333333332,FR
2024-11-17,89.99958333333335,FR
2024-11-18,113.87541666666665,FR
2024-11-19,87.63875,FR
2024-11-20,112.43374999999999,FR
2024-11-21,113.49583333333334,FR
2024-11-22,110.75791666666667,FR
2024-11-23,70.44416666666667,FR
2024-11-24,10.659166666666666,FR
2024-11-25,66.74083333333333,FR
2024-11-26,114.24166666666667,FR
2024-11-27,82.06291666666667,FR
2024-11-28,109.76916666666666,FR
2024-11-29,114.25291666666668,FR
2024-11-30,105.39625,FR
2024-12-01,91.52666666666666,FR
2024-12-02,106.59916666666668,FR
2024-12-03,142.76708333333332,FR
2024-12-04,144.54208333333332,FR
2024-12-05,108.43416666666667,FR
2024-12-06,87.27916666666665,FR
2024-12-07,42.221666666666664,FR
2024-12-08,37.19541666666667,FR
2024-12-09,88.63208333333334,FR
2024-12-10,126.21333333333332,FR
2024-12-11,164.09666666666666,FR
2024-12-12,173.1258333333333,FR
2024-12-13,176.68541666666667,FR
2024-12-14,109.47041666666667,FR
2024-12-15,73.5,FR
2024-12-16,76.52499999999999,FR
2024-12-17,93.1375,FR
2024-12-18,58.73666666666667,FR
2024-12-19,58.942499999999995,FR
2024-12-20,80.3275,FR
2024-12-21,32.24583333333333,FR
2024-12-22,24.732916666666668,FR
2024-12-23,65.55708333333332,FR
2024-12-24,102.48625,FR
2024-12-25,96.78625,FR
2024-12-26,112.64166666666667,FR
2024-12-27,119.54166666666667,FR
2024-12-28,120.32416666666667,FR
2024-12-29,113.87458333333332,FR
2024-12-30,117.545,FR
2024-12-31,97.09826086956521,FR
2025-01-01,22.59,FR
2025-01-02,107.68541666666665,FR
2025-01-03,115.69375000000001,FR
2025-01-04,121.73833333333333,FR
2025-01-05,47.949999999999996,FR
2025-01-06,35.44375,FR
2025-01-07,74.2625,FR
2025-01-08,104.33291666666668,FR
2025-01-09,85.61500000000001,FR
2025-01-10,112.95708333333334,FR
2025-01-11,106.69125000000001,FR
2025-01-12,108.26166666666666,FR
2025-01-13,125.24791666666665,FR
2025-01-14,136.72333333333333,FR
2025-01-15,160.56833333333333,FR
2025-01-16,139.88375,FR
2025-01-17,142.84,FR
2025-01-18,131.33708333333334,FR
2025-01-19,127.33999999999999,FR
2025-01-20,196.71291666666664,FR
2025-01-21,159.89958333333334,FR
2025-01-22,146.94833333333335,FR
2025-01-23,110.32875,FR
2025-01-24,78.04208333333334,FR
2025-01-25,61.43875,FR
2025-01-26,38.428333333333335,FR
2025-01-27,28.93875,FR
2025-01-28,30.525833333333335,FR
2025-01-29,72.7675,FR
2025-01-30,107.86208333333333,FR
2025-01-31,131.46083333333334,FR
2025-02-01,130.27958333333333,FR
2025-02-02,132.14166666666668,FR
2025-02-03,150.65291666666667,FR
2025-02-04,141.065,FR
2025-02-05,145.30791666666667,FR
2025-02-06,142.57874999999999,FR
2025-02-07,129.77833333333334,FR
2025-02-08,123.31833333333333,FR
2025-02-09,133.74666666666667,FR
2025-02-10,144.21041666666667,FR
2025-02-11,141.57083333333333,FR
2025-02-12,154.36625,FR
2025-02-13,150.62708333333333,FR
2025-02-14,147.95125,FR
2025-02-15,121.07875,FR
2025-02-16,125.30333333333334,FR
2025-02-17,144.87666666666667,FR
2025-02-18,130.18166666666667,FR
2025-02-19,117.30708333333332,FR
2025-02-20,99.48833333333333,FR
2025-02-21,63.90291666666667,FR
2025-02-22,75.14958333333333,FR
2025-02-23,70.30041666666666,FR
2025-02-24,86.75041666666668,FR
2025-02-25,103.69333333333333,FR
2025-02-26,101.84750000000001,FR
2025-02-27,114.745,FR
2025-02-28,112.21749999999999,FR
2025-03-01,97.33583333333333,FR
2025-03-02,91.24041666666666,FR
2025-03-03,117.73125,FR
2025-03-04,109.14999999999999,FR
2025-03-05,88.06041666666665,FR
2025-03-06,72.18666666666667,FR
2025-03-07,59.84,FR
2025-03-08,37.09916666666667,FR
2025-03-09,46.507083333333334,FR
2025-03-10,92.99416666666667,FR
2025-03-11,101.1175,FR
2025-03-12,111.50833333333333,FR
2025-03-13,121.68458333333332,FR
2025-03-14,115.78041666666667,FR
2025-03-15,88.63833333333334,FR
2025-03-16,73.12791666666666,FR
2025-03-17,97.40750000000001,FR
2025-03-18,76.3975,FR
2025-03-19,69.08833333333334,FR
2025-03-20,45.757083333333334,FR
2025-03-21,30.67125,FR
2025-03-22,29.587500000000002,FR
2025-03-23,49.384166666666665,FR
2025-03-24,102.97125,FR
2025-03-25,93.21666666666665,FR
2025-03-26,98.8825,FR
2025-03-27,81.12083333333334,FR
2025-03-28,63.51333333333333,FR
2025-03-29,41.1925,FR
2025-03-30,17.312173913043477,FR
2025-03-31,60.24875,FR
2025-04-01,55.05708333333334,FR
2025-04-02,28.43166666666667,FR
2025-04-03,48.73041666666666,FR
2025-04-04,38.8825,FR
2025-04-05,25.2175,FR
2025-04-06,11.269583333333335,FR
2025-04-07,63.74166666666667,FR
2025-04-08,61.123333333333335,FR
2025-04-09,34.67125,FR
2025-04-10,29.657083333333333,FR
2025-04-11,36.9575,FR
2025-04-12,24.873333333333335,FR
2025-04-13,18.842499999999998,FR
2025-04-14,36.222500000000004,FR
2025-04-15,16.831666666666667,FR
2025-04-16,56.979166666666664,FR
2025-04-17,62.50208333333333,FR
2025-04-18,32.83041666666667,FR
2025-04-19,22.572083333333335,FR
2025-04-20,30.221666666666664,FR
2025-04-21,53.538333333333334,FR
2025-04-22,72.58208333333333,FR
2025-04-23,67.30041666666666,FR
2025-04-24,78.635,FR
2025-04-25,67.33166666666666,FR
2025-04-26,36.685,FR
2025-04-27,34.624583333333334,FR
2025-04-28,46.84041666666667,FR
2025-04-29,24.910416666666666,FR
2025-04-30,48.259166666666665,FR
2025-05-01,5.8999999999999995,FR
2025-05-02,19.587083333333332,FR
2025-05-03,18.390833333333333,FR
2025-05-04,12.42125,FR
2025-05-05,13.485833333333334,FR
2025-05-06,13.591666666666667,FR
2025-05-07,21.734583333333333,FR
2025-05-08,10.069583333333334,FR
2025-05-09,15.301666666666668,FR
2025-05-10,-1.0529166666666667,FR
2025-05-11,-5.84,FR
2025-05-12,25.60083333333333,FR
2025-05-13,46.55041666666667,FR
2025-05-14,34.23875,FR
2025-05-15,15.51,FR
2025-05-16,11.237499999999999,FR
2025-05-17,14.247916666666667,FR
2025-05-18,14.3275,FR
2025-05-19,24.596249999999998,FR
2025-05-20,22.375416666666666,FR
2025-05-21,33.77166666666667,FR
2025-05-22,20.74125,FR
2025-05-23,16.550416666666667,FR
2025-05-24,12.670416666666668,FR
2025-05-25,4.18625,FR
2025-05-26,20.93375,FR
2025-05-27,30.495,FR
2025-05-28,27.08875,FR
2025-05-29,30.559583333333336,FR
2025-05-30,42.0325,FR
2025-05-31,29.358333333333334,FR
2025-06-01,15.522083333333333,FR
2025-06-02,36.56125,FR
2025-06-03,17.242916666666666,FR
2025-06-04,20.660833333333333,FR
2025-06-05,5.2299999999999995,FR
2025-06-06,22.673333333333332,FR
2025-06-07,14.782916666666667,FR
2025-06-08,2.4895833333333335,FR
2025-06-09,16.302916666666665,FR
2025-06-10,26.252916666666668,FR
2025-06-11,30.559583333333332,FR
2025-06-12,27.282916666666665,FR
2025-06-13,49.560833333333335,FR
2025-06-14,29.544166666666666,FR
2025-06-15,17.442916666666665,FR
2025-06-16,35.38291666666667,FR
2025-06-17,47.12041666666667,FR
2025-06-18,65.15833333333333,FR
2025-06-19,46.18833333333333,FR
2025-06-20,71.34333333333333,FR
2025-06-21,71.76333333333334,FR
2025-06-22,24.11791666666667,FR
2025-06-23,26.804166666666664,FR
2025-06-24,56.260416666666664,FR
2025-06-25,77.635,FR
2025-06-26,81.82541666666667,FR
2025-06-27,83.21541666666667,FR
2025-06-28,45.3675,FR
2025-06-29,57.854166666666664,FR
2025-06-30,100.12083333333334,FR
2025-07-01,117.62124999999999,FR
2025-07-02,93.85291666666666,FR
2025-07-03,81.49249999999999,FR
2025-07-04,72.52,FR
2025-07-05,31.272499999999997,FR
2025-07-06,31.593333333333334,FR
2025-07-07,36.78333333333333,FR
2025-07-08,37.49791666666667,FR
2025-07-09,46.062083333333334,FR
2025-07-10,67.61874999999999,FR
2025-07-11,54.427083333333336,FR
2025-07-12,57.112500000000004,FR
2025-07-13,50.24,FR
2025-07-14,53.20875,FR
2025-07-15,58.1975,FR
2025-07-16,64.71208333333333,FR
2025-07-17,91.22541666666666,FR
2025-07-18,92.02125000000001,FR
2025-07-19,46.2525,FR
2025-07-20,20.583333333333332,FR
2025-07-21,24.34166666666667,FR
2025-07-22,59.124583333333334,FR
2025-07-23,83.36833333333333,FR
2025-07-24,74.295,FR
2025-07-25,71.07666666666667,FR
2025-07-26,46.22541666666667,FR
2025-07-27,37.03791666666667,FR
2025-07-28,41.90291666666666,FR
2025-07-29,42.17791666666667,FR
2025-07-30,48.7225,FR
2025-07-31,64.735,FR
2025-08-01,64.79166666666667,FR
2025-08-02,42.78541666666666,FR
2025-08-03,30.477083333333336,FR
2025-08-04,47.0075,FR
2025-08-05,12.1025,FR
2025-08-06,49.42916666666667,FR
2025-08-07,53.446666666666665,FR
2025-08-08,53.86083333333334,FR
2025-08-09,38.0625,FR
2025-08-10,33.00666666666667,FR
2025-08-11,52.107499999999995,FR
2025-08-12,79.83708333333333,FR
2025-08-13,96.56291666666668,FR
2025-08-14,89.68,FR
2025-08-15,57.967083333333335,FR
2025-08-16,47.26125,FR
2025-08-17,40.96458333333333,FR
2025-08-18,69.9675,FR
2025-08-19,71.23541666666667,FR
2025-08-20,64.10541666666667,FR
2025-08-21,32.727916666666665,FR
2025-08-22,50.7175,FR
2025-08-23,63.189166666666665,FR
2025-08-24,57.39124999999999,FR
2025-08-25,75.92583333333333,FR
2025-08-26,76.93583333333333,FR
2025-08-27,87.49916666666667,FR
2025-08-28,58.882083333333334,FR
2025-08-29,35.26125,FR
2025-08-30,35.568333333333335,FR
2025-08-31,18.875416666666666,FR
2025-09-01,33.464166666666664,FR
2025-09-02,28.090833333333332,FR
2025-09-03,18.485416666666666,FR
2025-09-04,30.637916666666666,FR
2025-09-05,56.70041666666666,FR
2025-09-06,20.940416666666668,FR
2025-09-07,13.23625,FR
2025-09-08,66.02458333333333,FR
2025-09-09,51.58166666666667,FR
2025-09-10,13.856666666666667,FR
2025-09-11,10.10375,FR
2025-09-12,18.188333333333333,FR
2025-09-13,9.691666666666666,FR
2025-09-14,15.072083333333332,FR
2025-09-15,3.3841666666666668,FR
2025-09-16,26.74625,FR
2025-09-17,59.35208333333333,FR
2025-09-18,51.39291666666667,FR
2025-09-19,53.57333333333333,FR
2025-09-20,19.996666666666666,FR
2025-09-21,15.901666666666666,FR
2025-09-22,13.1175,FR
2025-09-23,14.16375,FR
2025-09-24,31.58791666666667,FR
2025-09-25,62.77875,FR
2025-09-26,86.77083333333333,FR
2025-09-27,54.15958333333333,FR
2025-09-28,46.581250000000004,FR
2025-09-29,58.34,FR
2025-09-30,60.32083333333333,FR
2025-10-01,63.7690625,FR
2025-10-02,57.55645833333333,FR
2025-10-03,46.58447916666666,FR
2025-10-04,4.6234375000000005,FR
2025-10-05,9.40625,FR
2025-10-06,69.74104166666667,FR
2025-10-07,89.0303125,FR
2025-10-08,95.44666666666666,FR
2025-10-09,83.47687499999999,FR
2025-10-10,83.0496875,FR
2025-10-11,68.48260416666666,FR
2025-10-12,60.080729166666664,FR
2025-10-13,78.5196875,FR
2025-10-14,95.106875,FR
2025-10-15,89.86312500000001,FR
2025-10-16,86.40052083333335,FR
2025-10-17,91.51104166666666,FR
2025-10-18,75.88572916666666,FR
2025-10-19,34.18635416666667,FR
2025-10-20,32.80739583333334,FR
2025-10-21,56.66,FR
2025-10-22,67.06822916666667,FR
2025-10-23,10.451458333333333,FR
2025-10-24,37.423125,FR
2025-10-25,17.319479166666667,FR
2025-10-26,16.0629,FR
2025-10-27,47.66468750000001,FR
2025-10-28,56.168958333333336,FR
2025-10-29,83.40458333333333,FR
2025-10-30,53.258125,FR
2025-10-31,22.306354166666665,FR
2025-11-01,27.119583333333335,FR
2025-11-02,25.09583333333333,FR
2025-11-03,46.189375000000005,FR
2025-11-04,20.9459375,FR
2025-11-05,21.4659375,FR
2025-11-06,62.29750000000001,FR
2025-11-07,66.63697916666666,FR
2025-11-08,56.0875,FR
2025-11-09,60.37041666666667,FR
2025-11-10,49.130208333333336,FR
2025-11-11,22.820833333333336,FR
2025-11-12,21.2346875,FR
2025-11-13,31.58520833333333,FR
2025-11-14,25.999791666666667,FR
2025-11-15,31.279687499999998,FR
2025-11-16,36.919583333333335,FR
2025-11-17,63.59395833333334,FR
2025-11-18,88.05572916666667,FR
2025-11-19,87.57989583333334,FR
2025-11-20,102.18677083333334,FR
2025-11-21,112.72145833333333,FR
2025-11-22,86.1615625,FR
2025-11-23,69.90927083333334,FR
2025-11-24,77.94052083333334,FR
2025-11-25,70.0,FR
2025-11-26,96.3196875,FR
2025-11-27,83.9303125,FR
2025-11-28,78.09708333333333,FR
2025-11-29,73.81010416666668,FR
2025-11-30,78.3259375,FR
2025-12-01,77.99322916666667,FR
2025-12-02,83.1275,FR
2025-12-03,89.92364583333334,FR
2025-12-04,76.17416666666666,FR
2025-12-05,80.01489583333334,FR
2025-12-06,25.160104166666667,FR
2025-12-07,20.183541666666667,FR
2025-12-08,34.75291666666667,FR
2025-12-09,28.793125,FR
2025-12-10,67.454375,FR
2025-12-11,79.88791666666667,FR
2025-12-12,83.51458333333333,FR
2025-12-13,76.39822916666667,FR
2025-12-14,69.57802083333333,FR
2025-12-15,73.87854166666666,FR
2025-12-16,91.58072916666667,FR
2025-12-17,85.0,FR
2025-12-18,34.254375,FR
2025-12-19,67.575625,FR
2025-12-20,70.15895833333333,FR
2025-12-21,61.47958333333333,FR
2025-12-22,72.8853125,FR
2025-12-23,76.29416666666667,FR
2025-12-24,37.37,FR
2025-12-25,47.43395833333333,FR
2025-12-26,87.36770833333333,FR
2025-12-27,80.47364583333334,FR
2025-12-28,84.07000000000001,FR
2025-12-29,94.46656250000001,FR
2025-12-30,84.36791666666666,FR
2025-12-31,89.0058947368421,FR
2026-01-01,48.67958333333333,FR
2026-01-02,68.0440625,FR
2026-01-03,88.99583333333334,FR
2026-01-04,94.05510416666668,FR
2026-01-05,128.20885416666667,FR
2026-01-06,127.40020833333334,FR
2026-01-07,105.33822916666666,FR
2026-01-08,108.16104166666666,FR
2026-01-09,70.61416666666666,FR
2026-01-10,80.40291666666667,FR
2026-01-11,87.86677083333332,FR
2026-01-12,86.4940625,FR
2026-01-13,90.05083333333333,FR
2026-01-14,112.486875,FR
2026-01-15,97.57989583333334,FR
2026-01-16,112.84572916666667,FR
2026-01-17,112.74145833333334,FR
2026-01-18,110.44354166666666,FR
2026-01-19,134.34020833333332,FR
2026-01-20,101.63708333333334,FR
2026-01-21,87.74083333333334,FR
2026-01-22,88.61614583333333,FR
2026-01-23,102.76166666666667,FR
2026-01-24,104.3071875,FR
2026-01-25,99.86333333333333,FR
2026-01-26,116.59583333333335,FR
2026-01-27,94.4878125,FR
2026-01-28,126.51947916666667,FR
2026-01-29,117.2315625,FR
2026-01-30,104.03677083333334,FR
2026-01-31,111.61145833333335,FR
2026-02-01,110.04760416666666,FR
2026-02-02,109.9253125,FR
2026-02-03,86.94156249999999,FR
2026-02-04,88.65375,FR
2026-02-05,70.249375,FR
2026-02-06,69.349375,FR
2026-02-07,62.65177083333333,FR
2026-02-08,76.61145833333333,FR
2026-02-09,83.6040625,FR
2026-02-10,55.555,FR
2026-02-11,13.610729166666667,FR
2026-02-12,16.833229166666666,FR
2026-02-13,58.12072916666667,FR
2026-02-14,34.1190625,FR
2026-02-15,15.390104166666667,FR
2026-02-16,12.131666666666668,FR
2026-02-17,45.73135416666667,FR
2026-02-18,29.597291666666667,FR
2026-02-19,37.395,FR
2026-02-20,47.09041666666667,FR
2026-02-21,16.736458333333335,FR
2026-02-22,9.5646875,FR
2026-02-23,27.675625,FR
2026-02-24,31.5378125,FR
2026-02-25,26.969895833333336,FR
2026-02-26,22.747604166666665,FR
2026-02-27,12.701458333333333,FR
2026-02-28,17.029479166666665,FR
2026-03-01,18.315520833333334,FR
2026-03-02,29.297291666666666,FR
2026-03-03,59.31854166666667,FR
2026-03-04,75.06010416666668,FR
2026-03-05,83.24875,FR
2026-03-06,72.43302083333333,FR
2026-03-07,62.03875,FR
2026-03-08,77.07656250000001,FR
2026-03-09,120.66229166666666,FR
2026-03-10,125.0259375,FR
2026-03-11,54.3984375,FR
2026-03-12,50.89666666666667,FR
2026-03-13,41.564375000000005,FR
2026-03-14,109.493125,FR
2026-03-15,63.3290625,FR
2026-03-16,63.30072916666666,FR
2026-03-17,71.68249999999999,FR
2026-03-18,25.995729166666667,FR
2026-03-19,30.7471875,FR
2026-03-20,55.06791666666666,FR
2026-03-21,40.566250000000004,FR
2026-03-22,40.963125,FR
2026-03-23,86.31166666666667,FR
2026-03-24,51.057812500000004,FR
2026-03-25,16.2209375,FR
2026-03-26,70.6271875,FR
2026-03-27,114.99645833333334,FR
2026-03-28,62.6253125,FR
2026-03-29,50.45260869565218,FR
2026-03-30,47.27729166666666,FR
2026-03-31,108.76166666666667,FR
2026-04-01,134.69947916666666,FR
2026-04-02,109.9878125,FR
2026-04-03,75.40989583333334,FR
2026-04-04,19.588541666666668,FR
2026-04-05,-3.5630208333333333,FR
2026-04-06,3.4743749999999998,FR
2026-04-07,36.18635416666667,FR
2026-04-08,54.173750000000005,FR
2026-04-09,51.78822916666667,FR
2026-04-10,39.93208333333333,FR
2026-04-11,10.935416666666667,FR
2026-04-12,40.844479166666666,FR
2026-04-13,117.63645833333334,FR
2026-04-14,90.56197916666667,FR
2026-04-15,70.30489583333333,FR
2026-04-16,73.31406249999999,FR
2026-04-17,72.07875,FR
2026-04-18,47.29989583333333,FR
2026-04-19,25.32020833333333,FR
2026-04-20,21.069791666666667,FR
2026-04-21,16.538333333333334,FR
2026-04-22,11.440520833333332,FR
2026-04-23,20.79854166666667,FR
2026-04-24,22.99802083333333,FR
2026-04-25,1.3145833333333334,FR
2026-04-26,-40.8325,FR
2026-04-27,36.910312499999996,FR
2026-04-28,18.845,FR
2026-04-29,3.317604166666667,FR
2026-04-30,11.588229166666666,FR
2026-05-01,-41.39270833333333,FR
2026-05-02,25.594791666666666,FR
2026-05-03,32.302708333333335,FR
2026-05-04,111.38375,FR
2026-05-05,92.05593750000001,FR
2026-05-06,113.39739583333333,FR
2026-05-07,98.55541666666666,FR
2026-05-08,51.50510416666666,FR
2026-05-09,29.503854166666667,FR
2026-05-10,21.2209375,FR
2026-05-11,37.012499999999996,FR
2026-05-12,69.626875,FR
2026-05-13,35.09010416666667,FR
2026-05-14,24.364270833333332,FR
2026-05-15,42.78802083333333,FR
2026-05-16,48.7321875,FR
2026-05-17,50.54604166666667,FR
2026-05-18,79.32531250000001,FR
2026-05-19,45.07177083333334,FR
2026-05-20,46.034479166666664,FR
2026-05-21,60.53135416666667,FR
2026-05-22,59.765208333333334,FR
2026-05-23,34.321041666666666,FR
2026-05-24,17.516041666666666,FR
2026-05-25,50.0,FR
