geo,year,deprivation_rate,immigration_count,log_immigration,immigration_lag1,country_Belgium,country_Bulgaria,country_Croatia,country_Cyprus,country_Czechia,country_Denmark,country_Estonia,country_Finland,country_France,country_Germany,country_Greece,country_Hungary,country_Iceland,country_Ireland,country_Italy,country_Latvia,country_Lithuania,country_Luxembourg,country_Malta,country_Montenegro,country_Netherlands,country_North Macedonia,country_Norway,country_Poland,country_Portugal,country_Romania,country_Slovakia,country_Slovenia,country_Spain,country_Sweden,country_Switzerland,country_United Kingdom
Austria,2014,31.0,116262.0,11.663610145154312,11.531423319852347,False,False,False,False,False,False,False,False,False,False,False,False,False,False,False,False,False,False,False,False,False,False,False,False,False,False,False,False,False,False,False,False
Austria,2015,31.2,166323.0,12.021692972266747,11.663610145154312,False,False,False,False,False,False,False,False,False,False,False,False,False,False,False,False,False,False,False,False,False,False,False,False,False,False,False,False,False,False,False,False
Austria,2016,31.2,129509.0,11.771513377217634,12.021692972266747,False,False,False,False,False,False,False,False,False,False,False,False,False,False,False,False,False,False,False,False,False,False,False,False,False,False,False,False,False,False,False,False
Austria,2017,31.2,111801.0,11.624484728630785,11.771513377217634,False,False,False,False,False,False,False,False,False,False,False,False,False,False,False,False,False,False,False,False,False,False,False,False,False,False,False,False,False,False,False,False
Austria,2018,31.0,105633.0,11.567735568130148,11.624484728630785,False,False,False,False,False,False,False,False,False,False,False,False,False,False,False,False,False,False,False,False,False,False,False,False,False,False,False,False,False,False,False,False
Austria,2019,29.9,109167.0,11.600643259055206,11.567735568130148,False,False,False,False,False,False,False,False,False,False,False,False,False,False,False,False,False,False,False,False,False,False,False,False,False,False,False,False,False,False,False,False
Austria,2020,31.5,103565.0,11.547964369614744,11.600643259055206,False,False,False,False,False,False,False,False,False,False,False,False,False,False,False,False,False,False,False,False,False,False,False,False,False,False,False,False,False,False,False,False
Austria,2021,31.1,118511.0,11.68276950025307,11.547964369614744,False,False,False,False,False,False,False,False,False,False,False,False,False,False,False,False,False,False,False,False,False,False,False,False,False,False,False,False,False,False,False,False
Austria,2022,31.3,201622.0,12.214154895973477,11.68276950025307,False,False,False,False,False,False,False,False,False,False,False,False,False,False,False,False,False,False,False,False,False,False,False,False,False,False,False,False,False,False,False,False
Austria,2023,30.8,147591.0,11.902206989137602,12.214154895973477,False,False,False,False,False,False,False,False,False,False,False,False,False,False,False,False,False,False,False,False,False,False,False,False,False,False,False,False,False,False,False,False
Austria,2024,30.1,128805.0,11.766062675418327,11.902206989137602,False,False,False,False,False,False,False,False,False,False,False,False,False,False,False,False,False,False,False,False,False,False,False,False,False,False,False,False,False,False,False,False
Belgium,2014,72.0,123158.0,11.721231482486148,11.695905138491188,True,False,False,False,False,False,False,False,False,False,False,False,False,False,False,False,False,False,False,False,False,False,False,False,False,False,False,False,False,False,False,False
Belgium,2015,71.2,146626.0,11.895647226101454,11.721231482486148,True,False,False,False,False,False,False,False,False,False,False,False,False,False,False,False,False,False,False,False,False,False,False,False,False,False,False,False,False,False,False,False
Belgium,2016,67.3,123702.0,11.725638810309619,11.895647226101454,True,False,False,False,False,False,False,False,False,False,False,False,False,False,False,False,False,False,False,False,False,False,False,False,False,False,False,False,False,False,False,False
Belgium,2017,65.0,126703.0,11.749608936450194,11.725638810309619,True,False,False,False,False,False,False,False,False,False,False,False,False,False,False,False,False,False,False,False,False,False,False,False,False,False,False,False,False,False,False,False
Belgium,2018,58.6,137860.0,11.834001210149008,11.749608936450194,True,False,False,False,False,False,False,False,False,False,False,False,False,False,False,False,False,False,False,False,False,False,False,False,False,False,False,False,False,False,False,False
Belgium,2019,58.8,150006.0,11.918437238656205,11.834001210149008,True,False,False,False,False,False,False,False,False,False,False,False,False,False,False,False,False,False,False,False,False,False,False,False,False,False,False,False,False,False,False,False
Belgium,2020,58.5,118683.0,11.684219777914981,11.918437238656205,True,False,False,False,False,False,False,False,False,False,False,False,False,False,False,False,False,False,False,False,False,False,False,False,False,False,False,False,False,False,False,False
Belgium,2021,59.2,139743.0,11.847567456285287,11.684219777914981,True,False,False,False,False,False,False,False,False,False,False,False,False,False,False,False,False,False,False,False,False,False,False,False,False,False,False,False,False,False,False,False
Belgium,2022,59.6,208356.0,12.247008233598438,11.847567456285287,True,False,False,False,False,False,False,False,False,False,False,False,False,False,False,False,False,False,False,False,False,False,False,False,False,False,False,False,False,False,False,False
Belgium,2023,59.2,169609.0,12.041256962865885,12.247008233598438,True,False,False,False,False,False,False,False,False,False,False,False,False,False,False,False,False,False,False,False,False,False,False,False,False,False,False,False,False,False,False,False
Belgium,2024,57.9,162926.0,12.001057526712163,12.041256962865885,True,False,False,False,False,False,False,False,False,False,False,False,False,False,False,False,False,False,False,False,False,False,False,False,False,False,False,False,False,False,False,False
Bulgaria,2014,9.8,26615.0,10.189267817698312,9.829356503193052,False,True,False,False,False,False,False,False,False,False,False,False,False,False,False,False,False,False,False,False,False,False,False,False,False,False,False,False,False,False,False,False
Bulgaria,2015,10.7,25223.0,10.135551201224898,10.189267817698312,False,True,False,False,False,False,False,False,False,False,False,False,False,False,False,False,False,False,False,False,False,False,False,False,False,False,False,False,False,False,False,False
Bulgaria,2016,10.5,21241.0,9.963735632881486,10.135551201224898,False,True,False,False,False,False,False,False,False,False,False,False,False,False,False,False,False,False,False,False,False,False,False,False,False,False,False,False,False,False,False,False
Bulgaria,2017,11.1,25597.0,10.150269502415737,9.963735632881486,False,True,False,False,False,False,False,False,False,False,False,False,False,False,False,False,False,False,False,False,False,False,False,False,False,False,False,False,False,False,False,False
Bulgaria,2018,11.5,29559.0,10.294177375062137,10.150269502415737,False,True,False,False,False,False,False,False,False,False,False,False,False,False,False,False,False,False,False,False,False,False,False,False,False,False,False,False,False,False,False,False
Bulgaria,2019,11.5,37929.0,10.543497634682945,10.294177375062137,False,True,False,False,False,False,False,False,False,False,False,False,False,False,False,False,False,False,False,False,False,False,False,False,False,False,False,False,False,False,False,False
Bulgaria,2020,12.1,37364.0,10.52848971636439,10.543497634682945,False,True,False,False,False,False,False,False,False,False,False,False,False,False,False,False,False,False,False,False,False,False,False,False,False,False,False,False,False,False,False,False
Bulgaria,2021,11.8,39461.0,10.583093462529407,10.52848971636439,False,True,False,False,False,False,False,False,False,False,False,False,False,False,False,False,False,False,False,False,False,False,False,False,False,False,False,False,False,False,False,False
Bulgaria,2022,12.7,40619.0,10.612015835134375,10.583093462529407,False,True,False,False,False,False,False,False,False,False,False,False,False,False,False,False,False,False,False,False,False,False,False,False,False,False,False,False,False,False,False,False
Bulgaria,2023,13.7,56807.0,10.94743243986193,10.612015835134375,False,True,False,False,False,False,False,False,False,False,False,False,False,False,False,False,False,False,False,False,False,False,False,False,False,False,False,False,False,False,False,False
Bulgaria,2024,14.3,52189.0,10.862646184637459,10.94743243986193,False,True,False,False,False,False,False,False,False,False,False,False,False,False,False,False,False,False,False,False,False,False,False,False,False,False,False,False,False,False,False,False
Croatia,2014,9.1,10638.0,9.272281773516365,9.24753981296529,False,False,True,False,False,False,False,False,False,False,False,False,False,False,False,False,False,False,False,False,False,False,False,False,False,False,False,False,False,False,False,False
Croatia,2015,10.1,11706.0,9.367942232479672,9.272281773516365,False,False,True,False,False,False,False,False,False,False,False,False,False,False,False,False,False,False,False,False,False,False,False,False,False,False,False,False,False,False,False,False
Croatia,2016,10.4,13985.0,9.545812108263812,9.367942232479672,False,False,True,False,False,False,False,False,False,False,False,False,False,False,False,False,False,False,False,False,False,False,False,False,False,False,False,False,False,False,False,False
Croatia,2017,11.0,15553.0,9.652073119254888,9.545812108263812,False,False,True,False,False,False,False,False,False,False,False,False,False,False,False,False,False,False,False,False,False,False,False,False,False,False,False,False,False,False,False,False
Croatia,2018,11.6,26029.0,10.167004997988611,9.652073119254888,False,False,True,False,False,False,False,False,False,False,False,False,False,False,False,False,False,False,False,False,False,False,False,False,False,False,False,False,False,False,False,False
Croatia,2019,12.0,37726.0,10.538131297472674,10.167004997988611,False,False,True,False,False,False,False,False,False,False,False,False,False,False,False,False,False,False,False,False,False,False,False,False,False,False,False,False,False,False,False,False
Croatia,2020,12.7,33414.0,10.41676017994517,10.538131297472674,False,False,True,False,False,False,False,False,False,False,False,False,False,False,False,False,False,False,False,False,False,False,False,False,False,False,False,False,False,False,False,False
Croatia,2021,13.8,35912.0,10.48885462591948,10.41676017994517,False,False,True,False,False,False,False,False,False,False,False,False,False,False,False,False,False,False,False,False,False,False,False,False,False,False,False,False,False,False,False,False
Croatia,2022,14.7,57972.0,10.967732663900387,10.48885462591948,False,False,True,False,False,False,False,False,False,False,False,False,False,False,False,False,False,False,False,False,False,False,False,False,False,False,False,False,False,False,False,False
Croatia,2023,15.2,69396.0,11.147598917894847,10.967732663900387,False,False,True,False,False,False,False,False,False,False,False,False,False,False,False,False,False,False,False,False,False,False,False,False,False,False,False,False,False,False,False,False
Croatia,2024,14.6,70391.0,11.161834899325397,11.147598917894847,False,False,True,False,False,False,False,False,False,False,False,False,False,False,False,False,False,False,False,False,False,False,False,False,False,False,False,False,False,False,False,False
Cyprus,2014,69.7,13003.0,9.473012281423795,9.5227394469648,False,False,False,True,False,False,False,False,False,False,False,False,False,False,False,False,False,False,False,False,False,False,False,False,False,False,False,False,False,False,False,False
Cyprus,2015,71.1,15364.0,9.639847474564585,9.473012281423795,False,False,False,True,False,False,False,False,False,False,False,False,False,False,False,False,False,False,False,False,False,False,False,False,False,False,False,False,False,False,False,False
Cyprus,2016,69.6,18590.0,9.830432871630217,9.639847474564585,False,False,False,True,False,False,False,False,False,False,False,False,False,False,False,False,False,False,False,False,False,False,False,False,False,False,False,False,False,False,False,False
Cyprus,2017,70.8,22458.0,10.019446703703723,9.830432871630217,False,False,False,True,False,False,False,False,False,False,False,False,False,False,False,False,False,False,False,False,False,False,False,False,False,False,False,False,False,False,False,False
Cyprus,2018,71.4,25740.0,10.155840330434325,10.019446703703723,False,False,False,True,False,False,False,False,False,False,False,False,False,False,False,False,False,False,False,False,False,False,False,False,False,False,False,False,False,False,False,False
Cyprus,2019,70.2,27553.0,10.223902994604545,10.155840330434325,False,False,False,True,False,False,False,False,False,False,False,False,False,False,False,False,False,False,False,False,False,False,False,False,False,False,False,False,False,False,False,False
Cyprus,2020,70.4,22850.0,10.036750159040897,10.223902994604545,False,False,False,True,False,False,False,False,False,False,False,False,False,False,False,False,False,False,False,False,False,False,False,False,False,False,False,False,False,False,False,False
Cyprus,2021,72.2,25473.0,10.145413603149704,10.036750159040897,False,False,False,True,False,False,False,False,False,False,False,False,False,False,False,False,False,False,False,False,False,False,False,False,False,False,False,False,False,False,False,False
Cyprus,2022,69.8,37558.0,10.533668308899614,10.145413603149704,False,False,False,True,False,False,False,False,False,False,False,False,False,False,False,False,False,False,False,False,False,False,False,False,False,False,False,False,False,False,False,False
Cyprus,2023,71.1,40761.0,10.615505553846324,10.533668308899614,False,False,False,True,False,False,False,False,False,False,False,False,False,False,False,False,False,False,False,False,False,False,False,False,False,False,False,False,False,False,False,False
Cyprus,2024,70.1,40471.0,10.608365655971772,10.615505553846324,False,False,False,True,False,False,False,False,False,False,False,False,False,False,False,False,False,False,False,False,False,False,False,False,False,False,False,False,False,False,False,False
Czechia,2014,21.3,29897.0,10.30554686750946,10.313110670792955,False,False,False,False,True,False,False,False,False,False,False,False,False,False,False,False,False,False,False,False,False,False,False,False,False,False,False,False,False,False,False,False
Czechia,2015,22.1,29602.0,10.295630986527803,10.30554686750946,False,False,False,False,True,False,False,False,False,False,False,False,False,False,False,False,False,False,False,False,False,False,False,False,False,False,False,False,False,False,False,False
Czechia,2016,24.2,64083.0,11.067950001766604,10.295630986527803,False,False,False,False,True,False,False,False,False,False,False,False,False,False,False,False,False,False,False,False,False,False,False,False,False,False,False,False,False,False,False,False
Czechia,2017,25.6,51847.0,10.856071640107553,11.067950001766604,False,False,False,False,True,False,False,False,False,False,False,False,False,False,False,False,False,False,False,False,False,False,False,False,False,False,False,False,False,False,False,False
Czechia,2018,26.8,65910.0,11.09606062613619,10.856071640107553,False,False,False,False,True,False,False,False,False,False,False,False,False,False,False,False,False,False,False,False,False,False,False,False,False,False,False,False,False,False,False,False
Czechia,2019,27.3,105888.0,11.570146654617513,11.09606062613619,False,False,False,False,True,False,False,False,False,False,False,False,False,False,False,False,False,False,False,False,False,False,False,False,False,False,False,False,False,False,False,False
Czechia,2020,27.3,63095.0,11.052412655077827,11.570146654617513,False,False,False,False,True,False,False,False,False,False,False,False,False,False,False,False,False,False,False,False,False,False,False,False,False,False,False,False,False,False,False,False
Czechia,2021,27.2,69360.0,11.147080028882211,11.052412655077827,False,False,False,False,True,False,False,False,False,False,False,False,False,False,False,False,False,False,False,False,False,False,False,False,False,False,False,False,False,False,False,False
Czechia,2022,26.7,347429.0,12.758318484846534,11.147080028882211,False,False,False,False,True,False,False,False,False,False,False,False,False,False,False,False,False,False,False,False,False,False,False,False,False,False,False,False,False,False,False,False
Czechia,2023,27.1,142149.0,11.864638117079146,12.758318484846534,False,False,False,False,True,False,False,False,False,False,False,False,False,False,False,False,False,False,False,False,False,False,False,False,False,False,False,False,False,False,False,False
Czechia,2024,26.7,123910.0,11.72731884495163,11.864638117079146,False,False,False,False,True,False,False,False,False,False,False,False,False,False,False,False,False,False,False,False,False,False,False,False,False,False,False,False,False,False,False,False
Denmark,2014,45.5,68388.0,11.132967271964477,11.007302948202419,False,False,False,False,False,True,False,False,False,False,False,False,False,False,False,False,False,False,False,False,False,False,False,False,False,False,False,False,False,False,False,False
Denmark,2015,44.6,78492.0,11.270764727819921,11.132967271964477,False,False,False,False,False,True,False,False,False,False,False,False,False,False,False,False,False,False,False,False,False,False,False,False,False,False,False,False,False,False,False,False
Denmark,2016,44.0,74383.0,11.216996143930366,11.270764727819921,False,False,False,False,False,True,False,False,False,False,False,False,False,False,False,False,False,False,False,False,False,False,False,False,False,False,False,False,False,False,False,False
Denmark,2017,43.6,68579.0,11.13575622601691,11.216996143930366,False,False,False,False,False,True,False,False,False,False,False,False,False,False,False,False,False,False,False,False,False,False,False,False,False,False,False,False,False,False,False,False
Denmark,2018,41.9,64669.0,11.077052694440638,11.13575622601691,False,False,False,False,False,True,False,False,False,False,False,False,False,False,False,False,False,False,False,False,False,False,False,False,False,False,False,False,False,False,False,False
Denmark,2019,42.6,61384.0,11.02492078461494,11.077052694440638,False,False,False,False,False,True,False,False,False,False,False,False,False,False,False,False,False,False,False,False,False,False,False,False,False,False,False,False,False,False,False,False
Denmark,2020,42.9,57230.0,10.954850988603628,11.02492078461494,False,False,False,False,False,True,False,False,False,False,False,False,False,False,False,False,False,False,False,False,False,False,False,False,False,False,False,False,False,False,False,False
Denmark,2021,42.5,63489.0,11.058637692164496,10.954850988603628,False,False,False,False,False,True,False,False,False,False,False,False,False,False,False,False,False,False,False,False,False,False,False,False,False,False,False,False,False,False,False,False
Denmark,2022,42.6,121183.0,11.70506533070152,11.058637692164496,False,False,False,False,False,True,False,False,False,False,False,False,False,False,False,False,False,False,False,False,False,False,False,False,False,False,False,False,False,False,False,False
Denmark,2023,43.1,98344.0,11.496236983683993,11.70506533070152,False,False,False,False,False,True,False,False,False,False,False,False,False,False,False,False,False,False,False,False,False,False,False,False,False,False,False,False,False,False,False,False
Denmark,2024,42.4,101724.0,11.530028372869891,11.496236983683993,False,False,False,False,False,True,False,False,False,False,False,False,False,False,False,False,False,False,False,False,False,False,False,False,False,False,False,False,False,False,False,False
Estonia,2014,29.5,3904.0,8.270013062273787,8.32117830749028,False,False,False,False,False,False,True,False,False,False,False,False,False,False,False,False,False,False,False,False,False,False,False,False,False,False,False,False,False,False,False,False
Estonia,2015,29.2,15413.0,9.643031466337938,8.270013062273787,False,False,False,False,False,False,True,False,False,False,False,False,False,False,False,False,False,False,False,False,False,False,False,False,False,False,False,False,False,False,False,False
Estonia,2016,29.0,14822.0,9.60393530751386,9.643031466337938,False,False,False,False,False,False,True,False,False,False,False,False,False,False,False,False,False,False,False,False,False,False,False,False,False,False,False,False,False,False,False,False
Estonia,2017,29.3,17616.0,9.77661962392714,9.60393530751386,False,False,False,False,False,False,True,False,False,False,False,False,False,False,False,False,False,False,False,False,False,False,False,False,False,False,False,False,False,False,False,False
Estonia,2018,31.2,17547.0,9.772695262286105,9.77661962392714,False,False,False,False,False,False,True,False,False,False,False,False,False,False,False,False,False,False,False,False,False,False,False,False,False,False,False,False,False,False,False,False
Estonia,2019,29.9,18259.0,9.81246815414896,9.772695262286105,False,False,False,False,False,False,True,False,False,False,False,False,False,False,False,False,False,False,False,False,False,False,False,False,False,False,False,False,False,False,False,False
Estonia,2020,30.3,16209.0,9.693383614729722,9.81246815414896,False,False,False,False,False,False,True,False,False,False,False,False,False,False,False,False,False,False,False,False,False,False,False,False,False,False,False,False,False,False,False,False
Estonia,2021,27.9,19524.0,9.879450974707886,9.693383614729722,False,False,False,False,False,False,True,False,False,False,False,False,False,False,False,False,False,False,False,False,False,False,False,False,False,False,False,False,False,False,False,False
Estonia,2022,27.2,49414.0,10.808009300810284,9.879450974707886,False,False,False,False,False,False,True,False,False,False,False,False,False,False,False,False,False,False,False,False,False,False,False,False,False,False,False,False,False,False,False,False
Estonia,2023,25.7,26399.0,10.181119289134408,10.808009300810284,False,False,False,False,False,False,True,False,False,False,False,False,False,False,False,False,False,False,False,False,False,False,False,False,False,False,False,False,False,False,False,False
Estonia,2024,25.7,18634.0,9.832796811913358,10.181119289134408,False,False,False,False,False,False,True,False,False,False,False,False,False,False,False,False,False,False,False,False,False,False,False,False,False,False,False,False,False,False,False,False
Finland,2014,48.7,31507.0,10.357996760823214,10.371677037216255,False,False,False,False,False,False,False,True,False,False,False,False,False,False,False,False,False,False,False,False,False,False,False,False,False,False,False,False,False,False,False,False
Finland,2015,48.7,28746.0,10.266288692954797,10.357996760823214,False,False,False,False,False,False,False,True,False,False,False,False,False,False,False,False,False,False,False,False,False,False,False,False,False,False,False,False,False,False,False,False
Finland,2016,48.0,34905.0,10.460414013184781,10.266288692954797,False,False,False,False,False,False,False,True,False,False,False,False,False,False,False,False,False,False,False,False,False,False,False,False,False,False,False,False,False,False,False,False
Finland,2017,46.8,31797.0,10.367158673708655,10.460414013184781,False,False,False,False,False,False,False,True,False,False,False,False,False,False,False,False,False,False,False,False,False,False,False,False,False,False,False,False,False,False,False,False
Finland,2018,46.9,31106.0,10.345188153226388,10.367158673708655,False,False,False,False,False,False,False,True,False,False,False,False,False,False,False,False,False,False,False,False,False,False,False,False,False,False,False,False,False,False,False,False
Finland,2019,47.5,32758.0,10.396933012470582,10.345188153226388,False,False,False,False,False,False,False,True,False,False,False,False,False,False,False,False,False,False,False,False,False,False,False,False,False,False,False,False,False,False,False,False
Finland,2020,47.5,32898.0,10.401197541154744,10.396933012470582,False,False,False,False,False,False,False,True,False,False,False,False,False,False,False,False,False,False,False,False,False,False,False,False,False,False,False,False,False,False,False,False
Finland,2021,46.5,36364.0,10.501362052588641,10.401197541154744,False,False,False,False,False,False,False,True,False,False,False,False,False,False,False,False,False,False,False,False,False,False,False,False,False,False,False,False,False,False,False,False
Finland,2022,48.3,49998.0,10.81975828421028,10.501362052588641,False,False,False,False,False,False,False,True,False,False,False,False,False,False,False,False,False,False,False,False,False,False,False,False,False,False,False,False,False,False,False,False
Finland,2023,48.2,73236.0,11.201456036726139,10.81975828421028,False,False,False,False,False,False,False,True,False,False,False,False,False,False,False,False,False,False,False,False,False,False,False,False,False,False,False,False,False,False,False,False
Finland,2024,46.9,63965.0,11.066106971178531,11.201456036726139,False,False,False,False,False,False,False,True,False,False,False,False,False,False,False,False,False,False,False,False,False,False,False,False,False,False,False,False,False,False,False,False
France,2014,43.8,340383.0,12.737829671051392,12.733026507225393,False,False,False,False,False,False,False,False,True,False,False,False,False,False,False,False,False,False,False,False,False,False,False,False,False,False,False,False,False,False,False,False
France,2015,43.5,364221.0,12.805518850821379,12.737829671051392,False,False,False,False,False,False,False,False,True,False,False,False,False,False,False,False,False,False,False,False,False,False,False,False,False,False,False,False,False,False,False,False
France,2016,43.3,377709.0,12.841881984389248,12.805518850821379,False,False,False,False,False,False,False,False,True,False,False,False,False,False,False,False,False,False,False,False,False,False,False,False,False,False,False,False,False,False,False,False
France,2017,43.2,369621.0,12.820236140787719,12.841881984389248,False,False,False,False,False,False,False,False,True,False,False,False,False,False,False,False,False,False,False,False,False,False,False,False,False,False,False,False,False,False,False,False
France,2018,43.6,387160.0,12.866595906171147,12.820236140787719,False,False,False,False,False,False,False,False,True,False,False,False,False,False,False,False,False,False,False,False,False,False,False,False,False,False,False,False,False,False,False,False
France,2019,43.8,385596.0,12.862548061605276,12.866595906171147,False,False,False,False,False,False,False,False,True,False,False,False,False,False,False,False,False,False,False,False,False,False,False,False,False,False,False,False,False,False,False,False
France,2020,42.2,331137.0,12.710290485901863,12.862548061605276,False,False,False,False,False,False,False,False,True,False,False,False,False,False,False,False,False,False,False,False,False,False,False,False,False,False,False,False,False,False,False,False
France,2021,41.8,388513.0,12.870084484176592,12.710290485901863,False,False,False,False,False,False,False,False,True,False,False,False,False,False,False,False,False,False,False,False,False,False,False,False,False,False,False,False,False,False,False,False
France,2022,41.6,490655.0,13.103498550236116,12.870084484176592,False,False,False,False,False,False,False,False,True,False,False,False,False,False,False,False,False,False,False,False,False,False,False,False,False,False,False,False,False,False,False,False
France,2023,40.2,467548.0,13.055259435052623,13.103498550236116,False,False,False,False,False,False,False,False,True,False,False,False,False,False,False,False,False,False,False,False,False,False,False,False,False,False,False,False,False,False,False,False
France,2024,40.0,438626.0,12.99140467257874,13.055259435052623,False,False,False,False,False,False,False,False,True,False,False,False,False,False,False,False,False,False,False,False,False,False,False,False,False,False,False,False,False,False,False,False
Germany,2014,36.6,898840.0,13.708861434630307,13.448372494575914,False,False,False,False,False,False,False,False,False,True,False,False,False,False,False,False,False,False,False,False,False,False,False,False,False,False,False,False,False,False,False,False
Germany,2015,35.7,1595865.0,14.282927093567313,13.708861434630307,False,False,False,False,False,False,False,False,False,True,False,False,False,False,False,False,False,False,False,False,False,False,False,False,False,False,False,False,False,False,False,False
Germany,2016,35.3,1042484.0,13.857117844062369,14.282927093567313,False,False,False,False,False,False,False,False,False,True,False,False,False,False,False,False,False,False,False,False,False,False,False,False,False,False,False,False,False,False,False,False
Germany,2017,35.4,900291.0,13.710474434130175,13.857117844062369,False,False,False,False,False,False,False,False,False,True,False,False,False,False,False,False,False,False,False,False,False,False,False,False,False,False,False,False,False,False,False,False
Germany,2018,36.0,855708.0,13.659685644055639,13.710474434130175,False,False,False,False,False,False,False,False,False,True,False,False,False,False,False,False,False,False,False,False,False,False,False,False,False,False,False,False,False,False,False,False
Germany,2019,35.3,834338.0,13.634395073572517,13.659685644055639,False,False,False,False,False,False,False,False,False,True,False,False,False,False,False,False,False,False,False,False,False,False,False,False,False,False,False,False,False,False,False,False
Germany,2020,35.3,666639.0,13.410005449056088,13.634395073572517,False,False,False,False,False,False,False,False,False,True,False,False,False,False,False,False,False,False,False,False,False,False,False,False,False,False,False,False,False,False,False,False
Germany,2021,34.2,801361.0,13.594068059039744,13.410005449056088,False,False,False,False,False,False,False,False,False,True,False,False,False,False,False,False,False,False,False,False,False,False,False,False,False,False,False,False,False,False,False,False
Germany,2022,33.4,1977121.0,14.497152809909894,13.594068059039744,False,False,False,False,False,False,False,False,False,True,False,False,False,False,False,False,False,False,False,False,False,False,False,False,False,False,False,False,False,False,False,False
Germany,2023,33.0,1303251.0,14.08037323725415,14.497152809909894,False,False,False,False,False,False,False,False,False,True,False,False,False,False,False,False,False,False,False,False,False,False,False,False,False,False,False,False,False,False,False,False
Germany,2024,33.1,1078504.0,13.891086380869215,14.08037323725415,False,False,False,False,False,False,False,False,False,True,False,False,False,False,False,False,False,False,False,False,False,False,False,False,False,False,False,False,False,False,False,False
Greece,2014,10.5,59013.0,10.985529982875073,10.96728407866167,False,False,False,False,False,False,False,False,False,False,True,False,False,False,False,False,False,False,False,False,False,False,False,False,False,False,False,False,False,False,False,False
Greece,2015,9.9,64446.0,11.073598459572551,10.985529982875073,False,False,False,False,False,False,False,False,False,False,True,False,False,False,False,False,False,False,False,False,False,False,False,False,False,False,False,False,False,False,False,False
Greece,2016,10.2,116867.0,11.6688003717492,11.073598459572551,False,False,False,False,False,False,False,False,False,False,True,False,False,False,False,False,False,False,False,False,False,False,False,False,False,False,False,False,False,False,False,False
Greece,2017,10.3,112247.0,11.628465988073831,11.6688003717492,False,False,False,False,False,False,False,False,False,False,True,False,False,False,False,False,False,False,False,False,False,False,False,False,False,False,False,False,False,False,False,False
Greece,2018,10.4,119489.0,11.6909879648438,11.628465988073831,False,False,False,False,False,False,False,False,False,False,True,False,False,False,False,False,False,False,False,False,False,False,False,False,False,False,False,False,False,False,False,False
Greece,2019,10.7,129459.0,11.7711272320995,11.6909879648438,False,False,False,False,False,False,False,False,False,False,True,False,False,False,False,False,False,False,False,False,False,False,False,False,False,False,False,False,False,False,False,False
Greece,2020,10.9,84221.0,11.341211448762381,11.7711272320995,False,False,False,False,False,False,False,False,False,False,True,False,False,False,False,False,False,False,False,False,False,False,False,False,False,False,False,False,False,False,False,False
Greece,2021,11.8,57120.0,10.952927103863022,11.341211448762381,False,False,False,False,False,False,False,False,False,False,True,False,False,False,False,False,False,False,False,False,False,False,False,False,False,False,False,False,False,False,False,False
Greece,2022,11.3,95374.0,11.465571768586758,10.952927103863022,False,False,False,False,False,False,False,False,False,False,True,False,False,False,False,False,False,False,False,False,False,False,False,False,False,False,False,False,False,False,False,False
Greece,2023,12.3,116591.0,11.666435939910063,11.465571768586758,False,False,False,False,False,False,False,False,False,False,True,False,False,False,False,False,False,False,False,False,False,False,False,False,False,False,False,False,False,False,False,False
Greece,2024,12.7,132149.0,11.791692920032435,11.666435939910063,False,False,False,False,False,False,False,False,False,False,True,False,False,False,False,False,False,False,False,False,False,False,False,False,False,False,False,False,False,False,False,False
Hungary,2014,7.2,54581.0,10.907459437050116,10.57052173723882,False,False,False,False,False,False,False,False,False,False,False,True,False,False,False,False,False,False,False,False,False,False,False,False,False,False,False,False,False,False,False,False
Hungary,2015,8.3,58344.0,10.974128944240208,10.907459437050116,False,False,False,False,False,False,False,False,False,False,False,True,False,False,False,False,False,False,False,False,False,False,False,False,False,False,False,False,False,False,False,False
Hungary,2016,8.5,53618.0,10.889658761858488,10.974128944240208,False,False,False,False,False,False,False,False,False,False,False,True,False,False,False,False,False,False,False,False,False,False,False,False,False,False,False,False,False,False,False,False
Hungary,2017,9.1,68070.0,11.128306557093602,10.889658761858488,False,False,False,False,False,False,False,False,False,False,False,True,False,False,False,False,False,False,False,False,False,False,False,False,False,False,False,False,False,False,False,False
Hungary,2018,25.0,82937.0,11.325848619692412,11.128306557093602,False,False,False,False,False,False,False,False,False,False,False,True,False,False,False,False,False,False,False,False,False,False,False,False,False,False,False,False,False,False,False,False
Hungary,2019,23.8,88581.0,11.39168395568245,11.325848619692412,False,False,False,False,False,False,False,False,False,False,False,True,False,False,False,False,False,False,False,False,False,False,False,False,False,False,False,False,False,False,False,False
Hungary,2020,24.8,75470.0,11.23150375548926,11.39168395568245,False,False,False,False,False,False,False,False,False,False,False,True,False,False,False,False,False,False,False,False,False,False,False,False,False,False,False,False,False,False,False,False
Hungary,2021,26.2,80471.0,11.295664576814174,11.23150375548926,False,False,False,False,False,False,False,False,False,False,False,True,False,False,False,False,False,False,False,False,False,False,False,False,False,False,False,False,False,False,False,False
Hungary,2022,26.7,94148.0,11.45263391267998,11.295664576814174,False,False,False,False,False,False,False,False,False,False,False,True,False,False,False,False,False,False,False,False,False,False,False,False,False,False,False,False,False,False,False,False
Hungary,2023,25.3,96192.0,11.474111868933527,11.45263391267998,False,False,False,False,False,False,False,False,False,False,False,True,False,False,False,False,False,False,False,False,False,False,False,False,False,False,False,False,False,False,False,False
Hungary,2024,26.1,88418.0,11.389842157657831,11.474111868933527,False,False,False,False,False,False,False,False,False,False,False,True,False,False,False,False,False,False,False,False,False,False,False,False,False,False,False,False,False,False,False,False
Iceland,2014,32.4,5368.0,8.58839695042257,8.765146421639022,False,False,False,False,False,False,False,False,False,False,False,False,True,False,False,False,False,False,False,False,False,False,False,False,False,False,False,False,False,False,False,False
Iceland,2015,32.7,5635.0,8.636929873018572,8.58839695042257,False,False,False,False,False,False,False,False,False,False,False,False,True,False,False,False,False,False,False,False,False,False,False,False,False,False,False,False,False,False,False,False
Iceland,2016,33.6,8710.0,9.072341873818893,8.636929873018572,False,False,False,False,False,False,False,False,False,False,False,False,True,False,False,False,False,False,False,False,False,False,False,False,False,False,False,False,False,False,False,False
Iceland,2017,30.5,12116.0,9.402364704231523,9.072341873818893,False,False,False,False,False,False,False,False,False,False,False,False,True,False,False,False,False,False,False,False,False,False,False,False,False,False,False,False,False,False,False,False
Iceland,2018,29.2,11830.0,9.378478484253662,9.402364704231523,False,False,False,False,False,False,False,False,False,False,False,False,True,False,False,False,False,False,False,False,False,False,False,False,False,False,False,False,False,False,False,False
Iceland,2019,29.8,9872.0,9.19755903761145,9.378478484253662,False,False,False,False,False,False,False,False,False,False,False,False,True,False,False,False,False,False,False,False,False,False,False,False,False,False,False,False,False,False,False,False
Iceland,2020,30.5,8544.0,9.053101595549691,9.19755903761145,False,False,False,False,False,False,False,False,False,False,False,False,True,False,False,False,False,False,False,False,False,False,False,False,False,False,False,False,False,False,False,False
Ireland,2014,68.4,73519.0,11.205312757029569,11.090415922252806,False,False,False,False,False,False,False,False,False,False,False,False,False,True,False,False,False,False,False,False,False,False,False,False,False,False,False,False,False,False,False,False
Ireland,2015,70.5,80792.0,11.299645607092907,11.205312757029569,False,False,False,False,False,False,False,False,False,False,False,False,False,True,False,False,False,False,False,False,False,False,False,False,False,False,False,False,False,False,False,False
Ireland,2016,70.4,93378.0,11.444421759536338,11.299645607092907,False,False,False,False,False,False,False,False,False,False,False,False,False,True,False,False,False,False,False,False,False,False,False,False,False,False,False,False,False,False,False,False
Ireland,2017,69.6,84743.0,11.347390226276332,11.444421759536338,False,False,False,False,False,False,False,False,False,False,False,False,False,True,False,False,False,False,False,False,False,False,False,False,False,False,False,False,False,False,False,False
Ireland,2018,71.4,105699.0,11.568360171858329,11.347390226276332,False,False,False,False,False,False,False,False,False,False,False,False,False,True,False,False,False,False,False,False,False,False,False,False,False,False,False,False,False,False,False,False
Ireland,2019,68.8,96321.0,11.475452024446678,11.568360171858329,False,False,False,False,False,False,False,False,False,False,False,False,False,True,False,False,False,False,False,False,False,False,False,False,False,False,False,False,False,False,False,False
Ireland,2020,70.6,81918.0,11.313486233167579,11.475452024446678,False,False,False,False,False,False,False,False,False,False,False,False,False,True,False,False,False,False,False,False,False,False,False,False,False,False,False,False,False,False,False,False
Ireland,2021,69.8,83770.0,11.335842164524378,11.313486233167579,False,False,False,False,False,False,False,False,False,False,False,False,False,True,False,False,False,False,False,False,False,False,False,False,False,False,False,False,False,False,False,False
Ireland,2022,67.3,157537.0,11.967421977988208,11.335842164524378,False,False,False,False,False,False,False,False,False,False,False,False,False,True,False,False,False,False,False,False,False,False,False,False,False,False,False,False,False,False,False,False
Ireland,2023,66.0,135617.0,11.817597389041644,11.967421977988208,False,False,False,False,False,False,False,False,False,False,False,False,False,True,False,False,False,False,False,False,False,False,False,False,False,False,False,False,False,False,False,False
Ireland,2024,66.8,127664.0,11.757164924579172,11.817597389041644,False,False,False,False,False,False,False,False,False,False,False,False,False,True,False,False,False,False,False,False,False,False,False,False,False,False,False,False,False,False,False,False
Italy,2014,15.5,277631.0,12.53405177474649,12.636084014056339,False,False,False,False,False,False,False,False,False,False,False,False,False,False,True,False,False,False,False,False,False,False,False,False,False,False,False,False,False,False,False,False
Italy,2015,15.5,280078.0,12.542826985213718,12.53405177474649,False,False,False,False,False,False,False,False,False,False,False,False,False,False,True,False,False,False,False,False,False,False,False,False,False,False,False,False,False,False,False,False
Italy,2016,14.9,300823.0,12.614280655109033,12.542826985213718,False,False,False,False,False,False,False,False,False,False,False,False,False,False,True,False,False,False,False,False,False,False,False,False,False,False,False,False,False,False,False,False
Italy,2017,15.3,343440.0,12.746770614610952,12.614280655109033,False,False,False,False,False,False,False,False,False,False,False,False,False,False,True,False,False,False,False,False,False,False,False,False,False,False,False,False,False,False,False,False
Italy,2018,14.9,332324.0,12.7138686847358,12.746770614610952,False,False,False,False,False,False,False,False,False,False,False,False,False,False,True,False,False,False,False,False,False,False,False,False,False,False,False,False,False,False,False,False
Italy,2019,14.2,332778.0,12.715233884976703,12.7138686847358,False,False,False,False,False,False,False,False,False,False,False,False,False,False,True,False,False,False,False,False,False,False,False,False,False,False,False,False,False,False,False,False
Italy,2020,15.9,247526.0,12.419274945949992,12.715233884976703,False,False,False,False,False,False,False,False,False,False,False,False,False,False,True,False,False,False,False,False,False,False,False,False,False,False,False,False,False,False,False,False
Italy,2021,15.4,318366.0,12.670960084364955,12.419274945949992,False,False,False,False,False,False,False,False,False,False,False,False,False,False,True,False,False,False,False,False,False,False,False,False,False,False,False,False,False,False,False,False
Italy,2022,16.6,410985.0,12.926314429637864,12.670960084364955,False,False,False,False,False,False,False,False,False,False,False,False,False,False,True,False,False,False,False,False,False,False,False,False,False,False,False,False,False,False,False,False
Italy,2023,16.1,439658.0,12.993754705426692,12.926314429637864,False,False,False,False,False,False,False,False,False,False,False,False,False,False,True,False,False,False,False,False,False,False,False,False,False,False,False,False,False,False,False,False
Italy,2024,17.1,451583.0,13.0205166810463,12.993754705426692,False,False,False,False,False,False,False,False,False,False,False,False,False,False,True,False,False,False,False,False,False,False,False,False,False,False,False,False,False,False,False,False
Latvia,2014,12.2,10365.0,9.246286498749653,9.02401079378469,False,False,False,False,False,False,False,False,False,False,False,False,False,False,False,True,False,False,False,False,False,False,False,False,False,False,False,False,False,False,False,False
Latvia,2015,11.1,9479.0,9.156939595249067,9.246286498749653,False,False,False,False,False,False,False,False,False,False,False,False,False,False,False,True,False,False,False,False,False,False,False,False,False,False,False,False,False,False,False,False
Latvia,2016,9.6,8345.0,9.029537661151497,9.156939595249067,False,False,False,False,False,False,False,False,False,False,False,False,False,False,False,True,False,False,False,False,False,False,False,False,False,False,False,False,False,False,False,False
Latvia,2017,10.2,9916.0,9.202005735186125,9.029537661151497,False,False,False,False,False,False,False,False,False,False,False,False,False,False,False,True,False,False,False,False,False,False,False,False,False,False,False,False,False,False,False,False
Latvia,2018,9.9,10909.0,9.297435078827116,9.202005735186125,False,False,False,False,False,False,False,False,False,False,False,False,False,False,False,True,False,False,False,False,False,False,False,False,False,False,False,False,False,False,False,False
Latvia,2019,9.6,11223.0,9.325809621782296,9.297435078827116,False,False,False,False,False,False,False,False,False,False,False,False,False,False,False,True,False,False,False,False,False,False,False,False,False,False,False,False,False,False,False,False
Latvia,2020,10.3,8840.0,9.087155271405804,9.325809621782296,False,False,False,False,False,False,False,False,False,False,False,False,False,False,False,True,False,False,False,False,False,False,False,False,False,False,False,False,False,False,False,False
Latvia,2021,10.1,12689.0,9.448569560708433,9.087155271405804,False,False,False,False,False,False,False,False,False,False,False,False,False,False,False,True,False,False,False,False,False,False,False,False,False,False,False,False,False,False,False,False
Latvia,2022,9.4,38708.0,10.563827410119956,9.448569560708433,False,False,False,False,False,False,False,False,False,False,False,False,False,False,False,True,False,False,False,False,False,False,False,False,False,False,False,False,False,False,False,False
Latvia,2023,9.8,15629.0,9.656947423415522,10.563827410119956,False,False,False,False,False,False,False,False,False,False,False,False,False,False,False,True,False,False,False,False,False,False,False,False,False,False,False,False,False,False,False,False
Latvia,2024,9.7,14701.0,9.595738817934032,9.656947423415522,False,False,False,False,False,False,False,False,False,False,False,False,False,False,False,True,False,False,False,False,False,False,False,False,False,False,False,False,False,False,False,False
Lithuania,2014,19.1,33544.0,10.420643099996989,10.339320197260689,False,False,False,False,False,False,False,False,False,False,False,False,False,False,False,False,True,False,False,False,False,False,False,False,False,False,False,False,False,False,False,False
Lithuania,2015,20.1,31085.0,10.344512836042844,10.420643099996989,False,False,False,False,False,False,False,False,False,False,False,False,False,False,False,False,True,False,False,False,False,False,False,False,False,False,False,False,False,False,False,False
Lithuania,2016,22.7,31395.0,10.354435775246705,10.344512836042844,False,False,False,False,False,False,False,False,False,False,False,False,False,False,False,False,True,False,False,False,False,False,False,False,False,False,False,False,False,False,False,False
Lithuania,2017,23.0,33305.0,10.413492839918217,10.354435775246705,False,False,False,False,False,False,False,False,False,False,False,False,False,False,False,False,True,False,False,False,False,False,False,False,False,False,False,False,False,False,False,False
Lithuania,2018,24.3,37420.0,10.529987323148188,10.413492839918217,False,False,False,False,False,False,False,False,False,False,False,False,False,False,False,False,True,False,False,False,False,False,False,False,False,False,False,False,False,False,False,False
Lithuania,2019,24.5,46526.0,10.747788068227562,10.529987323148188,False,False,False,False,False,False,False,False,False,False,False,False,False,False,False,False,True,False,False,False,False,False,False,False,False,False,False,False,False,False,False,False
Lithuania,2020,27.5,46020.0,10.736853093036018,10.747788068227562,False,False,False,False,False,False,False,False,False,False,False,False,False,False,False,False,True,False,False,False,False,False,False,False,False,False,False,False,False,False,False,False
Lithuania,2021,21.8,44858.0,10.711279516251953,10.736853093036018,False,False,False,False,False,False,False,False,False,False,False,False,False,False,False,False,True,False,False,False,False,False,False,False,False,False,False,False,False,False,False,False
Lithuania,2022,21.7,87367.0,11.377884361877564,10.711279516251953,False,False,False,False,False,False,False,False,False,False,False,False,False,False,False,False,True,False,False,False,False,False,False,False,False,False,False,False,False,False,False,False
Lithuania,2023,20.3,66682.0,11.107705326854465,11.377884361877564,False,False,False,False,False,False,False,False,False,False,False,False,False,False,False,False,True,False,False,False,False,False,False,False,False,False,False,False,False,False,False,False
Lithuania,2024,17.6,51845.0,10.856033065069454,11.107705326854465,False,False,False,False,False,False,False,False,False,False,False,False,False,False,False,False,True,False,False,False,False,False,False,False,False,False,False,False,False,False,False,False
Luxembourg,2014,58.0,22332.0,10.013820684220475,9.956980924976127,False,False,False,False,False,False,False,False,False,False,False,False,False,False,False,False,False,True,False,False,False,False,False,False,False,False,False,False,False,False,False,False
Luxembourg,2015,56.0,23803.0,10.077608912764743,10.013820684220475,False,False,False,False,False,False,False,False,False,False,False,False,False,False,False,False,False,True,False,False,False,False,False,False,False,False,False,False,False,False,False,False
Luxembourg,2016,54.1,22888.0,10.038411724792649,10.077608912764743,False,False,False,False,False,False,False,False,False,False,False,False,False,False,False,False,False,True,False,False,False,False,False,False,False,False,False,False,False,False,False,False
Luxembourg,2017,55.5,24379.0,10.101518403035262,10.038411724792649,False,False,False,False,False,False,False,False,False,False,False,False,False,False,False,False,False,True,False,False,False,False,False,False,False,False,False,False,False,False,False,False
Luxembourg,2018,53.7,24644.0,10.112329319139478,10.101518403035262,False,False,False,False,False,False,False,False,False,False,False,False,False,False,False,False,False,True,False,False,False,False,False,False,False,False,False,False,False,False,False,False
Luxembourg,2019,54.0,26668.0,10.191257121160007,10.112329319139478,False,False,False,False,False,False,False,False,False,False,False,False,False,False,False,False,False,True,False,False,False,False,False,False,False,False,False,False,False,False,False,False
Luxembourg,2020,49.9,22490.0,10.020870508171171,10.191257121160007,False,False,False,False,False,False,False,False,False,False,False,False,False,False,False,False,False,True,False,False,False,False,False,False,False,False,False,False,False,False,False,False
Luxembourg,2021,50.0,25335.0,10.139981588218475,10.020870508171171,False,False,False,False,False,False,False,False,False,False,False,False,False,False,False,False,False,True,False,False,False,False,False,False,False,False,False,False,False,False,False,False
Luxembourg,2022,58.6,31433.0,10.355645388636274,10.139981588218475,False,False,False,False,False,False,False,False,False,False,False,False,False,False,False,False,False,True,False,False,False,False,False,False,False,False,False,False,False,False,False,False
Luxembourg,2023,59.2,26964.0,10.202295007771328,10.355645388636274,False,False,False,False,False,False,False,False,False,False,False,False,False,False,False,False,False,True,False,False,False,False,False,False,False,False,False,False,False,False,False,False
Luxembourg,2024,57.5,25725.0,10.155257432638662,10.202295007771328,False,False,False,False,False,False,False,False,False,False,False,False,False,False,False,False,False,True,False,False,False,False,False,False,False,False,False,False,False,False,False,False
Malta,2014,69.2,15928.0,9.675896626294639,9.429234909000977,False,False,False,False,False,False,False,False,False,False,False,False,False,False,False,False,False,False,True,False,False,False,False,False,False,False,False,False,False,False,False,False
Malta,2015,67.9,18202.0,9.809341694645898,9.675896626294639,False,False,False,False,False,False,False,False,False,False,False,False,False,False,False,False,False,False,True,False,False,False,False,False,False,False,False,False,False,False,False,False
Malta,2016,68.0,18116.0,9.80460600297601,9.809341694645898,False,False,False,False,False,False,False,False,False,False,False,False,False,False,False,False,False,False,True,False,False,False,False,False,False,False,False,False,False,False,False,False
Malta,2017,72.1,22750.0,10.032364379457015,9.80460600297601,False,False,False,False,False,False,False,False,False,False,False,False,False,False,False,False,False,False,True,False,False,False,False,False,False,False,False,False,False,False,False,False
Malta,2018,73.4,27394.0,10.218115793972515,10.032364379457015,False,False,False,False,False,False,False,False,False,False,False,False,False,False,False,False,False,False,True,False,False,False,False,False,False,False,False,False,False,False,False,False
Malta,2019,72.6,29304.0,10.28551342891053,10.218115793972515,False,False,False,False,False,False,False,False,False,False,False,False,False,False,False,False,False,False,True,False,False,False,False,False,False,False,False,False,False,False,False,False
Malta,2020,72.5,14751.0,9.599133945796375,10.28551342891053,False,False,False,False,False,False,False,False,False,False,False,False,False,False,False,False,False,False,True,False,False,False,False,False,False,False,False,False,False,False,False,False
Malta,2021,71.8,16963.0,9.738848730594482,9.599133945796375,False,False,False,False,False,False,False,False,False,False,False,False,False,False,False,False,False,False,True,False,False,False,False,False,False,False,False,False,False,False,False,False
Malta,2022,72.3,34964.0,10.462102840137968,9.738848730594482,False,False,False,False,False,False,False,False,False,False,False,False,False,False,False,False,False,False,True,False,False,False,False,False,False,False,False,False,False,False,False,False
Malta,2023,69.2,42239.0,10.651122918380143,10.462102840137968,False,False,False,False,False,False,False,False,False,False,False,False,False,False,False,False,False,False,True,False,False,False,False,False,False,False,False,False,False,False,False,False
Malta,2024,62.9,34033.0,10.435115303931381,10.651122918380143,False,False,False,False,False,False,False,False,False,False,False,False,False,False,False,False,False,False,True,False,False,False,False,False,False,False,False,False,False,False,False,False
Montenegro,2014,8.5,5353.0,8.585599224080298,8.53954159508,False,False,False,False,False,False,False,False,False,False,False,False,False,False,False,False,False,False,False,True,False,False,False,False,False,False,False,False,False,False,False,False
Montenegro,2015,9.6,4553.0,8.423761246623686,8.585599224080298,False,False,False,False,False,False,False,False,False,False,False,False,False,False,False,False,False,False,False,True,False,False,False,False,False,False,False,False,False,False,False,False
Montenegro,2016,7.9,4904.0,8.498010371999463,8.423761246623686,False,False,False,False,False,False,False,False,False,False,False,False,False,False,False,False,False,False,False,True,False,False,False,False,False,False,False,False,False,False,False,False
Montenegro,2017,4.9,6684.0,8.807621489536043,8.498010371999463,False,False,False,False,False,False,False,False,False,False,False,False,False,False,False,False,False,False,False,True,False,False,False,False,False,False,False,False,False,False,False,False
Montenegro,2018,4.1,8643.0,9.064620717626777,8.807621489536043,False,False,False,False,False,False,False,False,False,False,False,False,False,False,False,False,False,False,False,True,False,False,False,False,False,False,False,False,False,False,False,False
Montenegro,2019,4.2,10737.0,9.281544130982514,9.064620717626777,False,False,False,False,False,False,False,False,False,False,False,False,False,False,False,False,False,False,False,True,False,False,False,False,False,False,False,False,False,False,False,False
Montenegro,2020,4.7,6008.0,8.701013624333928,9.281544130982514,False,False,False,False,False,False,False,False,False,False,False,False,False,False,False,False,False,False,False,True,False,False,False,False,False,False,False,False,False,False,False,False
Montenegro,2022,6.4,15989.0,9.679718805828,8.701013624333928,False,False,False,False,False,False,False,False,False,False,False,False,False,False,False,False,False,False,False,True,False,False,False,False,False,False,False,False,False,False,False,False
Montenegro,2023,5.9,18316.0,9.815584869360217,9.679718805828,False,False,False,False,False,False,False,False,False,False,False,False,False,False,False,False,False,False,False,True,False,False,False,False,False,False,False,False,False,False,False,False
Netherlands,2014,52.9,145323.0,11.886721011417372,11.770887747222599,False,False,False,False,False,False,False,False,False,False,False,False,False,False,False,False,False,False,False,False,True,False,False,False,False,False,False,False,False,False,False,False
Netherlands,2015,51.8,166872.0,12.024988323046104,11.886721011417372,False,False,False,False,False,False,False,False,False,False,False,False,False,False,False,False,False,False,False,False,True,False,False,False,False,False,False,False,False,False,False,False
Netherlands,2016,51.4,189232.0,12.15073433899541,12.024988323046104,False,False,False,False,False,False,False,False,False,False,False,False,False,False,False,False,False,False,False,False,True,False,False,False,False,False,False,False,False,False,False,False
Netherlands,2017,52.9,189646.0,12.152919728378695,12.15073433899541,False,False,False,False,False,False,False,False,False,False,False,False,False,False,False,False,False,False,False,False,True,False,False,False,False,False,False,False,False,False,False,False
Netherlands,2018,53.9,194306.0,12.177194661479321,12.152919728378695,False,False,False,False,False,False,False,False,False,False,False,False,False,False,False,False,False,False,False,False,True,False,False,False,False,False,False,False,False,False,False,False
Netherlands,2019,53.4,215756.0,12.281908053378793,12.177194661479321,False,False,False,False,False,False,False,False,False,False,False,False,False,False,False,False,False,False,False,False,True,False,False,False,False,False,False,False,False,False,False,False
Netherlands,2020,53.0,182244.0,12.113107214652313,12.281908053378793,False,False,False,False,False,False,False,False,False,False,False,False,False,False,False,False,False,False,False,False,True,False,False,False,False,False,False,False,False,False,False,False
Netherlands,2021,61.7,214105.0,12.274226498472817,12.113107214652313,False,False,False,False,False,False,False,False,False,False,False,False,False,False,False,False,False,False,False,False,True,False,False,False,False,False,False,False,False,False,False,False
Netherlands,2022,61.1,326798.0,12.697100581987783,12.274226498472817,False,False,False,False,False,False,False,False,False,False,False,False,False,False,False,False,False,False,False,False,True,False,False,False,False,False,False,False,False,False,False,False
Netherlands,2023,60.2,274597.0,12.52306348896829,12.697100581987783,False,False,False,False,False,False,False,False,False,False,False,False,False,False,False,False,False,False,False,False,True,False,False,False,False,False,False,False,False,False,False,False
Netherlands,2024,58.7,257714.0,12.459609602164177,12.52306348896829,False,False,False,False,False,False,False,False,False,False,False,False,False,False,False,False,False,False,False,False,True,False,False,False,False,False,False,False,False,False,False,False
North Macedonia,2014,18.2,1935.0,7.568379267836522,7.62608275807238,False,False,False,False,False,False,False,False,False,False,False,False,False,False,False,False,False,False,False,False,False,True,False,False,False,False,False,False,False,False,False,False
North Macedonia,2015,13.9,1741.0,7.462789157412448,7.568379267836522,False,False,False,False,False,False,False,False,False,False,False,False,False,False,False,False,False,False,False,False,False,True,False,False,False,False,False,False,False,False,False,False
North Macedonia,2016,14.4,2262.0,7.724446645633537,7.462789157412448,False,False,False,False,False,False,False,False,False,False,False,False,False,False,False,False,False,False,False,False,False,True,False,False,False,False,False,False,False,False,False,False
North Macedonia,2017,15.8,2064.0,7.632885505395133,7.724446645633537,False,False,False,False,False,False,False,False,False,False,False,False,False,False,False,False,False,False,False,False,False,True,False,False,False,False,False,False,False,False,False,False
North Macedonia,2018,16.3,2053.0,7.627544390488503,7.632885505395133,False,False,False,False,False,False,False,False,False,False,False,False,False,False,False,False,False,False,False,False,False,True,False,False,False,False,False,False,False,False,False,False
North Macedonia,2019,13.6,2118.0,7.6586995582682995,7.627544390488503,False,False,False,False,False,False,False,False,False,False,False,False,False,False,False,False,False,False,False,False,False,True,False,False,False,False,False,False,False,False,False,False
North Macedonia,2020,18.4,2555.0,7.846198815497425,7.6586995582682995,False,False,False,False,False,False,False,False,False,False,False,False,False,False,False,False,False,False,False,False,False,True,False,False,False,False,False,False,False,False,False,False
North Macedonia,2021,19.3,1570.0,7.359467638255621,7.846198815497425,False,False,False,False,False,False,False,False,False,False,False,False,False,False,False,False,False,False,False,False,False,True,False,False,False,False,False,False,False,False,False,False
North Macedonia,2022,19.7,2452.0,7.8050670442584895,7.359467638255621,False,False,False,False,False,False,False,False,False,False,False,False,False,False,False,False,False,False,False,False,False,True,False,False,False,False,False,False,False,False,False,False
North Macedonia,2024,17.0,7458.0,8.917176635955164,7.8050670442584895,False,False,False,False,False,False,False,False,False,False,False,False,False,False,False,False,False,False,False,False,False,True,False,False,False,False,False,False,False,False,False,False
Norway,2014,55.8,66903.0,11.11101403506136,11.131870002591821,False,False,False,False,False,False,False,False,False,False,False,False,False,False,False,False,False,False,False,False,False,False,True,False,False,False,False,False,False,False,False,False
Norway,2015,53.9,60816.0,11.015624634135149,11.11101403506136,False,False,False,False,False,False,False,False,False,False,False,False,False,False,False,False,False,False,False,False,False,False,True,False,False,False,False,False,False,False,False,False
Norway,2016,53.6,61460.0,11.02615810629731,11.015624634135149,False,False,False,False,False,False,False,False,False,False,False,False,False,False,False,False,False,False,False,False,False,False,True,False,False,False,False,False,False,False,False,False
Norway,2017,53.6,53351.0,10.884666744312142,11.02615810629731,False,False,False,False,False,False,False,False,False,False,False,False,False,False,False,False,False,False,False,False,False,False,True,False,False,False,False,False,False,False,False,False
Norway,2018,52.0,47864.0,10.776139827380453,10.884666744312142,False,False,False,False,False,False,False,False,False,False,False,False,False,False,False,False,False,False,False,False,False,False,True,False,False,False,False,False,False,False,False,False
Norway,2019,51.5,48680.0,10.793044089207646,10.776139827380453,False,False,False,False,False,False,False,False,False,False,False,False,False,False,False,False,False,False,False,False,False,False,True,False,False,False,False,False,False,False,False,False
Norway,2020,51.3,36287.0,10.499242387087424,10.793044089207646,False,False,False,False,False,False,False,False,False,False,False,False,False,False,False,False,False,False,False,False,False,False,True,False,False,False,False,False,False,False,False,False
Norway,2021,51.0,53947.0,10.895775898636748,10.499242387087424,False,False,False,False,False,False,False,False,False,False,False,False,False,False,False,False,False,False,False,False,False,False,True,False,False,False,False,False,False,False,False,False
Norway,2022,51.6,90475.0,11.412839901147873,10.895775898636748,False,False,False,False,False,False,False,False,False,False,False,False,False,False,False,False,False,False,False,False,False,False,True,False,False,False,False,False,False,False,False,False
Norway,2023,52.5,86589.0,11.368939614441848,11.412839901147873,False,False,False,False,False,False,False,False,False,False,False,False,False,False,False,False,False,False,False,False,False,False,True,False,False,False,False,False,False,False,False,False
Norway,2024,52.6,66077.0,11.098591141393,11.368939614441848,False,False,False,False,False,False,False,False,False,False,False,False,False,False,False,False,False,False,False,False,False,False,True,False,False,False,False,False,False,False,False,False
Poland,2014,11.6,222275.0,12.311675131910723,12.302800002482604,False,False,False,False,False,False,False,False,False,False,False,False,False,False,False,False,False,False,False,False,False,False,False,True,False,False,False,False,False,False,False,False
Poland,2015,12.9,218147.0,12.292929010506063,12.311675131910723,False,False,False,False,False,False,False,False,False,False,False,False,False,False,False,False,False,False,False,False,False,False,False,True,False,False,False,False,False,False,False,False
Poland,2016,14.2,208302.0,12.24674902944972,12.292929010506063,False,False,False,False,False,False,False,False,False,False,False,False,False,False,False,False,False,False,False,False,False,False,False,True,False,False,False,False,False,False,False,False
Poland,2017,14.6,209353.0,12.251781878023774,12.24674902944972,False,False,False,False,False,False,False,False,False,False,False,False,False,False,False,False,False,False,False,False,False,False,False,True,False,False,False,False,False,False,False,False
Poland,2018,14.4,214083.0,12.274123740351332,12.251781878023774,False,False,False,False,False,False,False,False,False,False,False,False,False,False,False,False,False,False,False,False,False,False,False,True,False,False,False,False,False,False,False,False
Poland,2019,15.0,226649.0,12.331162256368994,12.274123740351332,False,False,False,False,False,False,False,False,False,False,False,False,False,False,False,False,False,False,False,False,False,False,False,True,False,False,False,False,False,False,False,False
Poland,2020,15.9,210615.0,12.257791849205486,12.331162256368994,False,False,False,False,False,False,False,False,False,False,False,False,False,False,False,False,False,False,False,False,False,False,False,True,False,False,False,False,False,False,False,False
Poland,2021,16.2,241116.0,12.393037571845296,12.257791849205486,False,False,False,False,False,False,False,False,False,False,False,False,False,False,False,False,False,False,False,False,False,False,False,True,False,False,False,False,False,False,False,False
Poland,2022,16.5,275515.0,12.526400982113794,12.393037571845296,False,False,False,False,False,False,False,False,False,False,False,False,False,False,False,False,False,False,False,False,False,False,False,True,False,False,False,False,False,False,False,False
Poland,2023,17.1,303275.0,12.622398560971083,12.526400982113794,False,False,False,False,False,False,False,False,False,False,False,False,False,False,False,False,False,False,False,False,False,False,False,True,False,False,False,False,False,False,False,False
Poland,2024,17.3,300496.0,12.613193049546501,12.622398560971083,False,False,False,False,False,False,False,False,False,False,False,False,False,False,False,False,False,False,False,False,False,False,False,True,False,False,False,False,False,False,False,False
Portugal,2014,38.3,23077.0,10.046635061754612,9.784591397592273,False,False,False,False,False,False,False,False,False,False,False,False,False,False,False,False,False,False,False,False,False,False,False,False,True,False,False,False,False,False,False,False
Portugal,2015,37.5,36849.0,10.514610897617482,10.046635061754612,False,False,False,False,False,False,False,False,False,False,False,False,False,False,False,False,False,False,False,False,False,False,False,False,True,False,False,False,False,False,False,False
Portugal,2016,37.2,37644.0,10.535955422284223,10.514610897617482,False,False,False,False,False,False,False,False,False,False,False,False,False,False,False,False,False,False,False,False,False,False,False,False,True,False,False,False,False,False,False,False
Portugal,2017,36.8,46649.0,10.75042820627549,10.535955422284223,False,False,False,False,False,False,False,False,False,False,False,False,False,False,False,False,False,False,False,False,False,False,False,False,True,False,False,False,False,False,False,False
Portugal,2018,36.1,55357.0,10.92157646247132,10.75042820627549,False,False,False,False,False,False,False,False,False,False,False,False,False,False,False,False,False,False,False,False,False,False,False,False,True,False,False,False,False,False,False,False
Portugal,2019,36.9,95382.0,11.465655644492404,10.92157646247132,False,False,False,False,False,False,False,False,False,False,False,False,False,False,False,False,False,False,False,False,False,False,False,False,True,False,False,False,False,False,False,False
Portugal,2020,36.3,83654.0,11.334456477491765,11.465655644492404,False,False,False,False,False,False,False,False,False,False,False,False,False,False,False,False,False,False,False,False,False,False,False,False,True,False,False,False,False,False,False,False
Portugal,2021,33.8,97119.0,11.483702606293326,11.334456477491765,False,False,False,False,False,False,False,False,False,False,False,False,False,False,False,False,False,False,False,False,False,False,False,False,True,False,False,False,False,False,False,False
Portugal,2022,37.4,167098.0,12.026341730125123,11.483702606293326,False,False,False,False,False,False,False,False,False,False,False,False,False,False,False,False,False,False,False,False,False,False,False,False,True,False,False,False,False,False,False,False
Portugal,2023,36.4,189367.0,12.151447490866227,12.026341730125123,False,False,False,False,False,False,False,False,False,False,False,False,False,False,False,False,False,False,False,False,False,False,False,False,True,False,False,False,False,False,False,False
Romania,2014,5.2,136035.0,11.820674835572122,11.942413042473778,False,False,False,False,False,False,False,False,False,False,False,False,False,False,False,False,False,False,False,False,False,False,False,False,False,True,False,False,False,False,False,False
Romania,2015,5.5,132795.0,11.796569395088913,11.820674835572122,False,False,False,False,False,False,False,False,False,False,False,False,False,False,False,False,False,False,False,False,False,False,False,False,False,True,False,False,False,False,False,False
Romania,2016,6.3,137455.0,11.831059144877837,11.796569395088913,False,False,False,False,False,False,False,False,False,False,False,False,False,False,False,False,False,False,False,False,False,False,False,False,False,True,False,False,False,False,False,False
Romania,2017,6.9,177435.0,12.08636525949872,11.831059144877837,False,False,False,False,False,False,False,False,False,False,False,False,False,False,False,False,False,False,False,False,False,False,False,False,False,True,False,False,False,False,False,False
Romania,2018,7.3,172578.0,12.058610381631325,12.08636525949872,False,False,False,False,False,False,False,False,False,False,False,False,False,False,False,False,False,False,False,False,False,False,False,False,False,True,False,False,False,False,False,False
Romania,2019,7.7,202422.0,12.218114846302962,12.058610381631325,False,False,False,False,False,False,False,False,False,False,False,False,False,False,False,False,False,False,False,False,False,False,False,False,False,True,False,False,False,False,False,False
Romania,2020,7.1,145519.0,11.888068813192003,12.218114846302962,False,False,False,False,False,False,False,False,False,False,False,False,False,False,False,False,False,False,False,False,False,False,False,False,False,True,False,False,False,False,False,False
Romania,2021,7.2,194642.0,12.178922390408907,11.888068813192003,False,False,False,False,False,False,False,False,False,False,False,False,False,False,False,False,False,False,False,False,False,False,False,False,False,True,False,False,False,False,False,False
Romania,2022,7.3,293024.0,12.58801320859138,12.178922390408907,False,False,False,False,False,False,False,False,False,False,False,False,False,False,False,False,False,False,False,False,False,False,False,False,False,True,False,False,False,False,False,False
Romania,2023,7.2,324091.0,12.688782705085403,12.58801320859138,False,False,False,False,False,False,False,False,False,False,False,False,False,False,False,False,False,False,False,False,False,False,False,False,False,True,False,False,False,False,False,False
Romania,2024,7.1,286538.0,12.565629931527125,12.688782705085403,False,False,False,False,False,False,False,False,False,False,False,False,False,False,False,False,False,False,False,False,False,False,False,False,False,True,False,False,False,False,False,False
Slovakia,2014,11.6,5357.0,8.586346050104554,8.546751993657782,False,False,False,False,False,False,False,False,False,False,False,False,False,False,False,False,False,False,False,False,False,False,False,False,False,False,True,False,False,False,False,False
Slovakia,2015,11.2,6997.0,8.853379672927634,8.586346050104554,False,False,False,False,False,False,False,False,False,False,False,False,False,False,False,False,False,False,False,False,False,False,False,False,False,False,True,False,False,False,False,False
Slovakia,2016,11.4,7686.0,8.947285869349132,8.853379672927634,False,False,False,False,False,False,False,False,False,False,False,False,False,False,False,False,False,False,False,False,False,False,False,False,False,False,True,False,False,False,False,False
Slovakia,2017,11.7,7188.0,8.880307358983872,8.947285869349132,False,False,False,False,False,False,False,False,False,False,False,False,False,False,False,False,False,False,False,False,False,False,False,False,False,False,True,False,False,False,False,False
Slovakia,2018,12.7,7253.0,8.889308319842847,8.880307358983872,False,False,False,False,False,False,False,False,False,False,False,False,False,False,False,False,False,False,False,False,False,False,False,False,False,False,True,False,False,False,False,False
Slovakia,2019,14.0,7016.0,8.85609105525229,8.889308319842847,False,False,False,False,False,False,False,False,False,False,False,False,False,False,False,False,False,False,False,False,False,False,False,False,False,False,True,False,False,False,False,False
Slovakia,2020,15.8,6775.0,8.821142236331891,8.85609105525229,False,False,False,False,False,False,False,False,False,False,False,False,False,False,False,False,False,False,False,False,False,False,False,False,False,False,True,False,False,False,False,False
Slovakia,2021,15.2,5733.0,8.654168646443315,8.821142236331891,False,False,False,False,False,False,False,False,False,False,False,False,False,False,False,False,False,False,False,False,False,False,False,False,False,False,True,False,False,False,False,False
Slovakia,2022,15.8,5463.0,8.605936401250625,8.654168646443315,False,False,False,False,False,False,False,False,False,False,False,False,False,False,False,False,False,False,False,False,False,False,False,False,False,False,True,False,False,False,False,False
Slovakia,2023,15.8,5923.0,8.68676717538769,8.605936401250625,False,False,False,False,False,False,False,False,False,False,False,False,False,False,False,False,False,False,False,False,False,False,False,False,False,False,True,False,False,False,False,False
Slovakia,2024,14.6,6824.0,8.82834762005316,8.68676717538769,False,False,False,False,False,False,False,False,False,False,False,False,False,False,False,False,False,False,False,False,False,False,False,False,False,False,True,False,False,False,False,False
Slovenia,2014,28.2,13846.0,9.535823881654714,9.537627699020323,False,False,False,False,False,False,False,False,False,False,False,False,False,False,False,False,False,False,False,False,False,False,False,False,False,False,False,True,False,False,False,False
Slovenia,2015,29.5,15420.0,9.643485495857657,9.535823881654714,False,False,False,False,False,False,False,False,False,False,False,False,False,False,False,False,False,False,False,False,False,False,False,False,False,False,False,True,False,False,False,False
Slovenia,2016,29.3,16623.0,9.718602713339008,9.643485495857657,False,False,False,False,False,False,False,False,False,False,False,False,False,False,False,False,False,False,False,False,False,False,False,False,False,False,False,True,False,False,False,False
Slovenia,2017,28.9,18808.0,9.842090757670805,9.718602713339008,False,False,False,False,False,False,False,False,False,False,False,False,False,False,False,False,False,False,False,False,False,False,False,False,False,False,False,True,False,False,False,False
Slovenia,2018,30.4,28455.0,10.256114313628292,9.842090757670805,False,False,False,False,False,False,False,False,False,False,False,False,False,False,False,False,False,False,False,False,False,False,False,False,False,False,False,True,False,False,False,False
Slovenia,2019,32.0,31319.0,10.35201215010474,10.256114313628292,False,False,False,False,False,False,False,False,False,False,False,False,False,False,False,False,False,False,False,False,False,False,False,False,False,False,False,True,False,False,False,False
Slovenia,2020,33.1,36110.0,10.494352807047845,10.35201215010474,False,False,False,False,False,False,False,False,False,False,False,False,False,False,False,False,False,False,False,False,False,False,False,False,False,False,False,True,False,False,False,False
Slovenia,2021,34.7,23624.0,10.070060752361943,10.494352807047845,False,False,False,False,False,False,False,False,False,False,False,False,False,False,False,False,False,False,False,False,False,False,False,False,False,False,False,True,False,False,False,False
Slovenia,2022,36.1,35613.0,10.480494097961259,10.070060752361943,False,False,False,False,False,False,False,False,False,False,False,False,False,False,False,False,False,False,False,False,False,False,False,False,False,False,False,True,False,False,False,False
Slovenia,2023,36.4,33939.0,10.432349538788218,10.480494097961259,False,False,False,False,False,False,False,False,False,False,False,False,False,False,False,False,False,False,False,False,False,False,False,False,False,False,False,True,False,False,False,False
Slovenia,2024,35.3,33023.0,10.404989848841234,10.432349538788218,False,False,False,False,False,False,False,False,False,False,False,False,False,False,False,False,False,False,False,False,False,False,False,False,False,False,False,True,False,False,False,False
Spain,2014,57.1,305454.0,12.629557747235147,12.545301792664562,False,False,False,False,False,False,False,False,False,False,False,False,False,False,False,False,False,False,False,False,False,False,False,False,False,False,False,False,True,False,False,False
Spain,2015,57.9,342114.0,12.742902216832865,12.629557747235147,False,False,False,False,False,False,False,False,False,False,False,False,False,False,False,False,False,False,False,False,False,False,False,False,False,False,False,False,True,False,False,False
Spain,2016,55.7,414746.0,12.935423974753474,12.742902216832865,False,False,False,False,False,False,False,False,False,False,False,False,False,False,False,False,False,False,False,False,False,False,False,False,False,False,False,False,True,False,False,False
Spain,2017,55.9,532132.0,13.184648737078989,12.935423974753474,False,False,False,False,False,False,False,False,False,False,False,False,False,False,False,False,False,False,False,False,False,False,False,False,False,False,False,False,True,False,False,False
Spain,2018,56.3,643684.0,13.374964754988394,13.184648737078989,False,False,False,False,False,False,False,False,False,False,False,False,False,False,False,False,False,False,False,False,False,False,False,False,False,False,False,False,True,False,False,False
Spain,2019,55.4,750480.0,13.52846961327949,13.374964754988394,False,False,False,False,False,False,False,False,False,False,False,False,False,False,False,False,False,False,False,False,False,False,False,False,False,False,False,False,True,False,False,False
Spain,2020,53.8,467918.0,13.056050482997168,13.52846961327949,False,False,False,False,False,False,False,False,False,False,False,False,False,False,False,False,False,False,False,False,False,False,False,False,False,False,False,False,True,False,False,False
Spain,2021,58.5,887960.0,13.696683102090924,13.056050482997168,False,False,False,False,False,False,False,False,False,False,False,False,False,False,False,False,False,False,False,False,False,False,False,False,False,False,False,False,True,False,False,False
Spain,2022,58.2,1258894.0,14.04574491002512,13.696683102090924,False,False,False,False,False,False,False,False,False,False,False,False,False,False,False,False,False,False,False,False,False,False,False,False,False,False,False,False,True,False,False,False
Spain,2023,57.1,1250991.0,14.039447394544508,14.04574491002512,False,False,False,False,False,False,False,False,False,False,False,False,False,False,False,False,False,False,False,False,False,False,False,False,False,False,False,False,True,False,False,False
Spain,2024,55.4,1288562.0,14.069038201942146,14.039447394544508,False,False,False,False,False,False,False,False,False,False,False,False,False,False,False,False,False,False,False,False,False,False,False,False,False,False,False,False,True,False,False,False
Sweden,2014,39.8,126966.0,11.751682489156126,11.660017001858309,False,False,False,False,False,False,False,False,False,False,False,False,False,False,False,False,False,False,False,False,False,False,False,False,False,False,False,False,False,True,False,False
Sweden,2015,39.9,134240.0,11.807391971017745,11.751682489156126,False,False,False,False,False,False,False,False,False,False,False,False,False,False,False,False,False,False,False,False,False,False,False,False,False,False,False,False,False,True,False,False
Sweden,2016,38.5,163005.0,12.001542288927386,11.807391971017745,False,False,False,False,False,False,False,False,False,False,False,False,False,False,False,False,False,False,False,False,False,False,False,False,False,False,False,False,False,True,False,False
Sweden,2017,38.5,144489.0,11.880965579987658,12.001542288927386,False,False,False,False,False,False,False,False,False,False,False,False,False,False,False,False,False,False,False,False,False,False,False,False,False,False,False,False,False,True,False,False
Sweden,2018,37.5,132602.0,11.79511498091236,11.880965579987658,False,False,False,False,False,False,False,False,False,False,False,False,False,False,False,False,False,False,False,False,False,False,False,False,False,False,False,False,False,True,False,False
Sweden,2019,37.6,115805.0,11.659671656250262,11.79511498091236,False,False,False,False,False,False,False,False,False,False,False,False,False,False,False,False,False,False,False,False,False,False,False,False,False,False,False,False,False,True,False,False
Sweden,2020,37.5,82518.0,11.320783848837403,11.659671656250262,False,False,False,False,False,False,False,False,False,False,False,False,False,False,False,False,False,False,False,False,False,False,False,False,False,False,False,False,False,True,False,False
Sweden,2021,38.4,90631.0,11.414562630553325,11.320783848837403,False,False,False,False,False,False,False,False,False,False,False,False,False,False,False,False,False,False,False,False,False,False,False,False,False,False,False,False,False,True,False,False
Sweden,2022,37.4,102436.0,11.537003254449258,11.414562630553325,False,False,False,False,False,False,False,False,False,False,False,False,False,False,False,False,False,False,False,False,False,False,False,False,False,False,False,False,False,True,False,False
Sweden,2023,37.0,94514.0,11.456513831044266,11.537003254449258,False,False,False,False,False,False,False,False,False,False,False,False,False,False,False,False,False,False,False,False,False,False,False,False,False,False,False,False,False,True,False,False
Sweden,2024,36.3,116197.0,11.663050911547867,11.456513831044266,False,False,False,False,False,False,False,False,False,False,False,False,False,False,False,False,False,False,False,False,False,False,False,False,False,False,False,False,False,True,False,False
Switzerland,2014,47.8,156282.0,11.959423745299068,11.98391610695859,False,False,False,False,False,False,False,False,False,False,False,False,False,False,False,False,False,False,False,False,False,False,False,False,False,False,False,False,False,False,True,False
Switzerland,2015,46.5,153627.0,11.942289374749269,11.959423745299068,False,False,False,False,False,False,False,False,False,False,False,False,False,False,False,False,False,False,False,False,False,False,False,False,False,False,False,False,False,False,True,False
Switzerland,2016,46.6,149305.0,11.913753170261646,11.942289374749269,False,False,False,False,False,False,False,False,False,False,False,False,False,False,False,False,False,False,False,False,False,False,False,False,False,False,False,False,False,False,True,False
Switzerland,2017,45.8,143377.0,11.873239778362722,11.913753170261646,False,False,False,False,False,False,False,False,False,False,False,False,False,False,False,False,False,False,False,False,False,False,False,False,False,False,False,False,False,False,True,False
Switzerland,2018,45.1,144857.0,11.88350923122021,11.873239778362722,False,False,False,False,False,False,False,False,False,False,False,False,False,False,False,False,False,False,False,False,False,False,False,False,False,False,False,False,False,False,True,False
Switzerland,2019,44.5,145129.0,11.885385171464408,11.88350923122021,False,False,False,False,False,False,False,False,False,False,False,False,False,False,False,False,False,False,False,False,False,False,False,False,False,False,False,False,False,False,True,False
Switzerland,2020,43.1,138778.0,11.84063801877835,11.885385171464408,False,False,False,False,False,False,False,False,False,False,False,False,False,False,False,False,False,False,False,False,False,False,False,False,False,False,False,False,False,False,True,False
Switzerland,2021,43.3,144907.0,11.883854337274723,11.84063801877835,False,False,False,False,False,False,False,False,False,False,False,False,False,False,False,False,False,False,False,False,False,False,False,False,False,False,False,False,False,False,True,False
Switzerland,2022,43.2,167079.0,12.026228018611112,11.883854337274723,False,False,False,False,False,False,False,False,False,False,False,False,False,False,False,False,False,False,False,False,False,False,False,False,False,False,False,False,False,False,True,False
Switzerland,2023,42.0,263081.0,12.480221049636656,12.026228018611112,False,False,False,False,False,False,False,False,False,False,False,False,False,False,False,False,False,False,False,False,False,False,False,False,False,False,False,False,False,False,True,False
Switzerland,2024,42.4,212578.0,12.267068962965116,12.480221049636656,False,False,False,False,False,False,False,False,False,False,False,False,False,False,False,False,False,False,False,False,False,False,False,False,False,False,False,False,False,False,True,False
United Kingdom,2014,52.2,631991.0,13.356632014821031,13.173145841340219,False,False,False,False,False,False,False,False,False,False,False,False,False,False,False,False,False,False,False,False,False,False,False,False,False,False,False,False,False,False,False,True
United Kingdom,2015,51.7,631452.0,13.35577879203302,13.356632014821031,False,False,False,False,False,False,False,False,False,False,False,False,False,False,False,False,False,False,False,False,False,False,False,False,False,False,False,False,False,False,False,True
United Kingdom,2016,51.5,588993.0,13.286171275824623,13.35577879203302,False,False,False,False,False,False,False,False,False,False,False,False,False,False,False,False,False,False,False,False,False,False,False,False,False,False,False,False,False,False,False,True
United Kingdom,2017,62.3,644209.0,13.375780038888216,13.286171275824623,False,False,False,False,False,False,False,False,False,False,False,False,False,False,False,False,False,False,False,False,False,False,False,False,False,False,False,False,False,False,False,True
United Kingdom,2018,55.8,603953.0,13.311253315076316,13.375780038888216,False,False,False,False,False,False,False,False,False,False,False,False,False,False,False,False,False,False,False,False,False,False,False,False,False,False,False,False,False,False,False,True
