geo,year,noise_rate,pollution_rate,crime_rate,hpi_weight
Austria,2010,22.333333333333332,9.433333333333334,12.377777777777778,88.66
Austria,2011,19.799999999999997,10.81111111111111,11.100000000000001,64.07666666666667
Austria,2012,20.566666666666666,10.777777777777779,11.366666666666667,68.60000000000001
Austria,2013,20.188888888888886,11.61111111111111,11.344444444444443,71.38
Austria,2014,18.522222222222222,9.38888888888889,13.0,73.64
Austria,2015,18.5,11.011111111111111,12.511111111111113,78.31
Austria,2016,18.633333333333333,11.011111111111111,12.0,83.80333333333333
Austria,2017,18.166666666666668,9.633333333333333,10.622222222222222,87.42
Austria,2018,18.4,9.288888888888888,9.011111111111111,92.83666666666666
Austria,2019,20.91111111111111,11.066666666666666,8.455555555555556,98.29333333333334
Austria,2020,16.799999999999997,8.31111111111111,5.977777777777778,106.12333333333333
Austria,2023,20.11111111111111,8.366666666666667,6.855555555555556,124.15333333333335
Belgium,2005,20.91111111111111,16.0,16.933333333333334,76.19
Belgium,2006,20.466666666666665,13.377777777777778,16.755555555555556,59.04333333333333
Belgium,2007,21.5,15.644444444444446,17.544444444444444,62.70333333333334
Belgium,2008,19.48888888888889,15.377777777777778,15.066666666666666,64.15
Belgium,2009,18.1,13.61111111111111,14.577777777777776,62.32666666666666
Belgium,2010,17.688888888888886,13.377777777777776,16.055555555555557,64.63333333333334
Belgium,2011,18.27777777777778,15.033333333333335,12.655555555555555,67.35333333333334
Belgium,2012,18.455555555555556,16.333333333333332,15.588888888888887,68.51
Belgium,2013,18.466666666666665,18.37777777777778,20.6,69.21333333333332
Belgium,2014,19.666666666666668,17.688888888888886,17.166666666666668,68.38333333333334
Belgium,2015,20.299999999999997,16.433333333333334,17.48888888888889,70.32333333333334
Belgium,2016,17.944444444444443,15.5,15.11111111111111,72.11666666666666
Belgium,2017,18.211111111111112,15.200000000000001,14.61111111111111,75.04
Belgium,2018,19.522222222222222,15.955555555555556,15.288888888888888,77.10333333333334
Belgium,2019,17.0,15.966666666666665,14.777777777777779,80.18333333333334
Belgium,2020,15.544444444444444,12.444444444444445,11.744444444444445,83.77
Belgium,2023,15.200000000000001,14.399999999999999,13.522222222222222,95.62333333333333
Bulgaria,2005,20.233333333333334,26.700000000000003,28.200000000000003,77.89
Bulgaria,2006,20.233333333333334,26.700000000000003,28.200000000000003,64.46
Bulgaria,2007,19.27777777777778,28.633333333333333,29.044444444444448,86.41333333333334
Bulgaria,2008,18.65555555555555,22.077777777777776,28.355555555555554,104.27666666666669
Bulgaria,2009,18.288888888888888,23.033333333333335,28.95555555555556,69.57000000000001
Bulgaria,2010,14.544444444444444,19.51111111111111,30.033333333333335,65.20333333333333
Bulgaria,2011,13.977777777777778,18.633333333333333,29.88888888888889,62.99
Bulgaria,2012,13.277777777777779,16.044444444444444,26.188888888888886,62.953333333333326
Bulgaria,2013,13.077777777777778,16.466666666666665,26.533333333333335,61.45666666666667
Bulgaria,2014,13.433333333333334,18.4,28.72222222222222,63.546666666666674
Bulgaria,2015,11.188888888888888,17.155555555555555,26.355555555555554,65.77333333333333
Bulgaria,2016,11.022222222222222,16.311111111111114,24.61111111111111,71.72333333333334
Bulgaria,2017,10.633333333333333,16.322222222222223,24.033333333333335,78.30333333333333
Bulgaria,2018,9.81111111111111,14.377777777777778,21.0,82.57333333333334
Bulgaria,2019,9.18888888888889,13.877777777777778,19.022222222222222,87.21
Bulgaria,2020,8.788888888888888,12.822222222222223,18.72222222222222,90.62666666666667
Bulgaria,2023,9.177777777777777,11.755555555555555,15.811111111111112,124.33333333333333
Croatia,2010,12.666666666666666,9.777777777777779,4.444444444444445,68.05666666666666
Croatia,2011,11.177777777777777,7.455555555555555,3.9000000000000004,70.34666666666666
Croatia,2012,11.655555555555557,8.211111111111112,4.166666666666667,68.64666666666666
Croatia,2013,10.355555555555556,7.288888888888888,3.022222222222222,65.14666666666666
Croatia,2014,8.622222222222224,6.588888888888889,2.8333333333333335,64.86666666666666
Croatia,2015,8.655555555555557,6.333333333333333,3.466666666666667,62.54333333333333
Croatia,2016,8.655555555555557,7.422222222222222,3.3111111111111113,64.37333333333333
Croatia,2017,8.8,6.155555555555555,3.2666666666666666,67.79
Croatia,2018,8.333333333333334,6.711111111111111,2.822222222222222,72.61666666666666
Croatia,2019,8.11111111111111,6.088888888888889,2.677777777777778,79.91
Croatia,2020,7.911111111111111,5.5,2.511111111111111,85.37
Croatia,2023,6.677777777777778,4.355555555555556,1.4444444444444444,118.20333333333333
Cyprus,2005,32.388888888888886,20.644444444444446,7.688888888888889,91.515
Cyprus,2006,35.98888888888889,23.9,11.455555555555556,72.21333333333332
Cyprus,2007,35.8,23.755555555555556,13.488888888888889,80.16
Cyprus,2008,27.9,19.244444444444444,8.833333333333334,82.42999999999999
Cyprus,2009,30.166666666666668,20.87777777777778,8.177777777777779,73.08
Cyprus,2010,27.01111111111111,18.4,10.466666666666667,69.06666666666668
Cyprus,2011,26.22222222222222,19.322222222222223,14.155555555555557,69.29666666666667
Cyprus,2012,24.1,14.58888888888889,14.700000000000001,66.66333333333334
Cyprus,2013,26.855555555555554,16.266666666666666,14.788888888888888,63.56
Cyprus,2014,18.455555555555556,11.455555555555556,10.433333333333334,63.18333333333333
Cyprus,2015,16.955555555555556,10.266666666666667,12.600000000000001,62.35999999999999
Cyprus,2016,15.777777777777779,9.966666666666667,8.766666666666667,62.68
Cyprus,2017,15.988888888888889,10.18888888888889,11.577777777777778,67.24333333333333
Cyprus,2018,19.299999999999997,9.088888888888889,11.18888888888889,64.36
Cyprus,2019,13.766666666666667,7.2666666666666675,11.455555555555556,73.01333333333334
Cyprus,2020,12.81111111111111,7.800000000000001,10.511111111111111,75.58666666666666
Cyprus,2023,16.466666666666665,9.211111111111112,8.566666666666666,87.67333333333333
Czechia,2008,18.0,18.299999999999997,15.655555555555557,103.35
Czechia,2009,19.766666666666666,21.5,19.044444444444444,64.96666666666667
Czechia,2010,17.08888888888889,18.544444444444444,16.077777777777776,64.46666666666667
Czechia,2011,15.855555555555554,18.18888888888889,15.555555555555555,65.10000000000001
Czechia,2012,15.299999999999999,16.177777777777777,14.233333333333333,63.666666666666664
Czechia,2013,15.88888888888889,17.27777777777778,15.722222222222221,64.16666666666667
Czechia,2014,14.81111111111111,14.11111111111111,14.877777777777778,66.56666666666666
Czechia,2015,15.633333333333333,15.88888888888889,14.655555555555557,69.7
Czechia,2016,16.244444444444444,15.444444444444445,13.955555555555556,75.63333333333334
Czechia,2017,15.166666666666666,12.533333333333333,10.911111111111111,85.73333333333333
Czechia,2018,15.844444444444443,13.177777777777777,8.844444444444445,91.7
Czechia,2019,15.422222222222224,12.544444444444444,9.533333333333333,100.03333333333335
Czechia,2020,14.222222222222221,9.899999999999999,6.988888888888889,107.96666666666665
Czechia,2023,16.033333333333335,8.733333333333333,7.166666666666667,144.1
Denmark,2005,18.066666666666666,7.366666666666666,15.399999999999999,87.195
Denmark,2006,20.38888888888889,8.344444444444443,14.100000000000001,80.16
Denmark,2007,21.477777777777778,9.6,14.97777777777778,74.95666666666666
Denmark,2008,18.455555555555556,8.266666666666667,15.577777777777776,68.49666666666667
Denmark,2009,20.933333333333334,7.98888888888889,16.855555555555554,57.82333333333333
Denmark,2010,19.72222222222222,8.088888888888889,14.18888888888889,64.48333333333333
Denmark,2011,19.333333333333332,8.988888888888889,16.233333333333334,61.906666666666666
Denmark,2012,20.38888888888889,5.177777777777778,10.1,59.88666666666666
Denmark,2013,19.311111111111114,5.955555555555556,8.833333333333334,64.45
Denmark,2014,19.955555555555556,7.044444444444444,10.166666666666666,66.8
Denmark,2015,18.6,7.300000000000001,9.31111111111111,72.43666666666667
Denmark,2016,20.37777777777778,7.188888888888889,9.533333333333333,74.83999999999999
Denmark,2017,22.422222222222224,8.544444444444444,8.544444444444444,78.60666666666667
Denmark,2018,22.07777777777778,9.444444444444445,8.555555555555555,81.79666666666667
Denmark,2019,21.755555555555556,8.733333333333333,7.911111111111111,82.84666666666666
Denmark,2020,20.3,10.3,7.366666666666666,87.08333333333333
Denmark,2023,16.72222222222222,8.744444444444445,6.699999999999999,94.97333333333334
Estonia,2005,20.7875,18.9875,22.8,75.67999999999999
Estonia,2006,18.6,17.85,19.3375,91.92666666666666
Estonia,2007,20.866666666666667,26.88888888888889,23.966666666666665,98.02
Estonia,2008,17.422222222222224,23.522222222222222,18.12222222222222,79.12666666666667
Estonia,2009,13.055555555555555,12.855555555555556,15.122222222222222,39.3
Estonia,2010,12.155555555555557,16.644444444444446,18.688888888888886,56.53333333333333
Estonia,2011,13.11111111111111,23.533333333333335,14.877777777777778,62.10333333333333
Estonia,2012,13.455555555555556,12.322222222222223,16.188888888888886,66.02
Estonia,2013,10.100000000000001,10.066666666666666,12.955555555555556,73.92666666666666
Estonia,2014,10.68888888888889,12.466666666666667,14.18888888888889,84.57666666666667
Estonia,2015,9.355555555555556,9.522222222222222,12.822222222222223,87.8
Estonia,2016,10.344444444444443,9.655555555555557,9.3,91.12333333333333
Estonia,2017,8.333333333333334,9.355555555555556,6.722222222222222,96.32
Estonia,2018,7.6000000000000005,7.522222222222222,6.844444444444445,102.05666666666666
Estonia,2019,6.666666666666667,8.766666666666667,5.644444444444444,109.43666666666667
Estonia,2020,7.2555555555555555,7.155555555555556,5.344444444444445,115.53333333333335
Estonia,2023,8.788888888888888,9.177777777777777,3.788888888888889,171.01666666666665
Finland,2005,19.6,14.033333333333333,20.055555555555557,78.735
Finland,2006,19.322222222222223,13.744444444444445,18.455555555555556,58.47666666666667
Finland,2007,18.922222222222224,15.177777777777777,16.48888888888889,61.42333333333334
Finland,2008,18.988888888888887,14.688888888888888,16.822222222222223,60.196666666666665
Finland,2009,17.98888888888889,11.133333333333333,17.766666666666666,61.26
Finland,2010,16.288888888888888,9.844444444444443,12.011111111111111,66.72666666666667
Finland,2011,15.61111111111111,9.133333333333333,10.622222222222222,67.75
Finland,2012,16.855555555555554,9.133333333333333,11.777777777777779,69.09333333333333
Finland,2013,15.155555555555557,8.788888888888888,9.855555555555556,69.48
Finland,2014,14.055555555555555,8.944444444444445,7.544444444444445,68.70333333333333
Finland,2015,12.911111111111111,8.433333333333334,7.844444444444444,68.83999999999999
Finland,2016,13.11111111111111,7.01111111111111,7.1,70.16000000000001
Finland,2017,14.311111111111112,7.855555555555556,6.555555555555555,70.85000000000001
Finland,2018,14.311111111111112,8.399999999999999,7.044444444444444,71.43666666666667
Finland,2019,13.122222222222222,9.066666666666666,6.733333333333333,71.56666666666666
Finland,2020,15.233333333333333,9.31111111111111,8.333333333333334,73.29333333333334
Finland,2023,25.27777777777778,9.222222222222221,12.022222222222222,69.92666666666666
France,2005,18.855555555555554,15.677777777777777,15.511111111111111,84.83
France,2006,18.977777777777778,14.0,14.655555555555557,66.95666666666666
France,2007,18.066666666666666,14.488888888888889,14.988888888888889,69.26666666666667
France,2008,16.866666666666667,12.644444444444444,13.655555555555557,68.06666666666666
France,2009,17.255555555555556,11.655555555555557,13.744444444444445,61.596666666666664
France,2010,17.700000000000003,12.233333333333333,15.422222222222224,68.11333333333333
France,2011,17.62222222222222,10.522222222222222,14.42222222222222,72.29666666666667
France,2012,18.233333333333334,11.488888888888889,14.966666666666665,69.84333333333333
France,2013,17.055555555555557,11.477777777777778,17.11111111111111,68.07666666666667
France,2014,18.244444444444444,12.18888888888889,14.788888888888888,67.16000000000001
France,2015,18.51111111111111,11.655555555555557,14.444444444444445,66.32000000000001
France,2016,18.955555555555556,14.022222222222222,15.666666666666666,67.78333333333335
France,2017,17.8,12.488888888888889,14.47777777777778,70.64999999999999
France,2018,18.522222222222222,14.133333333333333,14.52222222222222,72.58666666666666
France,2019,19.0,15.133333333333333,16.022222222222222,75.10000000000001
France,2020,22.733333333333334,19.366666666666667,18.98888888888889,79.58
France,2023,22.133333333333333,16.799999999999997,15.38888888888889,87.48666666666666
Germany,2005,25.48888888888889,20.266666666666666,9.988888888888889,91.35
Germany,2006,27.88888888888889,22.166666666666668,11.677777777777777,60.53333333333333
Germany,2007,26.0,19.866666666666667,11.777777777777779,58.666666666666664
Germany,2008,25.855555555555554,20.98888888888889,12.5,60.63333333333333
Germany,2009,25.977777777777778,21.455555555555556,12.755555555555555,60.93333333333334
Germany,2010,25.799999999999997,19.9,11.977777777777778,61.63333333333333
Germany,2011,26.255555555555556,21.933333333333334,12.644444444444444,64.60000000000001
Germany,2012,27.355555555555554,22.644444444444446,13.233333333333333,66.76666666666667
Germany,2013,26.922222222222224,22.255555555555556,14.133333333333333,68.7
Germany,2014,26.677777777777777,22.755555555555556,13.444444444444445,70.83333333333333
Germany,2015,26.95555555555556,23.27777777777778,14.044444444444444,74.66666666666667
Germany,2016,25.72222222222222,23.044444444444444,14.366666666666667,81.06666666666666
Germany,2017,27.022222222222222,24.544444444444444,14.433333333333334,85.43333333333334
Germany,2018,28.22222222222222,24.133333333333333,13.944444444444445,91.13333333333333
Germany,2019,26.91111111111111,24.811111111111114,13.566666666666666,96.0
Germany,2020,21.688888888888886,13.055555555555555,7.5,103.96666666666665
Germany,2023,23.8,14.966666666666665,9.566666666666666,107.06666666666668
Hungary,2007,16.333333333333332,14.322222222222223,15.155555555555557,102.25999999999999
Hungary,2008,14.044444444444444,11.677777777777777,14.5,70.59333333333333
Hungary,2009,15.211111111111112,13.511111111111111,14.97777777777778,64.4
Hungary,2010,13.822222222222223,12.955555555555556,14.377777777777778,63.75333333333333
Hungary,2011,11.38888888888889,13.533333333333333,13.211111111111112,61.20666666666667
Hungary,2012,11.333333333333334,12.722222222222221,12.566666666666666,58.800000000000004
Hungary,2013,15.177777777777777,16.344444444444445,15.166666666666666,57.63
Hungary,2014,16.733333333333334,17.11111111111111,17.655555555555555,62.346666666666664
Hungary,2015,16.433333333333334,17.299999999999997,14.0,73.29
Hungary,2016,14.555555555555555,16.311111111111114,11.9,82.61333333333333
Hungary,2017,12.788888888888888,14.633333333333333,8.81111111111111,91.76666666666667
Hungary,2018,9.988888888888889,11.644444444444444,6.866666666666666,105.05
Hungary,2019,11.966666666666667,14.811111111111112,6.433333333333334,122.95333333333333
Hungary,2020,12.077777777777778,14.58888888888889,7.588888888888889,124.71666666666665
Hungary,2023,10.255555555555555,15.100000000000001,7.288888888888888,190.21333333333334
Iceland,2005,11.833333333333334,7.283333333333334,3.0833333333333335,72.37
Iceland,2006,12.633333333333333,8.966666666666667,2.283333333333333,61.96333333333334
Iceland,2007,12.133333333333333,10.75,3.233333333333334,64.79
Iceland,2008,12.016666666666666,9.700000000000001,3.233333333333333,67.56
Iceland,2009,11.299999999999999,10.583333333333334,4.233333333333333,55.903333333333336
Iceland,2010,13.166666666666666,10.6,3.25,56.339999999999996
Iceland,2011,12.5,10.700000000000001,2.0500000000000003,61.53333333333333
Iceland,2012,12.516666666666666,8.1,3.766666666666667,66.44333333333333
Iceland,2013,13.25,9.6,1.9500000000000002,69.77333333333333
Iceland,2014,12.61111111111111,9.3,2.1555555555555554,76.35666666666667
Iceland,2015,11.18888888888889,10.922222222222222,2.433333333333333,82.35
Iceland,2016,10.344444444444445,6.522222222222222,1.9000000000000001,90.66000000000001
Iceland,2017,10.144444444444444,7.788888888888888,1.7333333333333334,110.95666666666666
Iceland,2018,12.100000000000001,6.944444444444445,3.288888888888889,115.79666666666667
Iceland,2019,10.677777777777777,9.677777777777777,3.0444444444444443,119.52999999999999
Iceland,2020,9.100000000000001,9.18888888888889,1.9666666666666666,127.75999999999999
Ireland,2005,14.033333333333333,8.211111111111112,16.744444444444444,128.17499999999998
Ireland,2006,16.07777777777778,9.477777777777778,18.688888888888886,103.12666666666667
Ireland,2007,14.277777777777779,10.066666666666666,17.677777777777777,107.98666666666668
Ireland,2008,13.055555555555555,8.622222222222222,13.31111111111111,95.86333333333333
Ireland,2009,12.566666666666666,5.533333333333333,16.344444444444445,72.96333333333332
Ireland,2010,10.622222222222224,5.2555555555555555,12.155555555555557,64.15333333333332
Ireland,2011,11.577777777777778,4.388888888888889,11.566666666666666,51.22666666666667
Ireland,2012,9.455555555555556,4.533333333333333,11.733333333333333,44.76666666666667
Ireland,2013,10.022222222222222,5.2444444444444445,12.988888888888889,50.28333333333333
Ireland,2014,9.955555555555556,4.288888888888889,11.733333333333333,63.629999999999995
Ireland,2015,10.122222222222224,5.300000000000001,12.666666666666666,68.62666666666667
Ireland,2016,9.533333333333333,5.411111111111111,11.077777777777778,72.12666666666667
Ireland,2017,10.955555555555556,6.722222222222222,10.555555555555555,80.82666666666667
Ireland,2018,11.066666666666666,7.199999999999999,11.5,88.49000000000001
Ireland,2019,10.022222222222222,7.366666666666666,10.544444444444444,87.85333333333334
Ireland,2020,12.544444444444444,8.5,12.399999999999999,87.45333333333333
Ireland,2023,12.333333333333334,6.844444444444445,10.344444444444445,110.52333333333333
Italy,2010,20.244444444444444,14.666666666666666,11.366666666666667,109.05
Italy,2011,18.333333333333332,16.633333333333333,12.011111111111113,74.16666666666667
Italy,2012,16.08888888888889,14.944444444444445,12.922222222222222,71.0
Italy,2013,16.077777777777776,15.155555555555557,13.777777777777779,65.0
Italy,2014,15.899999999999999,16.0,15.97777777777778,62.43333333333334
Italy,2015,17.655555555555555,17.12222222222222,18.700000000000003,60.300000000000004
Italy,2016,15.811111111111112,14.58888888888889,14.166666666666666,61.833333333333336
Italy,2017,12.455555555555556,11.666666666666666,12.166666666666666,60.699999999999996
Italy,2018,10.711111111111112,11.266666666666667,11.011111111111111,60.5
Italy,2019,11.3,11.399999999999999,8.666666666666666,60.6
Italy,2020,13.433333333333332,14.677777777777777,8.022222222222222,62.43333333333334
Italy,2023,10.777777777777779,9.222222222222221,6.011111111111111,67.06666666666666
Latvia,2006,16.6,22.433333333333334,19.444444444444443,117.25
Latvia,2007,19.72222222222222,29.755555555555556,24.566666666666666,118.62
Latvia,2008,22.4,30.522222222222222,25.211111111111112,108.06333333333333
Latvia,2009,17.2,25.51111111111111,21.01111111111111,55.083333333333336
Latvia,2010,17.72222222222222,22.655555555555555,17.01111111111111,56.449999999999996
Latvia,2011,13.433333333333334,17.61111111111111,13.577777777777778,69.85000000000001
Latvia,2012,13.655555555555557,21.044444444444444,14.255555555555556,69.35666666666667
Latvia,2013,13.31111111111111,17.466666666666665,13.81111111111111,75.34
Latvia,2014,15.200000000000001,20.188888888888886,13.122222222222222,79.42
Latvia,2015,13.266666666666667,17.51111111111111,10.31111111111111,73.68666666666667
Latvia,2016,13.344444444444443,16.844444444444445,9.233333333333333,84.00666666666666
Latvia,2017,13.844444444444443,18.58888888888889,7.688888888888889,91.22666666666667
Latvia,2018,13.222222222222221,18.455555555555556,7.199999999999999,99.94
Latvia,2019,12.399999999999999,17.644444444444446,5.611111111111111,108.40333333333335
Latvia,2020,12.633333333333333,15.566666666666666,5.166666666666667,110.23
Latvia,2023,12.677777777777777,15.144444444444446,5.344444444444445,144.0533333333333
Lithuania,2006,21.816666666666666,15.866666666666667,8.983333333333333,103.09
Lithuania,2007,20.933333333333334,17.583333333333332,8.016666666666667,95.58333333333333
Lithuania,2008,17.416666666666668,13.216666666666669,6.1000000000000005,97.62
Lithuania,2009,16.900000000000002,13.916666666666666,7.75,56.333333333333336
Lithuania,2010,14.766666666666666,12.883333333333333,6.533333333333334,58.93333333333334
Lithuania,2011,15.866666666666667,15.183333333333332,5.933333333333334,67.65666666666667
Lithuania,2012,14.288888888888888,14.755555555555556,5.377777777777777,65.24
Lithuania,2013,14.877777777777778,16.12222222222222,6.488888888888889,66.5
Lithuania,2014,15.511111111111111,14.700000000000001,5.111111111111111,72.48
Lithuania,2015,12.088888888888889,11.733333333333333,3.4333333333333336,74.15333333333334
Lithuania,2016,10.7,11.822222222222223,2.8555555555555556,78.66000000000001
Lithuania,2017,12.866666666666667,15.544444444444444,7.555555555555555,86.67666666666668
Lithuania,2018,12.955555555555556,16.577777777777776,3.2333333333333334,92.25666666666666
Lithuania,2019,12.566666666666666,13.966666666666667,2.2555555555555555,98.23666666666668
Lithuania,2020,14.899999999999999,16.155555555555555,3.6333333333333337,105.38
Lithuania,2023,9.733333333333333,10.422222222222222,3.033333333333333,159.45666666666668
Luxembourg,2007,21.98888888888889,14.677777777777777,8.088888888888889,83.64
Luxembourg,2008,20.77777777777778,16.344444444444445,8.68888888888889,58.72333333333333
Luxembourg,2009,20.522222222222222,16.4,8.966666666666667,56.56
Luxembourg,2010,15.58888888888889,10.933333333333334,9.744444444444445,61.846666666666664
Luxembourg,2011,14.11111111111111,10.822222222222221,10.433333333333334,63.49
Luxembourg,2012,21.166666666666668,16.288888888888888,15.100000000000001,66.27
Luxembourg,2013,22.200000000000003,13.81111111111111,13.100000000000001,69.77
Luxembourg,2014,24.322222222222223,17.72222222222222,18.299999999999997,72.55666666666666
Luxembourg,2015,24.799999999999997,19.955555555555556,16.77777777777778,76.72666666666667
Luxembourg,2016,23.355555555555554,17.022222222222222,13.577777777777778,81.43
Luxembourg,2017,25.522222222222226,20.666666666666668,13.555555555555555,85.75333333333333
Luxembourg,2018,21.51111111111111,15.655555555555557,13.822222222222223,92.17333333333333
Luxembourg,2019,21.788888888888888,15.877777777777778,11.822222222222223,102.26
Luxembourg,2020,22.233333333333334,14.433333333333334,11.166666666666666,118.06
Luxembourg,2023,32.577777777777776,10.11111111111111,9.966666666666667,125.45333333333332
Malta,2005,18.783333333333335,23.816666666666666,8.316666666666666,61.31
Malta,2006,23.53333333333333,34.11666666666667,8.966666666666667,55.626666666666665
Malta,2007,22.45,27.583333333333332,8.45,66.28
Malta,2008,24.25,28.466666666666665,8.5,69.55
Malta,2009,28.650000000000002,32.516666666666666,8.733333333333333,61.56999999999999
Malta,2010,26.766666666666666,32.75,7.766666666666667,64.04666666666667
Malta,2011,29.883333333333336,33.800000000000004,8.783333333333333,62.346666666666664
Malta,2012,27.516666666666666,30.933333333333334,9.9,65.73
Malta,2013,30.333333333333332,31.55,11.4,64.33
Malta,2014,23.614285714285717,24.75714285714286,9.285714285714286,66.97666666666667
Malta,2015,18.571428571428573,21.442857142857147,6.528571428571429,71.88333333333334
Malta,2016,17.5125,18.099999999999998,5.85,75.56333333333333
Malta,2017,21.5,22.21666666666667,9.15,79.42999999999999
Malta,2018,22.2,25.400000000000002,8.583333333333334,84.08666666666666
Malta,2019,23.516666666666666,25.183333333333334,8.9,89.22333333333334
Malta,2020,27.05,26.0,7.616666666666667,91.27
Malta,2023,28.977777777777778,25.744444444444444,6.333333333333333,109.38333333333333
Netherlands,2005,26.955555555555556,13.144444444444444,16.566666666666666,100.83
Netherlands,2006,25.366666666666664,13.466666666666667,14.866666666666667,71.47666666666666
Netherlands,2007,28.766666666666666,12.31111111111111,13.3,75.06666666666668
Netherlands,2008,24.355555555555558,10.988888888888889,11.733333333333334,75.82
Netherlands,2009,24.344444444444445,14.422222222222224,18.72222222222222,70.28
Netherlands,2010,19.033333333333335,11.166666666666666,12.877777777777778,69.92666666666666
Netherlands,2011,22.955555555555556,14.555555555555555,14.277777777777779,68.43333333333334
Netherlands,2012,25.333333333333332,12.933333333333332,16.677777777777777,62.24
Netherlands,2013,23.577777777777776,13.577777777777778,16.022222222222222,58.583333333333336
Netherlands,2014,25.5,14.433333333333334,17.61111111111111,61.35666666666666
Netherlands,2015,25.61111111111111,11.422222222222222,15.677777777777777,64.40333333333332
Netherlands,2016,24.566666666666666,12.044444444444444,15.077777777777776,68.34666666666668
Netherlands,2017,24.322222222222223,13.155555555555555,13.155555555555557,74.66666666666667
Netherlands,2018,25.22222222222222,16.166666666666668,15.055555555555555,81.76666666666667
Netherlands,2019,24.866666666666667,15.066666666666666,14.100000000000001,86.74333333333334
Netherlands,2020,24.700000000000003,14.299999999999999,13.911111111111111,93.77
Netherlands,2023,26.72222222222222,15.333333333333334,15.122222222222222,115.25
Norway,2005,12.644444444444444,8.222222222222221,4.488888888888889,62.915000000000006
Norway,2006,13.399999999999999,7.411111111111111,5.344444444444445,52.25
Norway,2007,12.644444444444444,7.888888888888889,4.644444444444444,57.89000000000001
Norway,2008,13.288888888888888,8.477777777777778,5.788888888888889,52.75
Norway,2009,12.944444444444445,8.088888888888889,5.611111111111111,54.75666666666666
Norway,2010,13.544444444444444,8.422222222222222,5.455555555555556,61.35666666666666
Norway,2011,14.422222222222224,8.911111111111111,5.355555555555556,66.10666666666667
Norway,2012,11.244444444444445,9.244444444444445,6.199999999999999,69.88
Norway,2013,14.655555555555557,8.666666666666666,5.311111111111111,71.99
Norway,2015,12.61111111111111,9.38888888888889,6.077777777777778,79.56333333333333
Norway,2016,12.11111111111111,7.633333333333334,5.277777777777778,86.05666666666666
Norway,2017,12.666666666666666,7.677777777777777,4.355555555555556,89.75999999999999
Norway,2018,12.755555555555555,8.977777777777778,4.866666666666666,89.87
Norway,2019,12.655555555555557,7.566666666666667,4.477777777777778,94.26666666666667
Norway,2020,15.244444444444444,8.0,4.566666666666666,99.15333333333332
Norway,2023,14.766666666666667,9.866666666666667,6.355555555555555,114.59333333333332
Poland,2010,16.555555555555557,9.766666666666667,6.366666666666666,102.805
Poland,2011,14.88888888888889,11.422222222222222,6.199999999999999,68.62333333333333
Poland,2012,15.533333333333335,12.18888888888889,7.8999999999999995,65.03
Poland,2013,15.311111111111112,12.366666666666667,8.133333333333333,61.830000000000005
Poland,2014,14.877777777777778,13.011111111111111,7.966666666666667,64.25666666666666
Poland,2015,13.344444444444443,11.333333333333334,7.133333333333334,65.39666666666666
Poland,2016,14.222222222222221,12.011111111111111,6.288888888888889,66.73666666666666
Poland,2017,13.566666666666666,13.133333333333333,6.622222222222223,69.94666666666667
Poland,2018,14.422222222222224,14.100000000000001,5.411111111111111,75.36333333333333
Poland,2019,13.922222222222222,14.566666666666666,4.766666666666667,82.41
Poland,2023,9.944444444444445,7.199999999999999,3.2333333333333334,119.60333333333334
Portugal,2008,21.244444444444444,14.755555555555556,10.133333333333333,103.845
Portugal,2009,20.755555555555556,16.98888888888889,11.766666666666667,68.29333333333334
Portugal,2010,20.58888888888889,14.988888888888889,10.044444444444444,69.38666666666667
Portugal,2011,21.733333333333334,14.022222222222222,8.444444444444445,64.09666666666666
Portugal,2012,22.87777777777778,13.899999999999999,9.38888888888889,58.71666666666667
Portugal,2013,21.811111111111114,14.266666666666667,12.355555555555556,59.300000000000004
Portugal,2014,22.144444444444446,13.366666666666667,10.855555555555556,63.876666666666665
Portugal,2015,22.022222222222222,14.233333333333333,10.033333333333333,65.41666666666667
Portugal,2016,21.933333333333334,13.31111111111111,7.133333333333334,71.33
Portugal,2017,22.733333333333334,13.366666666666667,7.455555555555555,78.40666666666667
Portugal,2018,21.644444444444446,12.455555555555556,6.288888888888889,86.50666666666666
Portugal,2019,21.255555555555553,13.266666666666667,6.2555555555555555,94.67999999999999
Portugal,2020,26.1,13.866666666666667,7.066666666666666,102.29333333333334
Portugal,2023,28.799999999999997,15.344444444444443,6.133333333333334,135.20666666666668
Romania,2009,39.1875,27.3875,14.975,118.715
Romania,2010,33.47777777777778,17.955555555555556,12.477777777777778,70.68
Romania,2011,29.877777777777776,16.477777777777778,12.433333333333334,60.07333333333333
Romania,2012,26.71111111111111,18.366666666666667,14.455555555555556,59.22
Romania,2013,25.900000000000002,17.48888888888889,16.01111111111111,60.663333333333334
Romania,2014,24.022222222222226,17.711111111111112,16.12222222222222,58.81666666666666
Romania,2015,22.688888888888886,16.177777777777777,14.466666666666665,62.18333333333334
Romania,2016,20.922222222222224,15.088888888888887,15.677777777777777,66.86
Romania,2017,20.266666666666666,16.72222222222222,13.288888888888888,70.78333333333333
Romania,2018,21.655555555555555,16.522222222222222,12.533333333333333,74.48333333333333
Romania,2019,20.41111111111111,14.899999999999999,10.233333333333333,76.24
Romania,2020,18.144444444444446,12.877777777777778,9.211111111111112,80.19333333333333
Romania,2023,19.688888888888886,12.11111111111111,5.699999999999999,91.96666666666668
Slovakia,2006,20.244444444444444,20.51111111111111,9.711111111111112,77.14
Slovakia,2007,21.133333333333336,19.966666666666665,9.144444444444444,75.99333333333334
Slovakia,2008,20.933333333333334,20.788888888888888,10.933333333333334,84.17
Slovakia,2009,22.077777777777776,24.01111111111111,13.244444444444445,63.96666666666666
Slovakia,2010,19.677777777777777,21.200000000000003,11.077777777777778,64.45333333333333
Slovakia,2011,16.855555555555554,17.51111111111111,11.744444444444445,64.2
Slovakia,2012,16.366666666666667,16.022222222222222,10.899999999999999,61.97
Slovakia,2013,16.9,15.677777777777777,10.155555555555557,63.67333333333334
Slovakia,2014,15.144444444444446,14.755555555555556,9.844444444444443,64.73
Slovakia,2015,13.644444444444444,12.655555555555555,8.377777777777778,69.44666666666667
Slovakia,2016,13.866666666666667,11.588888888888889,7.655555555555556,74.42666666666666
Slovakia,2017,14.333333333333334,13.644444444444444,7.0,78.38333333333334
Slovakia,2018,11.600000000000001,10.022222222222222,5.655555555555555,84.57333333333334
Slovakia,2019,11.255555555555556,10.0,6.822222222222222,92.63666666666667
Slovakia,2020,10.11111111111111,10.633333333333333,5.233333333333333,101.31666666666668
Slovakia,2023,11.899999999999999,9.355555555555556,5.933333333333334,118.42666666666668
Slovenia,2007,22.077777777777776,22.066666666666666,13.211111111111112,111.97999999999999
Slovenia,2008,20.533333333333335,22.0,10.788888888888888,82.21
Slovenia,2009,18.677777777777777,21.62222222222222,15.08888888888889,69.14333333333333
Slovenia,2010,17.4,19.055555555555557,10.655555555555557,72.43666666666667
Slovenia,2011,18.288888888888888,19.811111111111114,9.666666666666666,75.26666666666667
Slovenia,2012,14.722222222222221,16.88888888888889,9.488888888888889,66.94333333333334
Slovenia,2013,12.866666666666667,16.27777777777778,10.377777777777778,63.876666666666665
Slovenia,2014,14.988888888888889,16.11111111111111,11.433333333333334,59.080000000000005
Slovenia,2015,14.399999999999999,16.5,10.244444444444445,62.04
Slovenia,2016,15.122222222222222,16.522222222222222,9.522222222222222,64.88333333333334
Slovenia,2017,14.47777777777778,17.422222222222224,8.577777777777778,71.82333333333334
Slovenia,2018,15.133333333333333,16.700000000000003,8.144444444444444,77.98666666666666
Slovenia,2019,15.622222222222222,16.5,8.266666666666667,82.34666666666666
Slovenia,2020,16.133333333333333,15.644444444444446,8.155555555555557,85.33666666666666
Slovenia,2023,15.566666666666666,16.288888888888888,7.533333333333333,117.43333333333334
Spain,2006,24.799999999999997,14.41111111111111,17.444444444444443,118.10499999999999
Spain,2007,24.644444444444446,14.288888888888888,16.311111111111114,89.72333333333331
Spain,2008,20.811111111111114,11.477777777777778,13.144444444444444,84.75333333333333
Spain,2009,20.77777777777778,11.7,14.944444444444445,77.39
Spain,2010,17.355555555555554,9.555555555555555,11.966666666666667,77.58333333333333
Spain,2011,14.955555555555556,7.544444444444445,10.166666666666666,69.67666666666666
Spain,2012,14.822222222222223,7.533333333333333,9.633333333333333,56.60333333333333
Spain,2013,17.022222222222222,8.766666666666667,12.8,52.88666666666666
Spain,2014,15.211111111111112,9.255555555555555,10.81111111111111,56.196666666666665
Spain,2015,15.066666666666666,9.68888888888889,9.033333333333333,59.306666666666665
Spain,2016,15.944444444444445,9.422222222222222,10.277777777777779,62.326666666666675
Spain,2017,14.433333333333334,7.555555555555555,7.844444444444444,66.62333333333332
Spain,2018,16.233333333333334,9.411111111111111,10.133333333333333,71.13666666666667
Spain,2019,12.411111111111111,8.233333333333333,10.477777777777778,74.2
Spain,2020,20.77777777777778,11.0,13.555555555555555,74.82000000000001
Spain,2023,21.444444444444443,9.533333333333333,12.466666666666667,87.14999999999999
Sweden,2005,13.122222222222222,5.6,11.155555555555557,61.2
Sweden,2006,15.355555555555554,8.255555555555555,16.9,49.93
Sweden,2007,15.533333333333335,7.444444444444445,15.255555555555556,55.673333333333325
Sweden,2008,17.08888888888889,11.444444444444445,17.366666666666667,52.48
Sweden,2009,16.188888888888886,10.477777777777778,16.166666666666668,54.79
Sweden,2010,16.133333333333333,8.933333333333334,14.088888888888889,60.623333333333335
Sweden,2011,16.788888888888888,7.955555555555555,15.711111111111112,60.35
Sweden,2012,16.077777777777776,8.644444444444444,14.122222222222222,60.666666666666664
Sweden,2013,13.833333333333334,7.877777777777778,11.122222222222222,65.07000000000001
Sweden,2014,14.422222222222224,8.455555555555556,11.944444444444445,72.44
Sweden,2015,13.877777777777778,8.055555555555555,12.588888888888889,82.76666666666667
Sweden,2016,18.144444444444442,6.477777777777778,13.722222222222221,87.59333333333332
Sweden,2017,17.48888888888889,6.822222222222222,13.0,92.69666666666667
Sweden,2018,17.033333333333335,5.988888888888889,14.166666666666666,89.35000000000001
Sweden,2019,17.08888888888889,6.266666666666667,12.444444444444445,92.71
Sweden,2020,17.144444444444446,5.333333333333333,13.18888888888889,97.13333333333333
Sweden,2023,11.31111111111111,5.433333333333334,9.144444444444444,101.79666666666667
Switzerland,2018,17.233333333333334,9.0,7.911111111111111,3.0
Switzerland,2019,18.977777777777774,9.766666666666667,7.355555555555556,3.7
Switzerland,2020,18.799999999999997,8.088888888888889,6.833333333333333,2.5
Switzerland,2023,17.533333333333335,8.488888888888889,7.888888888888889,2.2
United Kingdom,2005,20.466666666666665,13.366666666666667,22.12222222222222,85.3
United Kingdom,2006,19.355555555555558,11.855555555555556,21.288888888888888,63.89666666666667
United Kingdom,2007,16.433333333333334,10.988888888888889,21.12222222222222,70.67333333333333
United Kingdom,2008,18.72222222222222,11.377777777777778,21.01111111111111,62.93333333333334
United Kingdom,2009,18.422222222222224,11.38888888888889,21.322222222222223,55.69
United Kingdom,2010,19.033333333333335,11.733333333333333,20.822222222222223,63.98333333333334
United Kingdom,2011,18.27777777777778,10.833333333333334,18.72222222222222,60.63666666666666
United Kingdom,2012,17.08888888888889,7.811111111111111,17.744444444444444,61.5
United Kingdom,2013,15.533333333333335,7.48888888888889,15.288888888888888,63.81
United Kingdom,2014,15.877777777777778,7.133333333333334,14.577777777777776,70.66000000000001
United Kingdom,2015,15.055555555555555,7.555555555555555,15.288888888888888,73.99333333333333
United Kingdom,2016,15.511111111111111,7.966666666666667,14.488888888888889,79.39333333333333
United Kingdom,2017,15.677777777777777,9.11111111111111,16.155555555555555,82.10333333333334
United Kingdom,2018,17.366666666666667,12.011111111111111,19.333333333333332,84.31
