geo,year,crime_rate,noise_rate,pollution_rate,hpi_weight,happy_rate,deg_urb_Rural areas,deg_urb_Towns and suburbs,rskpovth_Below 60%,rskpovth_Total,crime_noise,poll_noise
Belgium,2013,37.3,30.5,33.2,1.5,8.1,False,False,True,False,1137.6499999999999,1012.6000000000001
Belgium,2018,28.2,32.6,34.7,3.0,8.1,False,False,True,False,919.32,1131.2200000000003
Belgium,2023,29.6,24.7,29.2,2.3,8.0,False,False,True,False,731.12,721.24
Bulgaria,2013,36.6,27.0,28.0,-2.2,6.2,False,False,True,False,988.2,756.0
Bulgaria,2018,28.8,17.5,24.1,6.6,6.9,False,False,True,False,504.0,421.75
Bulgaria,2023,33.1,19.6,30.4,9.9,7.1,False,False,True,False,648.7600000000001,595.84
Czechia,2013,30.5,25.0,29.6,0.0,8.1,False,False,True,False,762.5,740.0
Czechia,2018,12.3,22.6,18.8,8.6,8.2,False,False,True,False,277.98,424.88000000000005
Czechia,2023,15.8,21.5,15.1,-1.7,8.2,False,False,True,False,339.7,324.65
Denmark,2013,18.1,33.7,8.1,3.9,8.0,False,False,True,False,609.9700000000001,272.97
Denmark,2018,20.3,38.3,19.0,4.4,7.6,False,False,True,False,777.49,727.6999999999999
Denmark,2023,16.2,29.1,17.8,-3.8,7.5,False,False,True,False,471.42,517.98
Germany,2013,30.6,41.7,36.0,3.1,7.7,False,False,True,False,1276.0200000000002,1501.2
Germany,2018,29.2,41.0,38.4,6.6,8.0,False,False,True,False,1197.2,1574.3999999999999
Germany,2023,17.9,30.6,21.6,-8.4,7.5,False,False,True,False,547.74,660.96
Estonia,2013,18.1,14.3,12.1,10.7,7.6,False,False,True,False,258.83000000000004,173.03
Estonia,2018,9.3,11.3,11.2,5.9,7.9,False,False,True,False,105.09000000000002,126.56
Estonia,2023,5.8,11.1,8.0,5.9,7.7,False,False,True,False,64.38,88.8
Ireland,2013,25.3,12.6,8.1,1.2,7.5,False,False,True,False,318.78,102.05999999999999
Ireland,2018,23.7,14.5,11.8,10.2,8.4,False,False,True,False,343.65,171.10000000000002
Ireland,2023,16.6,17.0,4.9,3.1,7.7,False,False,True,False,282.20000000000005,83.30000000000001
Spain,2013,21.3,26.2,14.9,-9.1,7.5,False,False,True,False,558.0600000000001,390.38
Spain,2018,20.0,26.2,16.5,6.7,8.0,False,False,True,False,524.0,432.3
Spain,2023,22.9,31.5,16.7,4.0,7.6,False,False,True,False,721.3499999999999,526.05
France,2013,34.2,33.0,20.8,-1.9,7.6,False,False,True,False,1128.6000000000001,686.4
France,2018,24.2,30.8,24.7,2.9,7.8,False,False,True,False,745.36,760.76
France,2023,27.6,32.1,28.5,-0.4,7.6,False,False,True,False,885.96,914.85
Croatia,2013,2.7,16.7,13.0,-3.9,8.3,False,False,True,False,45.09,217.1
Croatia,2018,4.5,12.7,11.2,6.1,8.0,False,False,True,False,57.15,142.23999999999998
Croatia,2023,2.2,8.0,7.5,11.9,8.1,False,False,True,False,17.6,60.0
Italy,2013,25.2,30.4,30.9,-6.5,7.2,False,False,True,False,766.0799999999999,939.3599999999999
Italy,2018,20.1,19.8,18.2,-0.6,7.8,False,False,True,False,397.98,360.36
Italy,2023,9.8,12.7,11.6,1.3,7.6,False,False,True,False,124.46000000000001,147.32
Cyprus,2013,9.0,30.7,15.9,-4.1,6.7,False,False,True,False,276.3,488.13
Cyprus,2018,9.4,23.8,9.4,-1.3,7.7,False,False,True,False,223.72000000000003,223.72000000000003
Cyprus,2023,6.9,21.8,10.2,9.2,7.9,False,False,True,False,150.42000000000002,222.35999999999999
Latvia,2013,16.8,20.2,19.1,6.9,7.6,False,False,True,False,339.36,385.82
Latvia,2018,15.5,23.0,26.0,9.6,7.8,False,False,True,False,356.5,598.0
Latvia,2023,10.2,17.8,19.1,3.7,7.4,False,False,True,False,181.56,339.98
Lithuania,2013,12.3,25.7,25.8,1.2,8.2,False,False,True,False,316.11,663.06
Lithuania,2018,5.1,16.2,21.6,7.3,7.3,False,False,True,False,82.61999999999999,349.92
Lithuania,2023,7.8,17.6,13.3,9.8,7.9,False,False,True,False,137.28,234.08000000000004
Luxembourg,2013,11.8,36.1,21.0,5.0,8.1,False,False,True,False,425.98,758.1
Luxembourg,2018,27.0,31.3,14.0,7.1,7.9,False,False,True,False,845.1,438.2
Luxembourg,2023,26.7,55.9,13.0,-9.1,7.5,False,False,True,False,1492.53,726.6999999999999
Hungary,2013,22.0,22.7,18.5,-2.6,7.4,False,False,True,False,499.4,419.95
Hungary,2018,16.0,18.3,20.7,14.3,7.8,False,False,True,False,292.8,378.81
Hungary,2023,7.9,12.5,15.4,7.1,8.0,False,False,True,False,98.75,192.5
Malta,2013,12.2,29.7,41.3,-0.4,7.7,False,False,True,False,362.34,1226.61
Malta,2018,14.7,29.2,32.3,5.8,7.8,False,False,True,False,429.23999999999995,943.1599999999999
Malta,2023,6.8,36.2,43.1,6.2,7.6,False,False,True,False,246.16000000000003,1560.2200000000003
Netherlands,2013,21.5,39.7,21.8,-6.0,8.0,False,False,True,False,853.5500000000001,865.46
Netherlands,2018,23.9,44.4,23.0,9.3,7.7,False,False,True,False,1061.1599999999999,1021.1999999999999
Netherlands,2023,24.6,43.6,21.7,-1.9,7.6,False,False,True,False,1072.5600000000002,946.12
Austria,2013,20.3,27.6,19.2,5.0,8.3,False,False,True,False,560.2800000000001,529.92
Austria,2018,10.8,20.8,11.9,6.0,8.5,False,False,True,False,224.64000000000001,247.52
Austria,2023,10.9,24.1,9.7,-2.9,7.9,False,False,True,False,262.69,233.77
Poland,2013,22.6,23.8,23.2,-4.4,8.0,False,False,True,False,537.88,552.16
Poland,2018,12.0,20.8,17.7,6.6,8.3,False,False,True,False,249.60000000000002,368.16
Poland,2023,7.9,17.8,13.0,8.8,8.0,False,False,True,False,140.62,231.4
Portugal,2013,20.3,31.0,20.4,-1.9,7.2,False,False,True,False,629.3000000000001,632.4
Portugal,2018,9.5,30.3,18.7,10.3,7.9,False,False,True,False,287.85,566.61
Portugal,2023,11.8,42.3,20.0,8.2,7.8,False,False,True,False,499.14,846.0
Romania,2013,15.4,17.2,19.6,-0.3,7.9,False,False,True,False,264.88,337.12
Romania,2018,15.8,28.6,21.2,5.6,8.6,False,False,True,False,451.88000000000005,606.32
Romania,2023,2.7,19.9,20.8,3.3,8.6,False,False,True,False,53.73,413.91999999999996
Slovenia,2013,18.0,18.0,19.8,-5.2,7.8,False,False,True,False,324.0,356.40000000000003
Slovenia,2018,7.8,14.4,15.1,8.7,8.4,False,False,True,False,112.32,217.44
Slovenia,2023,11.6,23.7,19.0,7.2,8.4,False,False,True,False,274.91999999999996,450.3
Slovakia,2013,8.9,19.8,8.2,0.8,7.9,False,False,True,False,176.22000000000003,162.35999999999999
Slovakia,2018,1.9,5.8,4.6,7.4,8.2,False,False,True,False,11.02,26.679999999999996
Slovakia,2023,25.6,33.5,30.8,-0.2,8.3,False,False,True,False,857.6,1031.8
Finland,2013,14.2,24.5,12.4,1.2,8.5,False,False,True,False,347.9,303.8
Finland,2018,13.9,25.4,13.3,0.9,8.3,False,False,True,False,353.06,337.82
Finland,2023,19.7,42.5,13.1,-6.2,7.7,False,False,True,False,837.25,556.75
Sweden,2013,22.4,19.7,13.6,5.2,7.9,False,False,True,False,441.28,267.91999999999996
Sweden,2018,20.0,22.1,9.7,-0.9,7.8,False,False,True,False,442.0,214.37
Sweden,2023,13.9,16.4,8.9,-5.2,7.5,False,False,True,False,227.95999999999998,145.95999999999998
Iceland,2013,3.2,20.0,11.0,5.8,8.2,False,False,True,False,64.0,220.0
Iceland,2018,8.0,17.4,10.2,8.2,8.5,False,False,True,False,139.2,177.47999999999996
Norway,2013,10.8,22.9,10.6,4.3,8.0,False,False,True,False,247.32,242.73999999999998
Norway,2018,8.5,24.0,10.9,1.6,7.9,False,False,True,False,204.0,261.6
Norway,2023,12.5,22.9,11.0,1.3,7.7,False,False,True,False,286.25,251.89999999999998
Switzerland,2018,13.1,24.7,15.2,3.0,8.0,False,False,True,False,323.57,375.44
Switzerland,2023,10.8,29.3,14.6,2.2,7.7,False,False,True,False,316.44000000000005,427.78
United Kingdom,2013,23.3,23.9,12.4,2.6,7.5,False,False,True,False,556.87,296.36
United Kingdom,2018,31.5,24.6,15.8,3.3,7.7,False,False,True,False,774.9000000000001,388.68000000000006
Belgium,2013,30.2,22.9,26.4,1.5,8.1,False,False,False,False,691.5799999999999,604.56
Belgium,2018,18.8,23.0,24.6,3.0,8.1,False,False,False,False,432.40000000000003,565.8000000000001
Belgium,2023,21.3,19.9,22.8,2.3,8.0,False,False,False,False,423.87,453.71999999999997
Bulgaria,2013,31.7,13.9,17.3,-2.2,6.2,False,False,False,False,440.63,240.47000000000003
Bulgaria,2018,27.9,12.3,18.4,6.6,6.9,False,False,False,False,343.17,226.32
Bulgaria,2023,20.7,12.0,12.7,9.9,7.1,False,False,False,False,248.39999999999998,152.39999999999998
Czechia,2013,16.5,16.4,18.7,0.0,8.1,False,False,False,False,270.59999999999997,306.67999999999995
Czechia,2018,12.5,19.4,16.6,8.6,8.2,False,False,False,False,242.49999999999997,322.04
Czechia,2023,11.6,19.9,12.7,-1.7,8.2,False,False,False,False,230.83999999999997,252.72999999999996
Denmark,2013,15.1,23.4,10.4,3.9,8.0,False,False,False,False,353.34,243.35999999999999
Denmark,2018,11.8,24.6,12.0,4.4,7.6,False,False,False,False,290.28000000000003,295.20000000000005
Denmark,2023,9.9,23.3,9.4,-3.8,7.5,False,False,False,False,230.67000000000002,219.02
Germany,2013,21.2,32.7,31.8,3.1,7.7,False,False,False,False,693.24,1039.8600000000001
Germany,2018,21.6,34.3,36.1,6.6,8.0,False,False,False,False,740.88,1238.23
Germany,2023,17.0,30.0,22.5,-8.4,7.5,False,False,False,False,510.0,675.0
Estonia,2013,14.9,16.1,11.7,10.7,7.6,False,False,False,False,239.89000000000001,188.37
Estonia,2018,8.5,10.4,9.7,5.9,7.9,False,False,False,False,88.4,100.88
Estonia,2023,6.9,13.0,8.1,5.9,7.7,False,False,False,False,89.7,105.3
Ireland,2013,15.6,11.3,5.1,1.2,7.5,False,False,False,False,176.28,57.63
Ireland,2018,15.3,14.0,9.7,10.2,8.4,False,False,False,False,214.20000000000002,135.79999999999998
Ireland,2023,10.8,11.0,9.0,3.1,7.7,False,False,False,False,118.80000000000001,99.0
Spain,2013,18.9,22.6,13.5,-9.1,7.5,False,False,False,False,427.14,305.1
Spain,2018,13.6,19.8,12.8,6.7,8.0,False,False,False,False,269.28000000000003,253.44000000000003
Spain,2023,15.2,26.4,12.2,4.0,7.6,False,False,False,False,401.28,322.08
France,2013,22.0,19.5,15.4,-1.9,7.6,False,False,False,False,429.0,300.3
France,2018,19.7,22.2,19.3,2.9,7.8,False,False,False,False,437.34,428.46
France,2023,22.0,29.4,23.1,-0.4,7.6,False,False,False,False,646.8,679.14
Croatia,2013,7.1,13.1,10.5,-3.9,8.3,False,False,False,False,93.00999999999999,137.54999999999998
Croatia,2018,4.7,11.8,10.0,6.1,8.0,False,False,False,False,55.46000000000001,118.0
Croatia,2023,2.6,8.5,6.5,11.9,8.1,False,False,False,False,22.1,55.25
Italy,2013,21.3,23.7,23.6,-6.5,7.2,False,False,False,False,504.81,559.32
Italy,2018,16.5,16.9,19.3,-0.6,7.8,False,False,False,False,278.84999999999997,326.16999999999996
Italy,2023,10.8,15.5,14.8,1.3,7.6,False,False,False,False,167.4,229.4
Cyprus,2013,15.2,26.3,14.1,-4.1,6.7,False,False,False,False,399.76,370.83
Cyprus,2018,16.8,19.9,9.0,-1.3,7.7,False,False,False,False,334.32,179.1
Cyprus,2023,10.8,22.2,12.3,9.2,7.9,False,False,False,False,239.76000000000002,273.06
Latvia,2013,18.4,20.2,22.2,6.9,7.6,False,False,False,False,371.67999999999995,448.44
Latvia,2018,17.5,21.4,24.7,9.6,7.8,False,False,False,False,374.5,528.5799999999999
Latvia,2023,11.6,18.7,21.8,3.7,7.4,False,False,False,False,216.92,407.66
Lithuania,2013,9.8,16.9,21.6,1.2,8.2,False,False,False,False,165.62,365.04
Lithuania,2018,5.0,21.2,22.9,7.3,7.3,False,False,False,False,106.0,485.47999999999996
Lithuania,2023,3.6,14.8,13.8,9.8,7.9,False,False,False,False,53.28,204.24
Luxembourg,2013,14.7,24.2,8.9,5.0,8.1,False,False,False,False,355.73999999999995,215.38
Luxembourg,2018,17.0,23.4,16.1,7.1,7.9,False,False,False,False,397.79999999999995,376.74
Luxembourg,2023,18.4,40.3,12.4,-9.1,7.5,False,False,False,False,741.5199999999999,499.71999999999997
Hungary,2013,13.3,14.3,17.3,-2.6,7.4,False,False,False,False,190.19000000000003,247.39000000000001
Hungary,2018,4.6,10.4,11.4,14.3,7.8,False,False,False,False,47.839999999999996,118.56
Hungary,2023,4.7,11.2,16.4,7.1,8.0,False,False,False,False,52.64,183.67999999999998
Malta,2013,13.6,31.5,43.0,-0.4,7.7,False,False,False,False,428.4,1354.5
Malta,2018,13.1,29.6,30.1,5.8,7.8,False,False,False,False,387.76,890.96
Malta,2023,8.8,36.8,42.9,6.2,7.6,False,False,False,False,323.84,1578.7199999999998
Netherlands,2013,23.1,28.3,18.5,-6.0,8.0,False,False,False,False,653.73,523.5500000000001
Netherlands,2018,21.9,32.0,18.2,9.3,7.7,False,False,False,False,700.8,582.4
Netherlands,2023,21.1,32.0,16.5,-1.9,7.6,False,False,False,False,675.2,528.0
Austria,2013,21.5,23.9,15.1,5.0,8.3,False,False,False,False,513.85,360.89
Austria,2018,18.4,24.3,14.3,6.0,8.5,False,False,False,False,447.12,347.49
Austria,2023,15.4,24.4,10.1,-2.9,7.9,False,False,False,False,375.76,246.43999999999997
Poland,2013,11.6,19.2,16.2,-4.4,8.0,False,False,False,False,222.72,311.03999999999996
Poland,2018,7.9,18.6,20.3,6.6,8.3,False,False,False,False,146.94000000000003,377.58000000000004
Poland,2023,5.9,13.6,11.6,8.8,8.0,False,False,False,False,80.24000000000001,157.76
Portugal,2013,18.8,29.1,17.7,-1.9,7.2,False,False,False,False,547.08,515.07
Portugal,2018,9.3,30.7,15.4,10.3,7.9,False,False,False,False,285.51,472.78
Portugal,2023,9.9,30.7,17.0,8.2,7.8,False,False,False,False,303.93,521.9
Romania,2013,18.0,38.2,25.3,-0.3,7.9,False,False,False,False,687.6,966.4600000000002
Romania,2018,14.5,27.0,22.7,5.6,8.6,False,False,False,False,391.5,612.9
Romania,2023,7.1,28.7,17.8,3.3,8.6,False,False,False,False,203.76999999999998,510.86
Slovenia,2013,17.1,16.4,18.4,-5.2,7.8,False,False,False,False,280.44,301.75999999999993
Slovenia,2018,12.2,19.8,20.0,8.7,8.4,False,False,False,False,241.56,396.0
Slovenia,2023,10.8,16.7,16.7,7.2,8.4,False,False,False,False,180.36,278.89
Slovakia,2013,12.4,18.0,18.4,0.8,7.9,False,False,False,False,223.20000000000002,331.2
Slovakia,2018,6.3,10.3,9.5,7.4,8.2,False,False,False,False,64.89,97.85000000000001
Slovakia,2023,2.7,8.7,3.8,-0.2,8.3,False,False,False,False,23.49,33.059999999999995
Finland,2013,12.5,17.8,10.5,1.2,8.5,False,False,False,False,222.5,186.9
Finland,2018,10.2,16.8,10.4,0.9,8.3,False,False,False,False,171.35999999999999,174.72000000000003
Finland,2023,16.3,27.7,13.3,-6.2,7.7,False,False,False,False,451.51,368.41
Sweden,2013,12.6,16.0,11.4,5.2,7.9,False,False,False,False,201.6,182.4
Sweden,2018,17.4,19.0,9.3,-0.9,7.8,False,False,False,False,330.59999999999997,176.70000000000002
Sweden,2023,13.2,12.1,5.7,-5.2,7.5,False,False,False,False,159.72,68.97
Iceland,2013,2.6,12.8,10.8,5.8,8.2,False,False,False,False,33.28,138.24
Iceland,2018,3.2,12.0,8.8,8.2,8.5,False,False,False,False,38.400000000000006,105.60000000000001
Norway,2013,5.5,11.8,7.9,4.3,8.0,False,False,False,False,64.9,93.22000000000001
Norway,2018,7.1,15.6,11.9,1.6,7.9,False,False,False,False,110.75999999999999,185.64000000000001
Norway,2023,9.0,15.2,9.8,1.3,7.7,False,False,False,False,136.79999999999998,148.96
Switzerland,2018,11.1,22.6,12.1,3.0,8.0,False,False,False,False,250.86,273.46000000000004
Switzerland,2023,12.9,22.9,9.4,2.2,7.7,False,False,False,False,295.40999999999997,215.26
United Kingdom,2013,21.9,18.5,10.0,2.6,7.5,False,False,False,False,405.15,185.0
United Kingdom,2018,30.6,22.9,16.4,3.3,7.7,False,False,False,False,700.74,375.55999999999995
Belgium,2013,31.9,24.8,28.1,1.5,8.1,False,False,False,True,791.12,696.8800000000001
Belgium,2018,21.2,25.5,27.2,3.0,8.1,False,False,False,True,540.6,693.6
Belgium,2023,23.0,20.8,24.1,2.3,8.0,False,False,False,True,478.40000000000003,501.28000000000003
Bulgaria,2013,32.2,15.3,18.4,-2.2,6.2,False,False,False,True,492.6600000000001,281.52
Bulgaria,2018,28.0,13.0,19.1,6.6,6.9,False,False,False,True,364.0,248.3
Bulgaria,2023,22.4,13.0,15.2,9.9,7.1,False,False,False,True,291.2,197.6
Czechia,2013,17.5,17.1,19.5,0.0,8.1,False,False,False,True,299.25,333.45000000000005
Czechia,2018,12.5,19.7,16.8,8.6,8.2,False,False,False,True,246.25,330.96
Czechia,2023,12.0,20.1,13.0,-1.7,8.2,False,False,False,True,241.20000000000002,261.3
Denmark,2013,15.6,25.1,10.0,3.9,8.0,False,False,False,True,391.56,251.0
Denmark,2018,13.2,26.8,13.1,4.4,7.6,False,False,False,True,353.76,351.08
Denmark,2023,10.9,24.2,10.7,-3.8,7.5,False,False,False,True,263.78,258.94
Germany,2013,22.9,34.4,32.6,3.1,7.7,False,False,False,True,787.7599999999999,1121.44
Germany,2018,23.0,35.5,36.5,6.6,8.0,False,False,False,True,816.5,1295.75
Germany,2023,17.1,30.1,22.3,-8.4,7.5,False,False,False,True,514.71,671.23
Estonia,2013,15.4,15.8,11.8,10.7,7.6,False,False,False,True,243.32000000000002,186.44000000000003
Estonia,2018,8.7,10.6,10.0,5.9,7.9,False,False,False,True,92.21999999999998,106.0
Estonia,2023,6.7,12.6,8.1,5.9,7.7,False,False,False,True,84.42,102.05999999999999
Ireland,2013,16.7,11.5,5.5,1.2,7.5,False,False,False,True,192.04999999999998,63.25
Ireland,2018,16.3,14.0,9.9,10.2,8.4,False,False,False,True,228.20000000000002,138.6
Ireland,2023,11.3,11.5,8.7,3.1,7.7,False,False,False,True,129.95000000000002,100.05
Spain,2013,19.3,23.2,13.7,-9.1,7.5,False,False,False,True,447.76,317.84
Spain,2018,14.8,21.0,13.5,6.7,8.0,False,False,False,True,310.8,283.5
Spain,2023,16.6,27.3,13.0,4.0,7.6,False,False,False,True,453.18000000000006,354.90000000000003
France,2013,23.7,21.4,16.2,-1.9,7.6,False,False,False,True,507.17999999999995,346.67999999999995
France,2018,20.4,23.5,20.1,2.9,7.8,False,False,False,True,479.4,472.35
France,2023,23.0,29.9,24.1,-0.4,7.6,False,False,False,True,687.6999999999999,720.59
Croatia,2013,6.6,13.5,10.8,-3.9,8.3,False,False,False,True,89.1,145.8
Croatia,2018,4.6,11.9,10.1,6.1,8.0,False,False,False,True,54.739999999999995,120.19
Croatia,2023,2.6,8.5,6.7,11.9,8.1,False,False,False,True,22.1,56.95
Italy,2013,22.0,24.9,24.9,-6.5,7.2,False,False,False,True,547.8,620.0099999999999
Italy,2018,17.2,17.5,19.1,-0.6,7.8,False,False,False,True,301.0,334.25
Italy,2023,10.6,14.9,14.2,1.3,7.6,False,False,False,True,157.94,211.57999999999998
Cyprus,2013,14.4,26.9,14.4,-4.1,6.7,False,False,False,True,387.36,387.36
Cyprus,2018,15.8,20.4,9.0,-1.3,7.7,False,False,False,True,322.32,183.6
Cyprus,2023,10.3,22.2,12.0,9.2,7.9,False,False,False,True,228.66,266.4
Latvia,2013,18.2,20.2,21.8,6.9,7.6,False,False,False,True,367.64,440.36
Latvia,2018,17.2,21.7,25.0,9.6,7.8,False,False,False,True,373.23999999999995,542.5
Latvia,2023,11.3,18.5,21.3,3.7,7.4,False,False,False,True,209.05,394.05
Lithuania,2013,10.1,17.9,22.1,1.2,8.2,False,False,False,True,180.79,395.59
Lithuania,2018,5.0,20.5,22.7,7.3,7.3,False,False,False,True,102.5,465.34999999999997
Lithuania,2023,4.2,15.2,13.7,9.8,7.9,False,False,False,True,63.839999999999996,208.23999999999998
Luxembourg,2013,14.3,26.1,10.8,5.0,8.1,False,False,False,True,373.23,281.88000000000005
Luxembourg,2018,19.0,25.0,15.7,7.1,7.9,False,False,False,True,475.0,392.5
Luxembourg,2023,19.5,42.4,12.5,-9.1,7.5,False,False,False,True,826.8,530.0
Hungary,2013,14.0,14.9,17.4,-2.6,7.4,False,False,False,True,208.6,259.26
Hungary,2018,5.6,11.1,12.2,14.3,7.8,False,False,False,True,62.16,135.42
Hungary,2023,5.0,11.3,16.3,7.1,8.0,False,False,False,True,56.5,184.19000000000003
Malta,2013,13.4,31.2,42.7,-0.4,7.7,False,False,False,True,418.08,1332.24
Malta,2018,13.4,29.5,30.5,5.8,7.8,False,False,False,True,395.3,899.75
Malta,2023,8.5,36.7,42.9,6.2,7.6,False,False,False,True,311.95000000000005,1574.43
Netherlands,2013,22.9,29.7,18.9,-6.0,8.0,False,False,False,True,680.13,561.3299999999999
Netherlands,2018,22.2,34.0,19.0,9.3,7.7,False,False,False,True,754.8,646.0
Netherlands,2023,21.6,33.7,17.3,-1.9,7.6,False,False,False,True,727.9200000000001,583.0100000000001
Austria,2013,21.2,24.6,15.9,5.0,8.3,False,False,False,True,521.52,391.14000000000004
Austria,2018,16.8,23.5,13.8,6.0,8.5,False,False,False,True,394.8,324.3
Austria,2023,14.4,24.3,10.0,-2.9,7.9,False,False,False,True,349.92,243.0
Poland,2013,12.8,19.7,17.0,-4.4,8.0,False,False,False,True,252.16,334.9
Poland,2018,8.3,18.8,20.0,6.6,8.3,False,False,False,True,156.04000000000002,376.0
Poland,2023,6.1,14.0,11.8,8.8,8.0,False,False,False,True,85.39999999999999,165.20000000000002
Portugal,2013,19.1,29.5,18.1,-1.9,7.2,False,False,False,True,563.45,533.95
Portugal,2018,9.3,30.6,15.9,10.3,7.9,False,False,False,True,284.58000000000004,486.54
Portugal,2023,10.2,32.4,17.4,8.2,7.8,False,False,False,True,330.47999999999996,563.7599999999999
Romania,2013,17.7,36.1,24.7,-0.3,7.9,False,False,False,True,638.97,891.67
Romania,2018,14.6,27.1,22.6,5.6,8.6,False,False,False,True,395.66,612.46
Romania,2023,6.8,28.2,18.0,3.3,8.6,False,False,False,True,191.76,507.59999999999997
Slovenia,2013,17.2,16.6,18.6,-5.2,7.8,False,False,False,True,285.52000000000004,308.76000000000005
Slovenia,2018,11.6,19.1,19.3,8.7,8.4,False,False,False,True,221.56,368.63000000000005
Slovenia,2023,10.9,17.6,17.0,7.2,8.4,False,False,False,True,191.84000000000003,299.20000000000005
Slovakia,2013,12.1,18.2,17.6,0.8,7.9,False,False,False,True,220.22,320.32
Slovakia,2018,6.0,10.0,9.1,7.4,8.2,False,False,False,True,60.0,91.0
Slovakia,2023,6.0,12.2,7.6,-0.2,8.3,False,False,False,True,73.19999999999999,92.71999999999998
Finland,2013,12.7,18.5,10.7,1.2,8.5,False,False,False,True,234.95,197.95
Finland,2018,10.7,17.8,10.7,0.9,8.3,False,False,False,True,190.46,190.46
Finland,2023,16.7,29.6,13.3,-6.2,7.7,False,False,False,True,494.32,393.68000000000006
Sweden,2013,14.2,16.6,11.8,5.2,7.9,False,False,False,True,235.72,195.88000000000002
Sweden,2018,17.8,19.5,9.4,-0.9,7.8,False,False,False,True,347.1,183.3
Sweden,2023,13.3,12.8,6.2,-5.2,7.5,False,False,False,True,170.24,79.36000000000001
Iceland,2013,2.6,13.4,10.9,5.8,8.2,False,False,False,True,34.84,146.06
Iceland,2018,3.6,12.4,8.9,8.2,8.5,False,False,False,True,44.64,110.36000000000001
Norway,2013,6.1,13.1,8.2,4.3,8.0,False,False,False,True,79.91,107.41999999999999
Norway,2018,7.4,17.1,11.7,1.6,7.9,False,False,False,True,126.54000000000002,200.07
Norway,2023,9.5,16.3,10.0,1.3,7.7,False,False,False,True,154.85,163.0
Switzerland,2018,11.4,22.9,12.5,3.0,8.0,False,False,False,True,261.06,286.25
Switzerland,2023,12.6,24.0,10.3,2.2,7.7,False,False,False,True,302.4,247.20000000000002
United Kingdom,2013,22.1,19.5,10.4,2.6,7.5,False,False,False,True,430.95000000000005,202.8
United Kingdom,2018,30.8,23.3,16.3,3.3,7.7,False,False,False,True,717.64,379.79
Belgium,2013,17.4,15.9,11.9,1.5,8.1,False,True,True,False,276.65999999999997,189.21
Belgium,2018,13.4,15.7,13.1,3.0,8.1,False,True,True,False,210.38,205.67
Belgium,2023,10.7,16.7,9.9,2.3,8.0,False,True,True,False,178.68999999999997,165.33
Bulgaria,2013,33.6,23.2,28.2,-2.2,6.2,False,True,True,False,779.52,654.24
Bulgaria,2018,19.6,13.7,17.5,6.6,6.9,False,True,True,False,268.52,239.75
Bulgaria,2023,17.9,12.4,16.3,9.9,7.1,False,True,True,False,221.95999999999998,202.12
Czechia,2013,19.0,16.2,18.0,0.0,8.1,False,True,True,False,307.8,291.59999999999997
Czechia,2018,10.3,17.5,15.2,8.6,8.2,False,True,True,False,180.25,266.0
Czechia,2023,4.7,15.7,6.5,-1.7,8.2,False,True,True,False,73.79,102.05
Denmark,2013,4.9,25.4,7.2,3.9,8.0,False,True,True,False,124.46000000000001,182.88
Denmark,2018,9.5,35.2,12.0,4.4,7.6,False,True,True,False,334.40000000000003,422.40000000000003
Denmark,2023,5.4,13.6,10.1,-3.8,7.5,False,True,True,False,73.44,137.35999999999999
Germany,2013,15.1,30.5,21.6,3.1,7.7,False,True,True,False,460.55,658.8000000000001
Germany,2018,15.1,30.9,22.4,6.6,8.0,False,True,True,False,466.59,692.16
Germany,2023,9.9,26.1,13.4,-8.4,7.5,False,True,True,False,258.39000000000004,349.74
Estonia,2013,13.6,8.2,14.9,10.7,7.6,False,True,True,False,111.51999999999998,122.17999999999999
Estonia,2018,6.5,7.5,6.3,5.9,7.9,False,True,True,False,48.75,47.25
Estonia,2023,2.8,6.4,12.5,5.9,7.7,False,True,True,False,17.919999999999998,80.0
Ireland,2013,15.6,13.6,9.4,1.2,7.5,False,True,True,False,212.16,127.84
Ireland,2018,13.1,19.9,11.9,10.2,8.4,False,True,True,False,260.69,236.81
Ireland,2023,9.3,13.1,4.5,3.1,7.7,False,True,True,False,121.83000000000001,58.949999999999996
Spain,2013,11.0,14.9,8.1,-9.1,7.5,False,True,True,False,163.9,120.69
Spain,2018,9.5,19.2,11.5,6.7,8.0,False,True,True,False,182.4,220.79999999999998
Spain,2023,12.0,24.0,9.8,4.0,7.6,False,True,True,False,288.0,235.20000000000002
France,2013,18.9,20.2,13.5,-1.9,7.6,False,True,True,False,381.78,272.7
France,2018,17.5,19.8,11.4,2.9,7.8,False,True,True,False,346.5,225.72000000000003
France,2023,16.4,29.0,20.7,-0.4,7.6,False,True,True,False,475.59999999999997,600.3
Croatia,2013,1.7,5.2,5.0,-3.9,8.3,False,True,True,False,8.84,26.0
Croatia,2018,3.0,7.8,6.9,6.1,8.0,False,True,True,False,23.4,53.82
Croatia,2023,1.5,6.6,3.5,11.9,8.1,False,True,True,False,9.899999999999999,23.099999999999998
Italy,2013,11.9,15.6,12.3,-6.5,7.2,False,True,True,False,185.64000000000001,191.88
Italy,2018,7.2,7.8,8.1,-0.6,7.8,False,True,True,False,56.16,63.17999999999999
Italy,2023,6.4,13.2,10.9,1.3,7.6,False,True,True,False,84.48,143.88
Cyprus,2013,17.0,32.7,18.5,-4.1,6.7,False,True,True,False,555.9000000000001,604.95
Cyprus,2018,5.1,26.1,11.6,-1.3,7.7,False,True,True,False,133.10999999999999,302.76
Cyprus,2023,8.0,16.9,3.6,9.2,7.9,False,True,True,False,135.2,60.839999999999996
Latvia,2013,24.4,6.8,12.1,6.9,7.6,False,True,True,False,165.92,82.28
Latvia,2018,3.9,12.4,13.7,9.6,7.8,False,True,True,False,48.36,169.88
Latvia,2023,4.0,14.7,13.3,3.7,7.4,False,True,True,False,58.8,195.51
Lithuania,2013,3.5,15.1,23.3,1.2,8.2,False,True,True,False,52.85,351.83
Lithuania,2018,0.0,3.7,22.4,7.3,7.3,False,True,True,False,0.0,82.88
Lithuania,2023,3.0,4.8,8.2,9.8,7.9,False,True,True,False,14.399999999999999,39.35999999999999
Luxembourg,2013,18.1,25.6,21.9,5.0,8.1,False,True,True,False,463.36000000000007,560.64
Luxembourg,2018,14.2,19.0,18.0,7.1,7.9,False,True,True,False,269.8,342.0
Luxembourg,2023,5.9,37.1,13.5,-9.1,7.5,False,True,True,False,218.89000000000001,500.85
Hungary,2013,25.2,23.3,26.9,-2.6,7.4,False,True,True,False,587.16,626.77
Hungary,2018,12.7,16.9,15.7,14.3,7.8,False,True,True,False,214.62999999999997,265.33
Hungary,2023,12.6,11.3,18.4,7.1,8.0,False,True,True,False,142.38,207.92
Malta,2013,11.7,30.6,22.5,-0.4,7.7,False,True,True,False,358.02,688.5
Malta,2018,2.0,13.9,11.4,5.8,7.8,False,True,True,False,27.8,158.46
Malta,2023,4.2,16.9,20.8,6.2,7.6,False,True,True,False,70.98,351.52
Netherlands,2013,18.2,27.9,14.4,-6.0,8.0,False,True,True,False,507.78,401.76
Netherlands,2018,19.0,23.0,14.3,9.3,7.7,False,True,True,False,437.0,328.90000000000003
Netherlands,2023,13.7,32.6,17.5,-1.9,7.6,False,True,True,False,446.62,570.5
Austria,2013,6.0,23.9,9.2,5.0,8.3,False,True,True,False,143.39999999999998,219.87999999999997
Austria,2018,4.3,24.2,6.7,6.0,8.5,False,True,True,False,104.05999999999999,162.14
Austria,2023,5.2,20.9,9.9,-2.9,7.9,False,True,True,False,108.67999999999999,206.91
Poland,2013,7.9,17.0,12.7,-4.4,8.0,False,True,True,False,134.3,215.89999999999998
Poland,2018,4.7,17.0,10.6,6.6,8.3,False,True,True,False,79.9,180.2
Poland,2023,3.2,9.3,4.9,8.8,8.0,False,True,True,False,29.760000000000005,45.57000000000001
Portugal,2013,11.9,25.6,14.0,-1.9,7.2,False,True,True,False,304.64000000000004,358.40000000000003
Portugal,2018,10.0,25.0,12.2,10.3,7.9,False,True,True,False,250.0,305.0
Portugal,2023,3.9,37.4,17.7,8.2,7.8,False,True,True,False,145.85999999999999,661.9799999999999
Romania,2013,21.5,31.2,18.7,-0.3,7.9,False,True,True,False,670.8,583.4399999999999
Romania,2018,16.9,25.3,23.8,5.6,8.6,False,True,True,False,427.57,602.14
Romania,2023,6.5,21.0,6.4,3.3,8.6,False,True,True,False,136.5,134.4
Slovenia,2013,7.8,10.1,19.4,-5.2,7.8,False,True,True,False,78.78,195.93999999999997
Slovenia,2018,7.6,18.8,18.0,8.7,8.4,False,True,True,False,142.88,338.40000000000003
Slovenia,2023,5.9,17.6,22.2,7.2,8.4,False,True,True,False,103.84000000000002,390.72
Slovakia,2013,14.9,21.5,21.3,0.8,7.9,False,True,True,False,320.35,457.95
Slovakia,2018,11.7,21.3,19.2,7.4,8.2,False,True,True,False,249.20999999999998,408.96
Slovakia,2023,1.3,4.3,4.0,-0.2,8.3,False,True,True,False,5.59,17.2
Finland,2013,13.5,20.3,9.6,1.2,8.5,False,True,True,False,274.05,194.88
Finland,2018,6.3,20.8,6.8,0.9,8.3,False,True,True,False,131.04,141.44
Finland,2023,19.4,36.7,11.1,-6.2,7.7,False,True,True,False,711.98,407.37
Sweden,2013,10.1,16.2,7.1,5.2,7.9,False,True,True,False,163.61999999999998,115.02
Sweden,2018,13.9,20.8,4.5,-0.9,7.8,False,True,True,False,289.12,93.60000000000001
Sweden,2023,10.2,12.0,6.0,-5.2,7.5,False,True,True,False,122.39999999999999,72.0
Iceland,2018,9.9,23.7,9.2,8.2,8.5,False,True,True,False,234.63,218.03999999999996
Norway,2013,9.5,26.5,14.5,4.3,8.0,False,True,True,False,251.75,384.25
Norway,2018,8.4,18.4,10.7,1.6,7.9,False,True,True,False,154.56,196.87999999999997
Norway,2023,3.9,20.7,9.4,1.3,7.7,False,True,True,False,80.72999999999999,194.58
Switzerland,2018,8.2,18.6,10.8,3.0,8.0,False,True,True,False,152.52,200.88000000000002
Switzerland,2023,6.9,12.5,9.0,2.2,7.7,False,True,True,False,86.25,112.5
United Kingdom,2013,19.0,19.1,9.1,2.6,7.5,False,True,True,False,362.90000000000003,173.81
United Kingdom,2018,20.2,19.6,9.5,3.3,7.7,False,True,True,False,395.92,186.20000000000002
Belgium,2013,14.1,14.6,13.0,1.5,8.1,False,True,False,False,205.85999999999999,189.79999999999998
Belgium,2018,6.9,14.3,9.5,3.0,8.1,False,True,False,False,98.67000000000002,135.85
Belgium,2023,8.0,11.6,9.1,2.3,8.0,False,True,False,False,92.8,105.55999999999999
Bulgaria,2013,21.8,7.4,9.3,-2.2,6.2,False,True,False,False,161.32000000000002,68.82000000000001
Bulgaria,2018,14.7,7.6,6.6,6.6,6.9,False,True,False,False,111.71999999999998,50.16
Bulgaria,2023,8.8,5.1,5.9,9.9,7.1,False,True,False,False,44.88,30.09
Czechia,2013,15.5,16.7,17.1,0.0,8.1,False,True,False,False,258.84999999999997,285.57
Czechia,2018,8.3,14.8,11.2,8.6,8.2,False,True,False,False,122.84000000000002,165.76
Czechia,2023,6.1,16.6,7.2,-1.7,8.2,False,True,False,False,101.26,119.52000000000001
Denmark,2013,7.1,11.8,4.3,3.9,8.0,False,True,False,False,83.78,50.74
Denmark,2018,4.9,14.0,5.0,4.4,7.6,False,True,False,False,68.60000000000001,70.0
Denmark,2023,5.2,11.3,3.9,-3.8,7.5,False,True,False,False,58.760000000000005,44.07
Germany,2013,9.8,23.1,19.1,3.1,7.7,False,True,False,False,226.38000000000002,441.21000000000004
Germany,2018,8.3,25.4,20.6,6.6,8.0,False,True,False,False,210.82,523.24
Germany,2023,7.0,23.6,14.9,-8.4,7.5,False,True,False,False,165.20000000000002,351.64000000000004
Estonia,2013,10.3,7.9,7.6,10.7,7.6,False,True,False,False,81.37,60.04
Estonia,2018,6.2,5.8,3.8,5.9,7.9,False,True,False,False,35.96,22.04
Estonia,2023,2.4,7.1,12.0,5.9,7.7,False,True,False,False,17.04,85.19999999999999
Ireland,2013,9.1,11.7,4.7,1.2,7.5,False,True,False,False,106.46999999999998,54.99
Ireland,2018,8.9,8.2,4.6,10.2,8.4,False,True,False,False,72.97999999999999,37.71999999999999
Ireland,2023,12.2,13.6,10.2,3.1,7.7,False,True,False,False,165.92,138.72
Spain,2013,10.0,17.1,6.8,-9.1,7.5,False,True,False,False,171.0,116.28
Spain,2018,7.3,14.7,6.9,6.7,8.0,False,True,False,False,107.30999999999999,101.43
Spain,2023,10.6,20.8,8.4,4.0,7.6,False,True,False,False,220.48,174.72000000000003
France,2013,14.4,14.9,8.9,-1.9,7.6,False,True,False,False,214.56,132.61
France,2018,13.1,18.0,11.6,2.9,7.8,False,True,False,False,235.79999999999998,208.79999999999998
France,2023,12.7,18.9,13.3,-0.4,7.6,False,True,False,False,240.02999999999997,251.37
Croatia,2013,0.9,10.0,4.8,-3.9,8.3,False,True,False,False,9.0,48.0
Croatia,2018,2.7,8.8,7.0,6.1,8.0,False,True,False,False,23.760000000000005,61.60000000000001
Croatia,2023,1.4,6.9,3.6,11.9,8.1,False,True,False,False,9.66,24.840000000000003
Italy,2013,13.8,14.8,13.1,-6.5,7.2,False,True,False,False,204.24,193.88
Italy,2018,10.0,8.4,9.1,-0.6,7.8,False,True,False,False,84.0,76.44
Italy,2023,4.1,9.7,8.1,1.3,7.6,False,True,False,False,39.769999999999996,78.57
Cyprus,2013,17.0,28.8,19.6,-4.1,6.7,False,True,False,False,489.6,564.48
Cyprus,2018,16.1,21.9,13.3,-1.3,7.7,False,True,False,False,352.59000000000003,291.27
Cyprus,2023,7.1,14.8,7.0,9.2,7.9,False,True,False,False,105.08,103.60000000000001
Latvia,2013,12.9,8.8,15.0,6.9,7.6,False,True,False,False,113.52000000000001,132.0
Latvia,2018,2.9,9.0,17.1,9.6,7.8,False,True,False,False,26.099999999999998,153.9
Latvia,2023,3.2,11.3,14.9,3.7,7.4,False,True,False,False,36.160000000000004,168.37
Lithuania,2013,6.0,12.9,9.8,1.2,8.2,False,True,False,False,77.4,126.42000000000002
Lithuania,2018,2.7,12.7,9.9,7.3,7.3,False,True,False,False,34.29,125.73
Lithuania,2023,2.4,9.9,9.4,9.8,7.9,False,True,False,False,23.76,93.06
Luxembourg,2013,16.0,19.6,18.6,5.0,8.1,False,True,False,False,313.6,364.56000000000006
Luxembourg,2018,10.8,20.7,16.4,7.1,7.9,False,True,False,False,223.56,339.47999999999996
Luxembourg,2023,5.6,31.3,9.2,-9.1,7.5,False,True,False,False,175.28,287.96
Hungary,2013,10.7,12.3,14.6,-2.6,7.4,False,True,False,False,131.60999999999999,179.58
Hungary,2018,3.5,7.8,8.4,14.3,7.8,False,True,False,False,27.3,65.52
Hungary,2023,6.1,10.7,15.2,7.1,8.0,False,True,False,False,65.27,162.64
Malta,2013,8.5,29.4,19.7,-0.4,7.7,False,True,False,False,249.89999999999998,579.18
Malta,2018,4.3,15.6,25.0,5.8,7.8,False,True,False,False,67.08,390.0
Malta,2023,7.0,28.2,29.5,6.2,7.6,False,True,False,False,197.4,831.9
Netherlands,2013,15.5,19.9,10.6,-6.0,8.0,False,True,False,False,308.45,210.93999999999997
Netherlands,2018,11.6,17.8,11.8,9.3,7.7,False,True,False,False,206.48,210.04000000000002
Netherlands,2023,10.1,21.9,11.3,-1.9,7.6,False,True,False,False,221.18999999999997,247.47
Austria,2013,9.8,17.9,11.6,5.0,8.3,False,True,False,False,175.42,207.64
Austria,2018,8.5,17.2,8.1,6.0,8.5,False,True,False,False,146.2,139.32
Austria,2023,4.9,21.6,6.9,-2.9,7.9,False,True,False,False,105.84000000000002,149.04000000000002
Poland,2013,5.4,14.9,11.8,-4.4,8.0,False,True,False,False,80.46000000000001,175.82000000000002
Poland,2018,4.6,14.8,15.8,6.6,8.3,False,True,False,False,68.08,233.84000000000003
Poland,2023,1.6,8.8,5.9,8.8,8.0,False,True,False,False,14.080000000000002,51.92000000000001
Portugal,2013,10.3,21.4,13.8,-1.9,7.2,False,True,False,False,220.42,295.32
Portugal,2018,4.5,20.5,11.6,10.3,7.9,False,True,False,False,92.25,237.79999999999998
Portugal,2023,4.7,28.0,14.9,8.2,7.8,False,True,False,False,131.6,417.2
Romania,2013,13.0,28.9,16.3,-0.3,7.9,False,True,False,False,375.7,471.07
Romania,2018,9.8,20.7,15.1,5.6,8.6,False,True,False,False,202.86,312.57
Romania,2023,6.4,19.2,9.4,3.3,8.6,False,True,False,False,122.88,180.48
Slovenia,2013,8.2,13.0,17.4,-5.2,7.8,False,True,False,False,106.6,226.2
Slovenia,2018,8.6,15.1,18.7,8.7,8.4,False,True,False,False,129.85999999999999,282.37
Slovenia,2023,6.7,15.8,16.3,7.2,8.4,False,True,False,False,105.86000000000001,257.54
Slovakia,2013,10.2,17.0,17.4,0.8,7.9,False,True,False,False,173.39999999999998,295.79999999999995
Slovakia,2018,5.6,16.0,11.0,7.4,8.2,False,True,False,False,89.6,176.0
Slovakia,2023,3.1,8.3,3.6,-0.2,8.3,False,True,False,False,25.730000000000004,29.880000000000003
Finland,2013,7.9,11.0,8.4,1.2,8.5,False,True,False,False,86.9,92.4
Finland,2018,6.1,11.9,8.4,0.9,8.3,False,True,False,False,72.59,99.96000000000001
Finland,2023,8.7,18.0,7.6,-6.2,7.7,False,True,False,False,156.6,136.79999999999998
Sweden,2013,8.4,11.1,6.7,5.2,7.9,False,True,False,False,93.24,74.37
Sweden,2018,12.9,16.4,4.8,-0.9,7.8,False,True,False,False,211.55999999999997,78.71999999999998
Sweden,2023,6.6,8.4,4.3,-5.2,7.5,False,True,False,False,55.44,36.12
Iceland,2018,1.0,12.6,4.5,8.2,8.5,False,True,False,False,12.6,56.699999999999996
Norway,2013,3.2,8.9,7.4,4.3,8.0,False,True,False,False,28.480000000000004,65.86
Norway,2018,3.2,8.5,7.5,1.6,7.9,False,True,False,False,27.200000000000003,63.75
Norway,2023,5.8,14.1,9.5,1.3,7.7,False,True,False,False,81.78,133.95
Switzerland,2018,6.9,15.1,6.9,3.0,8.0,False,True,False,False,104.19,104.19
Switzerland,2023,6.9,15.3,6.1,2.2,7.7,False,True,False,False,105.57000000000001,93.33
United Kingdom,2013,11.7,15.5,5.5,2.6,7.5,False,True,False,False,181.35,85.25
United Kingdom,2018,15.8,15.2,11.8,3.3,7.7,False,True,False,False,240.16,179.36
Belgium,2013,14.5,14.8,12.8,1.5,8.1,False,True,False,True,214.60000000000002,189.44000000000003
Belgium,2018,7.7,14.4,9.9,3.0,8.1,False,True,False,True,110.88000000000001,142.56
Belgium,2023,8.2,12.0,9.2,2.3,8.0,False,True,False,True,98.39999999999999,110.39999999999999
Bulgaria,2013,24.3,10.7,13.2,-2.2,6.2,False,True,False,True,260.01,141.23999999999998
Bulgaria,2018,15.6,8.8,8.6,6.6,6.9,False,True,False,True,137.28,75.68
Bulgaria,2023,11.0,6.9,8.4,9.9,7.1,False,True,False,True,75.9,57.96000000000001
Czechia,2013,15.8,16.7,17.1,0.0,8.1,False,True,False,True,263.86,285.57
Czechia,2018,8.5,15.1,11.6,8.6,8.2,False,True,False,True,128.35,175.16
Czechia,2023,6.0,16.5,7.1,-1.7,8.2,False,True,False,True,99.0,117.14999999999999
Denmark,2013,6.9,13.1,4.6,3.9,8.0,False,True,False,True,90.39,60.25999999999999
Denmark,2018,5.4,16.3,5.8,4.4,7.6,False,True,False,True,88.02000000000001,94.54
Denmark,2023,5.2,11.5,4.4,-3.8,7.5,False,True,False,True,59.800000000000004,50.6
Germany,2013,10.5,24.1,19.4,3.1,7.7,False,True,False,True,253.05,467.54
Germany,2018,9.2,26.1,20.8,6.6,8.0,False,True,False,True,240.12,542.88
Germany,2023,7.3,23.9,14.7,-8.4,7.5,False,True,False,True,174.47,351.33
Estonia,2013,11.0,8.0,9.2,10.7,7.6,False,True,False,True,88.0,73.6
Estonia,2018,6.2,6.1,4.3,5.9,7.9,False,True,False,True,37.82,26.229999999999997
Estonia,2023,2.5,6.9,12.2,5.9,7.7,False,True,False,True,17.25,84.17999999999999
Ireland,2013,10.1,12.0,5.4,1.2,7.5,False,True,False,True,121.19999999999999,64.80000000000001
Ireland,2018,9.6,10.3,5.9,10.2,8.4,False,True,False,True,98.88000000000001,60.77000000000001
Ireland,2023,11.8,13.5,9.5,3.1,7.7,False,True,False,True,159.3,128.25
Spain,2013,10.2,16.7,7.0,-9.1,7.5,False,True,False,True,170.33999999999997,116.89999999999999
Spain,2018,7.7,15.7,8.0,6.7,8.0,False,True,False,True,120.89,125.6
Spain,2023,10.9,21.5,8.7,4.0,7.6,False,True,False,True,234.35,187.04999999999998
France,2013,15.1,15.8,9.6,-1.9,7.6,False,True,False,True,238.58,151.68
France,2018,13.7,18.3,11.6,2.9,7.8,False,True,False,True,250.71,212.28
France,2023,13.3,20.6,14.5,-0.4,7.6,False,True,False,True,273.98,298.70000000000005
Croatia,2013,1.1,9.2,4.8,-3.9,8.3,False,True,False,True,10.12,44.16
Croatia,2018,2.7,8.6,7.0,6.1,8.0,False,True,False,True,23.22,60.199999999999996
Croatia,2023,1.4,6.9,3.6,11.9,8.1,False,True,False,True,9.66,24.840000000000003
Italy,2013,13.4,15.0,13.0,-6.5,7.2,False,True,False,True,201.0,195.0
Italy,2018,9.4,8.3,8.9,-0.6,7.8,False,True,False,True,78.02000000000001,73.87
Italy,2023,4.5,10.4,8.6,1.3,7.6,False,True,False,True,46.800000000000004,89.44
Cyprus,2013,17.0,29.5,19.4,-4.1,6.7,False,True,False,True,501.5,572.3
Cyprus,2018,14.2,22.6,13.0,-1.3,7.7,False,True,False,True,320.92,293.8
Cyprus,2023,7.2,15.1,6.5,9.2,7.9,False,True,False,True,108.72,98.14999999999999
Latvia,2013,14.8,8.5,14.5,6.9,7.6,False,True,False,True,125.80000000000001,123.25
Latvia,2018,3.1,9.9,16.3,9.6,7.8,False,True,False,True,30.69,161.37
Latvia,2023,3.4,12.1,14.5,3.7,7.4,False,True,False,True,41.14,175.45
Lithuania,2013,5.6,13.2,11.9,1.2,8.2,False,True,False,True,73.91999999999999,157.07999999999998
Lithuania,2018,2.0,10.6,12.9,7.3,7.3,False,True,False,True,21.2,136.74
Lithuania,2023,2.5,8.8,9.2,9.8,7.9,False,True,False,True,22.0,80.96
Luxembourg,2013,16.4,20.8,19.3,5.0,8.1,False,True,False,True,341.12,401.44000000000005
Luxembourg,2018,11.4,20.3,16.7,7.1,7.9,False,True,False,True,231.42000000000002,339.01
Luxembourg,2023,5.7,32.5,10.1,-9.1,7.5,False,True,False,True,185.25,328.25
Hungary,2013,12.7,13.7,16.2,-2.6,7.4,False,True,False,True,173.98999999999998,221.93999999999997
Hungary,2018,4.7,9.0,9.3,14.3,7.8,False,True,False,True,42.300000000000004,83.7
Hungary,2023,7.0,10.8,15.6,7.1,8.0,False,True,False,True,75.60000000000001,168.48000000000002
Malta,2013,9.0,29.6,20.1,-0.4,7.7,False,True,False,True,266.40000000000003,594.96
Malta,2018,4.0,15.4,23.1,5.8,7.8,False,True,False,True,61.6,355.74
Malta,2023,6.5,26.3,28.1,6.2,7.6,False,True,False,True,170.95000000000002,739.0300000000001
Netherlands,2013,15.7,20.6,10.9,-6.0,8.0,False,True,False,True,323.42,224.54000000000002
Netherlands,2018,12.4,18.3,12.0,9.3,7.7,False,True,False,True,226.92000000000002,219.60000000000002
Netherlands,2023,10.5,23.1,12.0,-1.9,7.6,False,True,False,True,242.55,277.20000000000005
Austria,2013,9.4,18.6,11.3,5.0,8.3,False,True,False,True,174.84000000000003,210.18000000000004
Austria,2018,8.0,18.0,8.0,6.0,8.5,False,True,False,True,144.0,144.0
Austria,2023,4.9,21.5,7.3,-2.9,7.9,False,True,False,True,105.35000000000001,156.95
Poland,2013,5.7,15.2,11.9,-4.4,8.0,False,True,False,True,86.64,180.88
Poland,2018,4.7,15.1,15.2,6.6,8.3,False,True,False,True,70.97,229.51999999999998
Poland,2023,1.8,8.9,5.8,8.8,8.0,False,True,False,True,16.02,51.62
Portugal,2013,10.5,22.1,13.8,-1.9,7.2,False,True,False,True,232.05,304.98
Portugal,2018,5.3,21.2,11.7,10.3,7.9,False,True,False,True,112.36,248.03999999999996
Portugal,2023,4.6,29.6,15.4,8.2,7.8,False,True,False,True,136.16,455.84000000000003
Romania,2013,14.6,29.3,16.8,-0.3,7.9,False,True,False,True,427.78,492.24
Romania,2018,10.9,21.4,16.4,5.6,8.6,False,True,False,True,233.26,350.9599999999999
Romania,2023,6.4,19.5,8.9,3.3,8.6,False,True,False,True,124.80000000000001,173.55
Slovenia,2013,8.1,12.6,17.7,-5.2,7.8,False,True,False,True,102.05999999999999,223.01999999999998
Slovenia,2018,8.4,15.6,18.6,8.7,8.4,False,True,False,True,131.04,290.16
Slovenia,2023,6.6,16.0,17.1,7.2,8.4,False,True,False,True,105.6,273.6
Slovakia,2013,10.8,17.6,17.9,0.8,7.9,False,True,False,True,190.08000000000004,315.04
Slovakia,2018,6.4,16.7,12.0,7.4,8.2,False,True,False,True,106.88,200.39999999999998
Slovakia,2023,2.9,7.7,3.7,-0.2,8.3,False,True,False,True,22.33,28.490000000000002
Finland,2013,8.6,12.1,8.6,1.2,8.5,False,True,False,True,104.05999999999999,104.05999999999999
Finland,2018,6.1,13.0,8.2,0.9,8.3,False,True,False,True,79.3,106.6
Finland,2023,10.0,20.3,8.0,-6.2,7.7,False,True,False,True,203.0,162.4
Sweden,2013,8.6,11.9,6.8,5.2,7.9,False,True,False,True,102.34,80.92
Sweden,2018,13.0,17.1,4.7,-0.9,7.8,False,True,False,True,222.3,80.37
Sweden,2023,7.1,9.0,4.6,-5.2,7.5,False,True,False,True,63.9,41.4
Iceland,2018,2.0,13.8,5.0,8.2,8.5,False,True,False,True,27.6,69.0
Norway,2013,3.7,10.4,8.0,4.3,8.0,False,True,False,True,38.480000000000004,83.2
Norway,2018,3.7,9.5,7.8,1.6,7.9,False,True,False,True,35.15,74.1
Norway,2023,5.6,14.8,9.5,1.3,7.7,False,True,False,True,82.88,140.6
Switzerland,2018,7.1,15.6,7.5,3.0,8.0,False,True,False,True,110.75999999999999,117.0
Switzerland,2023,6.9,14.8,6.5,2.2,7.7,False,True,False,True,102.12,96.2
United Kingdom,2013,12.7,16.0,6.0,2.6,7.5,False,True,False,True,203.2,96.0
United Kingdom,2018,16.6,15.9,11.5,3.3,7.7,False,True,False,True,263.94000000000005,182.85
Belgium,2013,13.2,14.9,11.3,1.5,8.1,True,False,True,False,196.68,168.37
Belgium,2018,18.6,19.4,5.3,3.0,8.1,True,False,True,False,360.84,102.82
Belgium,2023,9.1,12.5,10.2,2.3,8.0,True,False,True,False,113.75,127.49999999999999
Bulgaria,2013,23.9,11.0,15.9,-2.2,6.2,True,False,True,False,262.9,174.9
Bulgaria,2018,22.1,7.3,17.1,6.6,6.9,True,False,True,False,161.33,124.83000000000001
Bulgaria,2023,10.2,6.3,7.2,9.9,7.1,True,False,True,False,64.25999999999999,45.36
Czechia,2013,7.7,11.9,12.4,0.0,8.1,True,False,True,False,91.63000000000001,147.56
Czechia,2018,9.0,14.0,13.6,8.6,8.2,True,False,True,False,126.0,190.4
Czechia,2023,3.2,12.3,8.5,-1.7,8.2,True,False,True,False,39.36000000000001,104.55000000000001
Denmark,2013,0.7,23.3,1.6,3.9,8.0,True,False,True,False,16.31,37.28
Denmark,2018,4.4,21.3,7.5,4.4,7.6,True,False,True,False,93.72000000000001,159.75
Denmark,2023,2.8,18.0,10.3,-3.8,7.5,True,False,True,False,50.4,185.4
Germany,2013,8.1,20.2,13.8,3.1,7.7,True,False,True,False,163.61999999999998,278.76
Germany,2018,9.6,25.1,16.0,6.6,8.0,True,False,True,False,240.96,401.6
Germany,2023,3.6,16.3,8.3,-8.4,7.5,True,False,True,False,58.68000000000001,135.29000000000002
Estonia,2013,14.2,7.7,7.6,10.7,7.6,True,False,True,False,109.34,58.519999999999996
Estonia,2018,5.4,5.5,7.0,5.9,7.9,True,False,True,False,29.700000000000003,38.5
Estonia,2023,2.1,7.5,7.7,5.9,7.7,True,False,True,False,15.75,57.75
Ireland,2013,6.9,6.0,2.4,1.2,7.5,True,False,True,False,41.400000000000006,14.399999999999999
Ireland,2018,7.8,10.4,2.8,10.2,8.4,True,False,True,False,81.12,29.119999999999997
Ireland,2023,8.5,15.3,5.0,3.1,7.7,True,False,True,False,130.05,76.5
Spain,2013,7.4,11.0,4.8,-9.1,7.5,True,False,True,False,81.4,52.8
Spain,2018,6.0,8.2,4.6,6.7,8.0,True,False,True,False,49.199999999999996,37.71999999999999
Spain,2023,8.4,15.0,6.2,4.0,7.6,True,False,True,False,126.0,93.0
France,2013,8.7,9.9,5.4,-1.9,7.6,True,False,True,False,86.13,53.46000000000001
France,2018,7.7,13.2,11.2,2.9,7.8,True,False,True,False,101.64,147.83999999999997
France,2023,9.8,16.1,10.0,-0.4,7.6,True,False,True,False,157.78000000000003,161.0
Croatia,2013,3.6,8.4,5.1,-3.9,8.3,True,False,True,False,30.240000000000002,42.839999999999996
Croatia,2018,1.3,4.0,2.5,6.1,8.0,True,False,True,False,5.2,10.0
Croatia,2023,0.6,4.9,2.3,11.9,8.1,True,False,True,False,2.94,11.27
Italy,2013,5.7,6.4,6.6,-6.5,7.2,True,False,True,False,36.480000000000004,42.24
Italy,2018,6.1,5.2,7.3,-0.6,7.8,True,False,True,False,31.72,37.96
Italy,2023,2.4,9.1,5.5,1.3,7.6,True,False,True,False,21.84,50.05
Cyprus,2013,11.7,22.8,14.0,-4.1,6.7,True,False,True,False,266.76,319.2
Cyprus,2018,7.7,15.1,2.6,-1.3,7.7,True,False,True,False,116.27,39.26
Cyprus,2023,6.7,10.4,8.8,9.2,7.9,True,False,True,False,69.68,91.52000000000001
Latvia,2013,6.9,15.1,21.2,6.9,7.6,True,False,True,False,104.19,320.12
Latvia,2018,2.2,9.5,17.5,9.6,7.8,True,False,True,False,20.900000000000002,166.25
Latvia,2023,1.7,6.1,10.7,3.7,7.4,True,False,True,False,10.37,65.27
Lithuania,2013,5.3,10.1,9.4,1.2,8.2,True,False,True,False,53.529999999999994,94.94
Lithuania,2018,4.4,10.9,10.5,7.3,7.3,True,False,True,False,47.96000000000001,114.45
Lithuania,2023,1.2,6.2,9.4,9.8,7.9,True,False,True,False,7.4399999999999995,58.28
Luxembourg,2013,7.0,19.5,8.2,5.0,8.1,True,False,True,False,136.5,159.89999999999998
Luxembourg,2018,7.6,22.0,18.6,7.1,7.9,True,False,True,False,167.2,409.20000000000005
Luxembourg,2023,1.9,12.7,6.4,-9.1,7.5,True,False,True,False,24.13,81.28
Hungary,2013,17.2,17.0,17.1,-2.6,7.4,True,False,True,False,292.4,290.70000000000005
Hungary,2018,7.4,6.4,13.5,14.3,7.8,True,False,True,False,47.36000000000001,86.4
Hungary,2023,10.8,9.5,15.9,7.1,8.0,True,False,True,False,102.60000000000001,151.05
Malta,2023,6.5,38.3,3.0,6.2,7.6,True,False,True,False,248.95,114.89999999999999
Netherlands,2013,9.3,15.5,6.4,-6.0,8.0,True,False,True,False,144.15,99.2
Netherlands,2018,8.3,23.3,22.7,9.3,7.7,True,False,True,False,193.39000000000001,528.91
Netherlands,2023,15.9,24.3,25.0,-1.9,7.6,True,False,True,False,386.37,607.5
Austria,2013,2.5,15.2,8.1,5.0,8.3,True,False,True,False,38.0,123.11999999999999
Austria,2018,3.7,12.9,7.7,6.0,8.5,True,False,True,False,47.730000000000004,99.33
Austria,2023,1.0,13.4,7.7,-2.9,7.9,True,False,True,False,13.4,103.18
Poland,2013,2.8,9.4,6.1,-4.4,8.0,True,False,True,False,26.32,57.339999999999996
Poland,2018,2.4,6.5,8.3,6.6,8.3,True,False,True,False,15.6,53.95
Poland,2023,0.4,4.2,4.4,8.8,8.0,True,False,True,False,1.6800000000000002,18.480000000000004
Portugal,2013,6.9,12.4,9.5,-1.9,7.2,True,False,True,False,85.56,117.8
Portugal,2018,2.9,12.8,8.4,10.3,7.9,True,False,True,False,37.12,107.52000000000001
Portugal,2023,4.5,19.0,15.7,8.2,7.8,True,False,True,False,85.5,298.3
Romania,2013,13.7,13.6,9.8,-0.3,7.9,True,False,True,False,186.32,133.28
Romania,2018,10.9,13.7,9.2,5.6,8.6,True,False,True,False,149.32999999999998,126.03999999999998
Romania,2023,6.5,17.3,10.5,3.3,8.6,True,False,True,False,112.45,181.65
Slovenia,2013,3.9,8.3,11.3,-5.2,7.8,True,False,True,False,32.370000000000005,93.79000000000002
Slovenia,2018,5.0,10.7,13.6,8.7,8.4,True,False,True,False,53.5,145.51999999999998
Slovenia,2023,5.1,11.6,13.9,7.2,8.4,True,False,True,False,59.16,161.24
Slovakia,2013,10.8,16.7,19.1,0.8,7.9,True,False,True,False,180.36,318.97
Slovakia,2018,7.9,10.7,9.5,7.4,8.2,True,False,True,False,84.53,101.64999999999999
Slovakia,2023,7.4,19.1,20.4,-0.2,8.3,True,False,True,False,141.34,389.64
Finland,2013,8.4,13.9,7.0,1.2,8.5,True,False,True,False,116.76,97.3
Finland,2018,3.9,7.4,4.7,0.9,8.3,True,False,True,False,28.86,34.78
Finland,2023,6.5,20.9,3.4,-6.2,7.7,True,False,True,False,135.85,71.05999999999999
Sweden,2013,11.4,16.0,5.0,5.2,7.9,True,False,True,False,182.4,80.0
Sweden,2018,12.1,14.9,4.6,-0.9,7.8,True,False,True,False,180.29,68.53999999999999
Sweden,2023,6.0,11.6,7.2,-5.2,7.5,True,False,True,False,69.6,83.52
Iceland,2013,0.0,17.1,8.8,5.8,8.2,True,False,True,False,0.0,150.48000000000002
Iceland,2018,0.0,4.2,3.8,8.2,8.5,True,False,True,False,0.0,15.959999999999999
Norway,2013,3.5,19.5,9.1,4.3,8.0,True,False,True,False,68.25,177.45
Norway,2018,1.7,8.8,5.7,1.6,7.9,True,False,True,False,14.96,50.160000000000004
Norway,2023,6.5,9.6,12.4,1.3,7.7,True,False,True,False,62.4,119.03999999999999
Switzerland,2018,5.9,11.6,5.1,3.0,8.0,True,False,True,False,68.44,59.16
Switzerland,2023,4.2,17.0,7.6,2.2,7.7,True,False,True,False,71.4,129.2
United Kingdom,2013,10.2,8.8,3.6,2.6,7.5,True,False,True,False,89.76,31.680000000000003
United Kingdom,2018,6.8,11.0,8.2,3.3,7.7,True,False,True,False,74.8,90.19999999999999
Belgium,2013,13.4,13.8,14.6,1.5,8.1,True,False,False,False,184.92000000000002,201.48000000000002
Belgium,2018,10.8,15.1,10.0,3.0,8.1,True,False,False,False,163.08,151.0
Belgium,2023,5.7,9.1,7.4,2.3,8.0,True,False,False,False,51.87,67.34
Bulgaria,2013,16.0,3.3,7.5,-2.2,6.2,True,False,False,False,52.8,24.75
Bulgaria,2018,14.8,3.3,7.2,6.6,6.9,True,False,False,False,48.839999999999996,23.759999999999998
Bulgaria,2023,8.9,3.2,4.5,9.9,7.1,True,False,False,False,28.480000000000004,14.4
Czechia,2013,9.6,11.5,11.5,0.0,8.1,True,False,False,False,110.39999999999999,132.25
Czechia,2018,2.8,9.5,7.1,8.6,8.2,True,False,False,False,26.599999999999998,67.45
Czechia,2023,2.5,10.8,4.0,-1.7,8.2,True,False,False,False,27.0,43.2
Denmark,2013,5.8,8.3,3.8,3.9,8.0,True,False,False,False,48.14,31.540000000000003
Denmark,2018,3.7,10.5,5.2,4.4,7.6,True,False,False,False,38.85,54.6
Denmark,2023,2.3,9.3,5.8,-3.8,7.5,True,False,False,False,21.39,53.940000000000005
Germany,2013,4.2,17.6,12.9,3.1,7.7,True,False,False,False,73.92000000000002,227.04000000000002
Germany,2018,4.3,17.2,13.0,6.6,8.0,True,False,False,False,73.96,223.6
Germany,2023,3.1,16.8,8.5,-8.4,7.5,True,False,False,False,52.080000000000005,142.8
Estonia,2013,9.0,6.3,7.9,10.7,7.6,True,False,False,False,56.699999999999996,49.77
Estonia,2018,5.4,5.6,7.8,5.9,7.9,True,False,False,False,30.24,43.68
Estonia,2023,2.5,7.2,6.9,5.9,7.7,True,False,False,False,18.0,49.68000000000001
Ireland,2013,9.0,5.7,3.4,1.2,7.5,True,False,False,False,51.300000000000004,19.38
Ireland,2018,4.1,3.6,4.2,10.2,8.4,True,False,False,False,14.76,15.120000000000001
Ireland,2023,6.1,7.4,4.9,3.1,7.7,True,False,False,False,45.14,36.260000000000005
Spain,2013,8.7,10.7,5.1,-9.1,7.5,True,False,False,False,93.08999999999999,54.56999999999999
Spain,2018,6.2,11.0,5.6,6.7,8.0,True,False,False,False,68.2,61.599999999999994
Spain,2023,7.7,13.0,5.3,4.0,7.6,True,False,False,False,100.10000000000001,68.89999999999999
France,2013,8.5,9.4,6.8,-1.9,7.6,True,False,False,False,79.9,63.92
France,2018,7.2,10.3,8.5,2.9,7.8,True,False,False,False,74.16000000000001,87.55000000000001
France,2023,6.7,11.3,8.4,-0.4,7.6,True,False,False,False,75.71000000000001,94.92000000000002
Croatia,2013,1.5,8.6,5.9,-3.9,8.3,True,False,False,False,12.899999999999999,50.74
Croatia,2018,0.9,4.8,2.9,6.1,8.0,True,False,False,False,4.32,13.92
Croatia,2023,0.3,4.9,2.8,11.9,8.1,True,False,False,False,1.47,13.72
Italy,2013,5.3,7.0,5.9,-6.5,7.2,True,False,False,False,37.1,41.300000000000004
Italy,2018,6.3,6.4,5.5,-0.6,7.8,True,False,False,False,40.32,35.2
Italy,2023,2.8,5.4,4.6,1.3,7.6,True,False,False,False,15.12,24.84
Cyprus,2013,16.3,21.9,15.4,-4.1,6.7,True,False,False,False,356.96999999999997,337.26
Cyprus,2018,7.8,11.6,7.4,-1.3,7.7,True,False,False,False,90.47999999999999,85.84
Cyprus,2023,10.4,12.6,11.5,9.2,7.9,True,False,False,False,131.04,144.9
Latvia,2013,5.8,9.2,14.8,6.9,7.6,True,False,False,False,53.35999999999999,136.16
Latvia,2018,1.1,5.5,12.2,9.6,7.8,True,False,False,False,6.050000000000001,67.1
Latvia,2023,1.3,7.7,10.3,3.7,7.4,True,False,False,False,10.01,79.31
Lithuania,2013,2.5,11.2,10.8,1.2,8.2,True,False,False,False,28.0,120.96
Lithuania,2018,2.1,10.3,13.6,7.3,7.3,True,False,False,False,21.630000000000003,140.08
Lithuania,2023,1.3,5.0,8.3,9.8,7.9,True,False,False,False,6.5,41.5
Luxembourg,2013,10.0,13.6,7.8,5.0,8.1,True,False,False,False,136.0,106.08
Luxembourg,2018,8.8,15.5,12.3,7.1,7.9,True,False,False,False,136.4,190.65
Luxembourg,2023,3.1,21.4,7.0,-9.1,7.5,True,False,False,False,66.34,149.79999999999998
Hungary,2013,9.9,8.2,8.6,-2.6,7.4,True,False,False,False,81.17999999999999,70.52
Hungary,2018,3.3,4.9,6.2,14.3,7.8,True,False,False,False,16.17,30.380000000000003
Hungary,2023,5.2,7.3,10.9,7.1,8.0,True,False,False,False,37.96,79.57000000000001
Malta,2023,3.9,17.1,12.3,6.2,7.6,True,False,False,False,66.69,210.33000000000004
Netherlands,2013,9.0,15.3,10.5,-6.0,8.0,True,False,False,False,137.70000000000002,160.65
Netherlands,2018,8.1,16.8,11.7,9.3,7.7,True,False,False,False,136.08,196.56
Netherlands,2023,8.9,14.1,7.4,-1.9,7.6,True,False,False,False,125.49,104.34
Austria,2013,5.9,15.0,7.0,5.0,8.3,True,False,False,False,88.5,105.0
Austria,2018,5.4,12.3,6.5,6.0,8.5,True,False,False,False,66.42,79.95
Austria,2023,2.6,15.5,6.8,-2.9,7.9,True,False,False,False,40.300000000000004,105.39999999999999
Poland,2013,2.1,9.3,6.2,-4.4,8.0,True,False,False,False,19.53,57.660000000000004
Poland,2018,2.0,9.4,9.6,6.6,8.3,True,False,False,False,18.8,90.24
Poland,2023,1.2,6.7,3.6,8.8,8.0,True,False,False,False,8.04,24.12
Portugal,2013,6.7,12.6,10.7,-1.9,7.2,True,False,False,False,84.42,134.82
Portugal,2018,2.9,11.7,9.2,10.3,7.9,True,False,False,False,33.93,107.63999999999999
Portugal,2023,2.6,20.0,9.3,8.2,7.8,True,False,False,False,52.0,186.0
Romania,2013,15.4,20.5,13.8,-0.3,7.9,True,False,False,False,315.7,282.90000000000003
Romania,2018,9.4,16.0,8.8,5.6,8.6,True,False,False,False,150.4,140.8
Romania,2023,4.0,10.5,8.2,3.3,8.6,True,False,False,False,42.0,86.1
Slovenia,2013,6.8,10.6,12.0,-5.2,7.8,True,False,False,False,72.08,127.19999999999999
Slovenia,2018,6.1,11.4,13.5,8.7,8.4,True,False,False,False,69.53999999999999,153.9
Slovenia,2023,5.1,10.5,12.1,7.2,8.4,True,False,False,False,53.55,127.05
Slovakia,2013,5.2,11.2,9.9,0.8,7.9,True,False,False,False,58.239999999999995,110.88
Slovakia,2018,2.1,6.5,7.5,7.4,8.2,True,False,False,False,13.65,48.75
Slovakia,2023,1.8,5.7,4.0,-0.2,8.3,True,False,False,False,10.26,22.8
Finland,2013,5.2,8.8,5.9,1.2,8.5,True,False,False,False,45.760000000000005,51.92000000000001
Finland,2018,3.0,7.9,6.7,0.9,8.3,True,False,False,False,23.700000000000003,52.93000000000001
Finland,2023,5.4,15.6,6.8,-6.2,7.7,True,False,False,False,84.24000000000001,106.08
Sweden,2013,5.7,7.8,4.2,5.2,7.9,True,False,False,False,44.46,32.76
Sweden,2018,10.0,11.4,3.3,-0.9,7.8,True,False,False,False,114.0,37.62
Sweden,2023,6.0,9.6,2.6,-5.2,7.5,True,False,False,False,57.599999999999994,24.96
Iceland,2013,1.7,7.7,8.0,5.8,8.2,True,False,False,False,13.09,61.6
Iceland,2018,1.0,6.5,6.2,8.2,8.5,True,False,False,False,6.5,40.300000000000004
Norway,2013,2.7,8.8,6.0,4.3,8.0,True,False,False,False,23.760000000000005,52.800000000000004
Norway,2018,1.9,6.3,7.4,1.6,7.9,True,False,False,False,11.969999999999999,46.62
Norway,2023,2.0,9.7,8.4,1.3,7.7,True,False,False,False,19.4,81.48
Switzerland,2018,3.6,12.0,5.5,3.0,8.0,True,False,False,False,43.2,66.0
Switzerland,2023,5.0,10.4,6.3,2.2,7.7,True,False,False,False,52.0,65.52
United Kingdom,2013,8.2,9.3,5.3,2.6,7.5,True,False,False,False,76.26,49.29
United Kingdom,2018,11.3,12.0,9.4,3.3,7.7,True,False,False,False,135.60000000000002,112.80000000000001
Belgium,2013,13.4,14.0,14.1,1.5,8.1,True,False,False,True,187.6,197.4
Belgium,2018,12.0,15.7,9.3,3.0,8.1,True,False,False,True,188.39999999999998,146.01
Belgium,2023,6.1,9.5,7.7,2.3,8.0,True,False,False,True,57.949999999999996,73.15
Bulgaria,2013,18.7,5.9,10.4,-2.2,6.2,True,False,False,True,110.33,61.36000000000001
Bulgaria,2018,17.5,4.8,10.8,6.6,6.9,True,False,False,True,84.0,51.84
Bulgaria,2023,9.3,4.1,5.2,9.9,7.1,True,False,False,True,38.13,21.32
Czechia,2013,9.4,11.5,11.6,0.0,8.1,True,False,False,True,108.10000000000001,133.4
Czechia,2018,3.4,10.0,7.7,8.6,8.2,True,False,False,True,34.0,77.0
Czechia,2023,2.6,10.9,4.5,-1.7,8.2,True,False,False,True,28.340000000000003,49.050000000000004
Denmark,2013,5.3,9.7,3.6,3.9,8.0,True,False,False,True,51.41,34.92
Denmark,2018,3.8,11.7,5.4,4.4,7.6,True,False,False,True,44.459999999999994,63.18
Denmark,2023,2.4,10.2,6.3,-3.8,7.5,True,False,False,True,24.479999999999997,64.25999999999999
Germany,2013,4.8,18.0,13.1,3.1,7.7,True,False,False,True,86.39999999999999,235.79999999999998
Germany,2018,5.2,18.5,13.4,6.6,8.0,True,False,False,True,96.2,247.9
Germany,2023,3.2,16.8,8.5,-8.4,7.5,True,False,False,True,53.760000000000005,142.8
Estonia,2013,10.1,6.6,7.8,10.7,7.6,True,False,False,True,66.66,51.48
Estonia,2018,5.4,5.6,7.6,5.9,7.9,True,False,False,True,30.24,42.559999999999995
Estonia,2023,2.4,7.3,7.1,5.9,7.7,True,False,False,True,17.52,51.83
Ireland,2013,8.6,5.8,3.2,1.2,7.5,True,False,False,True,49.879999999999995,18.56
Ireland,2018,4.7,4.7,4.0,10.2,8.4,True,False,False,True,22.090000000000003,18.8
Ireland,2023,6.5,8.6,4.9,3.1,7.7,True,False,False,True,55.9,42.14
Spain,2013,8.4,10.8,5.0,-9.1,7.5,True,False,False,True,90.72000000000001,54.0
Spain,2018,6.1,10.3,5.3,6.7,8.0,True,False,False,True,62.83,54.59
Spain,2023,7.9,13.5,5.5,4.0,7.6,True,False,False,True,106.65,74.25
France,2013,8.5,9.4,6.7,-1.9,7.6,True,False,False,True,79.9,62.980000000000004
France,2018,7.2,10.6,8.8,2.9,7.8,True,False,False,True,76.32,93.28
France,2023,7.0,11.9,8.6,-0.4,7.6,True,False,False,True,83.3,102.34
Croatia,2013,2.0,8.5,5.7,-3.9,8.3,True,False,False,True,17.0,48.45
Croatia,2018,1.0,4.6,2.8,6.1,8.0,True,False,False,True,4.6,12.879999999999999
Croatia,2023,0.4,4.9,2.7,11.9,8.1,True,False,False,True,1.9600000000000002,13.230000000000002
Italy,2013,5.4,6.9,6.1,-6.5,7.2,True,False,False,True,37.260000000000005,42.089999999999996
Italy,2018,6.3,6.1,5.9,-0.6,7.8,True,False,False,True,38.43,35.99
Italy,2023,2.7,6.1,4.7,1.3,7.6,True,False,False,True,16.47,28.669999999999998
Cyprus,2013,15.5,22.1,15.1,-4.1,6.7,True,False,False,True,342.55,333.71000000000004
Cyprus,2018,7.8,12.3,6.5,-1.3,7.7,True,False,False,True,95.94,79.95
Cyprus,2023,9.7,12.2,11.0,9.2,7.9,True,False,False,True,118.33999999999999,134.2
Latvia,2013,6.1,10.8,16.5,6.9,7.6,True,False,False,True,65.88,178.20000000000002
Latvia,2018,1.4,6.6,13.6,9.6,7.8,True,False,False,True,9.239999999999998,89.75999999999999
Latvia,2023,1.4,7.2,10.4,3.7,7.4,True,False,False,True,10.08,74.88000000000001
Lithuania,2013,3.3,10.9,10.4,1.2,8.2,True,False,False,True,35.97,113.36000000000001
Lithuania,2018,2.8,10.5,12.7,7.3,7.3,True,False,False,True,29.4,133.35
Lithuania,2023,1.3,5.3,8.5,9.8,7.9,True,False,False,True,6.89,45.05
Luxembourg,2013,9.6,14.3,7.8,5.0,8.1,True,False,False,True,137.28,111.54
Luxembourg,2018,8.6,16.4,13.1,7.1,7.9,True,False,False,True,141.04,214.83999999999997
Luxembourg,2023,2.9,19.6,6.9,-9.1,7.5,True,False,False,True,56.84,135.24
Hungary,2013,11.5,10.2,10.5,-2.6,7.4,True,False,False,True,117.3,107.1
Hungary,2018,4.0,5.1,7.4,14.3,7.8,True,False,False,True,20.4,37.74
Hungary,2023,6.3,7.7,11.8,7.1,8.0,True,False,False,True,48.51,90.86000000000001
Malta,2023,4.8,24.3,9.1,6.2,7.6,True,False,False,True,116.64,221.13
Netherlands,2013,9.0,15.3,10.2,-6.0,8.0,True,False,False,True,137.70000000000002,156.06
Netherlands,2018,8.1,17.4,12.8,9.3,7.7,True,False,False,True,140.93999999999997,222.72
Netherlands,2023,9.7,15.2,9.3,-1.9,7.6,True,False,False,True,147.43999999999997,141.36
Austria,2013,5.5,15.0,7.1,5.0,8.3,True,False,False,True,82.5,106.5
Austria,2018,5.2,12.4,6.6,6.0,8.5,True,False,False,True,64.48,81.84
Austria,2023,2.4,15.3,6.9,-2.9,7.9,True,False,False,True,36.72,105.57000000000001
Poland,2013,2.3,9.3,6.2,-4.4,8.0,True,False,False,True,21.39,57.660000000000004
Poland,2018,2.1,8.8,9.4,6.6,8.3,True,False,False,True,18.480000000000004,82.72000000000001
Poland,2023,1.0,6.2,3.8,8.8,8.0,True,False,False,True,6.2,23.56
Portugal,2013,6.7,12.6,10.4,-1.9,7.2,True,False,False,True,84.42,131.04
Portugal,2018,2.9,12.0,9.0,10.3,7.9,True,False,False,True,34.8,108.0
Portugal,2023,3.0,19.8,10.7,8.2,7.8,True,False,False,True,59.400000000000006,211.85999999999999
Romania,2013,14.8,18.1,12.4,-0.3,7.9,True,False,False,True,267.88000000000005,224.44000000000003
Romania,2018,10.0,15.1,8.9,5.6,8.6,True,False,False,True,151.0,134.39000000000001
Romania,2023,4.9,12.9,9.0,3.3,8.6,True,False,False,True,63.21000000000001,116.10000000000001
Slovenia,2013,6.3,10.2,11.9,-5.2,7.8,True,False,False,True,64.25999999999999,121.38
Slovenia,2018,6.0,11.3,13.5,8.7,8.4,True,False,False,True,67.80000000000001,152.55
Slovenia,2023,5.1,10.6,12.3,7.2,8.4,True,False,False,True,54.059999999999995,130.38
Slovakia,2013,6.1,12.1,11.3,0.8,7.9,True,False,False,True,73.80999999999999,136.73000000000002
Slovakia,2018,3.0,7.1,7.8,7.4,8.2,True,False,False,True,21.299999999999997,55.379999999999995
Slovakia,2023,2.6,7.6,6.3,-0.2,8.3,True,False,False,True,19.759999999999998,47.879999999999995
Finland,2013,5.7,9.5,6.0,1.2,8.5,True,False,False,True,54.15,57.0
Finland,2018,3.2,7.8,6.4,0.9,8.3,True,False,False,True,24.96,49.92
Finland,2023,5.5,16.2,6.4,-6.2,7.7,True,False,False,True,89.1,103.68
Sweden,2013,6.7,9.2,4.3,5.2,7.9,True,False,False,True,61.63999999999999,39.559999999999995
Sweden,2018,10.4,12.1,3.6,-0.9,7.8,True,False,False,True,125.84,43.56
Sweden,2023,6.0,9.9,3.4,-5.2,7.5,True,False,False,True,59.400000000000006,33.660000000000004
Iceland,2013,1.6,8.5,8.1,5.8,8.2,True,False,False,True,13.600000000000001,68.85
Iceland,2018,0.9,6.3,5.9,8.2,8.5,True,False,False,True,5.67,37.17
Norway,2013,2.8,10.0,6.3,4.3,8.0,True,False,False,True,28.0,63.0
Norway,2018,1.9,6.6,7.2,1.6,7.9,True,False,False,True,12.54,47.519999999999996
Norway,2023,2.4,9.6,8.8,1.3,7.7,True,False,False,True,23.04,84.48
Switzerland,2018,3.9,12.0,5.4,3.0,8.0,True,False,False,True,46.8,64.80000000000001
Switzerland,2023,4.8,11.6,6.6,2.2,7.7,True,False,False,True,55.68,76.55999999999999
United Kingdom,2013,8.5,9.2,5.1,2.6,7.5,True,False,False,True,78.19999999999999,46.919999999999995
United Kingdom,2018,10.4,11.8,9.2,3.3,7.7,True,False,False,True,122.72000000000001,108.56
