geo,year,noise_rate_scaled,pollution_rate_scaled,crime_rate_scaled,hpi_weight_scaled,safety_score,safety_index,affordability_index,combined_score
Austria,2010,0.8921900827460119,-0.7578079283291028,0.1388573376924049,0.5835037426781539,0.09107983070310466,0.9089201692968953,0.41649625732184614,0.7119506045068756
Austria,2011,0.4226949610618552,-0.512827875269635,-0.09833314551725343,-0.6247378887386221,-0.0628220199083444,1.0628220199083445,1.6247378887386221,1.2875883674404554
Austria,2012,0.5647790110452188,-0.5187548120372025,-0.04883252293436834,-0.4024214285579349,-0.0009361079754507002,1.0009361079754506,1.4024214285579348,1.1615302362084443
Austria,2013,0.4947665806186337,-0.37058139284800834,-0.05295757481627576,-0.2657877308492452,0.02374253765144987,0.9762574623485502,1.2657877308492451,1.092069569748828
Austria,2014,0.18588821108958392,-0.7657105106858598,0.2543587903858038,-0.15471141544577727,-0.10848783640349069,1.1084878364034907,1.1547114154457772,1.126977268020405
Austria,2015,0.18176983282919662,-0.47726625466422823,0.1636076489838478,0.07481353717997244,-0.04396292428372794,1.0439629242837278,0.9251864628200276,0.9964523396982478
Austria,2016,0.20648010239152054,-0.47726625466422823,0.06873145569998405,0.3448043451223242,-0.06735156552424121,1.0673515655242412,0.6551956548776758,0.9024892012656149
Austria,2017,0.11999415892338679,-0.7222463077236962,-0.1870217609782565,0.5225592156426232,-0.26309130325952196,1.263091303259522,0.4774407843573768,0.9488310956986639
Austria,2018,0.16323713065745332,-0.7834913209885633,-0.48608802241652155,0.7887819479886921,-0.36878073758254387,1.3687807375825438,0.21121805201130794,0.9057556633540494
Austria,2019,0.6286138740812226,-0.46738802671828195,-0.5892143194641991,1.056970632819779,-0.14266282403375283,1.1426628240337529,-0.05697063281977899,0.6628094412923401
Austria,2020,-0.13328610409043512,-0.9573481328372181,-1.0491576042968414,1.4418058317618816,-0.7132639470748314,1.7132639470748314,-0.4418058317618816,0.851236035540146
Austria,2023,0.4803522567072784,-0.9474699048912715,-0.8862180549615106,2.3279589143833523,-0.45111190104850124,1.4511119010485012,-1.3279589143833523,0.33948357487575975
Belgium,2005,0.6286138740812226,0.4097986148817487,0.9844929734833614,-0.029381944525935528,0.6743018208154442,0.3256981791845558,1.0293819445259356,0.6071716853211077
Belgium,2006,0.5462463088734756,-0.056453744166916155,0.9514925584281047,-0.8721202431032775,0.48042837437822133,0.5195716256217786,1.8721202431032775,1.0605910726143781
Belgium,2007,0.737750897981487,0.34657795602769265,1.0979319002358068,-0.6922355907242098,0.7274202514149954,0.27257974858500456,1.6922355907242097,0.8404420854406867
Belgium,2008,0.3650376654164334,0.2991624618871503,0.6379886154031644,-0.6211336425160905,0.43406291423558274,0.5659370857644173,1.6211336425160905,0.9880157084650865
Belgium,2009,0.10763902414222482,-0.014965186793941885,0.5472374740012078,-0.7107483099581218,0.21330377044983026,0.7866962295501697,1.7107483099581218,1.1563170617133505
Belgium,2010,0.03144902632505839,-0.056453744166916474,0.821553424148031,-0.5973783833221334,0.265516235435391,0.734483764564609,1.5973783833221336,1.0796416120676189
Belgium,2011,0.1405860502253234,0.2379174486222835,0.19042048621624355,-0.46369361434096884,0.1896413283546168,0.8103586716453832,1.463693614340969,1.0716926487236176
Belgium,2012,0.17353307630842196,0.4690679825574262,0.7349273346279811,-0.4068448216492236,0.4591761311646098,0.5408238688353901,1.4068448216492235,0.8872322499609235
Belgium,2013,0.1755922654386153,0.8325867709682503,1.665126533998034,-0.3722768237876732,0.8911018568016331,0.10889814319836688,1.3722768237876732,0.6142496154340895
Belgium,2014,0.397984691499532,0.7100967444385154,1.0278060182433861,-0.41307033785177777,0.7119624847271444,0.2880375152728556,1.4130703378517777,0.7380506443044245
Belgium,2015,0.5153584719205703,0.4868487928601298,1.0876192705310392,-0.3177216423284472,0.6966088451039131,0.3033911548960869,1.3177216423284472,0.7091233498690311
Belgium,2016,0.07881037631951292,0.3208945633682321,0.6462387191669786,-0.22958143925017988,0.34864788628490784,0.6513521137150922,1.2295814392501798,0.8826438439291272
Belgium,2017,0.12823091544416143,0.26755213246012227,0.5534250518240688,-0.08590307847017752,0.31640269990945086,0.6835973000905491,1.0859030784701775,0.8445196114424005
Belgium,2018,0.3712152328070141,0.4018960325249917,0.6792391342222354,0.015507303881955928,0.48411679985141376,0.5158832001485862,0.984492696118044,0.7033269985363694
Belgium,2019,-0.09622069974694858,0.4038716781141806,0.5843629409383723,0.16688564522827465,0.2973379731018681,0.7026620268981318,0.8331143547717254,0.7548429580475693
Belgium,2020,-0.3659744758023191,-0.22240797365881387,0.02129335905805252,0.34316605138481004,-0.1890296968010268,1.1890296968010268,0.65683394861519,0.976151397526692
Belgium,2023,-0.4298093388383226,0.12530565003849525,0.35129750961062073,0.9257433044448857,0.015597940270264454,0.9844020597297356,0.07425669555511427,0.6203439140598871
Bulgaria,2005,0.503003337139409,2.3123453172710047,3.0758942776102636,0.054171036087292526,1.9637476440068926,-0.9637476440068926,0.9458289639127074,-0.19991700083905256
Bulgaria,2006,0.503003337139409,2.3123453172710047,3.0758942776102636,-0.6058975107572083,1.9637476440068926,-0.9637476440068926,1.6058975107572082,0.06411041789874772
Bulgaria,2007,0.32591307194275354,2.656107649789935,3.2326462491227343,0.4730827447696924,2.0715556569518077,-1.0715556569518077,0.5269172552303076,-0.43216649207896146
Bulgaria,2008,0.2105984806519072,1.4904767521682725,3.1047696407836125,1.3510443587035916,1.6019482912012641,-0.6019482912012641,-0.35104435870359163,-0.5015867182021951
Bulgaria,2009,0.14264523935551673,1.6603822728385493,3.216146041595106,-0.35474708079626965,1.6730578512630574,-0.6730578512630574,1.3547470807962696,0.13806412156067344
Bulgaria,2010,-0.5513014975197492,1.034102621065554,3.4162110578676,-0.5693635604106397,1.2996707271378016,-0.29967072713780163,1.5693635604106397,0.44794298788157494
Bulgaria,2011,-0.6563201431596263,0.8780266195196027,3.389398220635204,-0.6781462645815873,1.20370156566506,-0.20370156566506004,1.6781462645815872,0.5490375664335989
Bulgaria,2012,-0.7860490583618273,0.4177011972385057,2.7025770822976702,-0.6799483876928535,0.7780764070581162,0.2219235929418838,1.6799483876928534,0.8051335108422716
Bulgaria,2013,-0.8231144627053134,0.4927757296276972,2.7665153864672307,-0.7535077765072438,0.8120588844632048,0.18794111553679516,1.7535077765072438,0.8141677799249746
Bulgaria,2014,-0.757220410539116,0.8365380621466282,3.17283299683508,-0.6507867591650988,1.0840502161475307,-0.08405021614753072,1.6507867591650989,0.6098845739775212
Bulgaria,2015,-1.1731766148382372,0.6152657561574314,2.7335149714119735,-0.541348737499146,0.7252013709103893,0.2747986290896107,1.541348737499146,0.7814186724534249
Bulgaria,2016,-1.204064451791142,0.4651166913790483,2.409698398682266,-0.24891330535284747,0.5569168794233907,0.44308312057660926,1.2489133053528474,0.7654151944871045
Bulgaria,2017,-1.2761360713479204,0.46709233696823727,2.3024470497526814,0.07448587843246919,0.49780110512433273,0.5021988948756673,0.9255141215675308,0.6715249855524127
Bulgaria,2018,-1.428516066982252,0.12135435886011707,1.7393774678723615,0.28435130620804805,0.14407191991674217,0.8559280800832578,0.715648693791952,0.7998163255667354
Bulgaria,2019,-1.543830658273097,0.032450307346600454,1.3722478503826292,0.5122379650962828,-0.04637750018128909,1.0463775001812892,0.48776203490371717,0.8229313140702603
Bulgaria,2020,-1.6179614669600695,-0.15523602362637903,1.316559649976883,0.680163073191496,-0.15221261353652182,1.1522126135365218,0.31983692680850395,0.8192623388453146
Bulgaria,2023,-1.545889847403291,-0.34489800018854805,0.7761778534470527,2.3368057005659284,-0.37153666471492874,1.3715366647149287,-1.3368057005659284,0.28819971860258586
Croatia,2010,-0.8993044605224793,-0.6965629150642357,-1.3337861841484315,-0.42912561647941844,-0.9765511865783821,1.9765511865783822,1.4291256164794184,1.7575809585387967
Croatia,2011,-1.1752358039684307,-1.109472843204791,-1.4348499552551557,-0.31657483671218756,-1.2398528674761258,2.2398528674761256,1.3165748367121877,1.8705416551705503
Croatia,2012,-1.0866906713701028,-0.975128943139921,-1.3853493326722703,-0.40012781732541564,-1.1490563157274314,2.1490563157274316,1.4001278173254157,1.8494849163666252
Croatia,2013,-1.327615799602762,-1.1391075270426299,-1.5977895045904864,-0.5721486597644142,-1.3548376104119593,2.354837610411959,1.572148659764414,2.041762030152941
Croatia,2014,-1.6488493039129741,-1.2635731991615529,-1.6328524455866966,-0.5859103271595342,-1.5150916495537412,2.5150916495537414,1.5859103271595343,2.143419120596058
Croatia,2015,-1.642671736522393,-1.3090130477129058,-1.515288466952344,-0.7000994006642789,-1.4889910837292144,2.488991083729214,1.700099400664279,2.1734344105032397
Croatia,2016,-1.642671736522393,-1.1153997799723587,-1.544163830125694,-0.610157074474745,-1.434078448873482,2.434078448873482,1.610157074474745,2.104509899113987
Croatia,2017,-1.6159022778298755,-1.340623377139934,-1.552413933889508,-0.4422319663795318,-1.502979862953106,2.502979862953106,1.4422319663795318,2.078680704323676
Croatia,2018,-1.7023882212980095,-1.241841097680471,-1.6349149715276505,-0.20500703318746577,-1.5263814301687102,2.52638143016871,1.2050070331874658,1.9978316713762123
Croatia,2019,-1.7435720039018832,-1.3524772506750695,-1.6617278087600462,0.15345163658065725,-1.5859256877789996,2.5859256877789996,0.8465483634193427,1.8901747580351367
Croatia,2020,-1.780637408245369,-1.4571864669021002,-1.6926656978743497,0.42180415078549555,-1.6434965243406063,2.6434965243406063,0.5781958492145045,1.8173762542901655
Croatia,2023,-2.0092074016968664,-1.6606779625885937,-1.8906681882058907,2.035523482237054,-1.8535178508304504,2.8535178508304506,-1.0355234822370538,1.2979013176034486
Cyprus,2005,2.755756245571281,1.2356184711628588,-0.7315286093899942,0.7238236012962516,1.0866153691147151,-0.08661536911471512,0.27617639870374844,0.0585013380126703
Cyprus,2006,3.42293352375403,1.8144826287953109,-0.03233231540673998,-0.2248303874113886,1.7350279457142002,-0.7350279457142002,1.2248303874113886,0.04891538753603536
Cyprus,2007,3.3879273085407373,1.788799236135851,0.34510993178776006,0.1657388396120143,1.8406121588214495,-0.8406121588214495,0.8342611603879857,-0.17066283113767533
Cyprus,2008,1.9238438369730395,0.9866871269250118,-0.5190884374717782,0.2773066431367361,0.7971475088087576,0.20285249119124238,0.7226933568632639,0.41078883746005096
Cyprus,2009,2.343918419532548,1.2771070285358332,-0.6407774679880378,-0.18223475023601715,0.9934159933601144,0.0065840066398855646,1.182234750236017,0.47684430407833817
Cyprus,2010,1.759108706557546,0.8365380621466282,-0.21589712415160617,-0.379485316232735,0.7932498815175225,0.20675011848247749,1.379485316232735,0.6758441975825805
Cyprus,2011,1.6129062783137957,1.0005166460493369,0.4688614882449735,-0.368181089443887,1.0274281375360352,-0.027428137536035235,1.368181089443887,0.5308155532559337
Cyprus,2012,1.2196011544468055,0.15889162505471316,0.5699252593516975,-0.4976062947075142,0.6494726796177387,0.3505273203822613,1.4976062947075142,0.8093589101123624
Cyprus,2013,1.7302800587348348,0.4572141090222907,0.5864254668793255,-0.6501314416700933,0.9246398782121504,0.07536012178784957,1.6501314416700934,0.7052686497407471
Cyprus,2014,0.17353307630842196,-0.39824043109665785,-0.22208470197446678,-0.6686441609040048,-0.14893068558756756,1.1489306855875676,1.6686441609040048,1.3568160757141423
Cyprus,2015,-0.10445745626772322,-0.6096345091399084,0.18010785651147615,-0.7091100162206075,-0.17799470296538514,1.1779947029653852,1.7091100162206074,1.390440828267474
Cyprus,2016,-0.3227315040682519,-0.6629769400480184,-0.5314635931174996,-0.6933823963404702,-0.5057240124112566,1.5057240124112568,1.6933823963404702,1.5807873659829421
Cyprus,2017,-0.2836069105945724,-0.6234640282642331,-0.009644530056250987,-0.46909998367476663,-0.30557182297168545,1.3055718229716855,1.4690999836747667,1.370983087252918
Cyprus,2018,0.3300314502031402,-0.8190529415939699,-0.08183293798962507,-0.6108123919697509,-0.19028480979348494,1.1902848097934848,1.610812391969751,1.3584958426639915
Cyprus,2019,-0.6954447366333059,-1.143058818221008,-0.03233231540673998,-0.1855113377110455,-0.6236119567536846,1.6236119567536846,1.1855113377110456,1.448371709136629
Cyprus,2020,-0.8725350018299617,-1.0482278299399237,-0.20764702038779198,-0.059035061174944135,-0.7094699507192258,1.709469950719226,1.0590350611749442,1.4492959949015132
Cyprus,2023,-0.19506177799624497,-0.7973208401128878,-0.5685890600546637,0.5350102480477315,-0.5203238927212656,1.5203238927212657,0.46498975195226855,1.0981902364136666
Czechia,2008,0.08910632197048154,0.8187572518439246,0.747302490273703,1.3054997928006937,0.551722021362703,0.448277978637297,-0.3054997928006937,0.1467668700621007
Czechia,2009,0.4165173936712746,1.3877431815304313,1.3763729022645363,-0.5809954459469909,1.0602111591554142,-0.060211159155414196,1.580995445946991,0.5962714828855479
Czechia,2010,-0.07974718670539929,0.8622214548060887,0.8256784760299374,-0.605569852009705,0.5360509147102089,0.46394908528979106,1.605569852009705,0.9205973919777566
Czechia,2011,-0.30831718015689663,0.7990007959520327,0.7287397568051208,-0.5744422709969336,0.40647445753341893,0.5935255424665811,1.5744422709969337,0.9858922338787222
Czechia,2012,-0.41127663666658,0.4414089443087767,0.48329916983164795,-0.6448889017100479,0.17114382582461488,0.8288561741753852,1.6448889017100479,1.1552692651892502
Czechia,2013,-0.3021396127663153,0.6369978576385135,0.759677645919424,-0.6203144956473333,0.36484529693054074,0.6351547030694593,1.6203144956473334,1.029218620100609
Czechia,2014,-0.5018809583951014,0.07393886471957473,0.6029256744069542,-0.5023573465463061,0.05832786024380918,0.9416721397561908,1.5023573465463063,1.165946222472237
Czechia,2015,-0.34950096276076986,0.39004215898985617,0.5616751555878833,-0.34835773521996416,0.2007387839389899,0.7992612160610101,1.348357735219964,1.0188998237245916
Czechia,2016,-0.23624556060011817,0.3110163354222858,0.4317360213078093,-0.056741449942423444,0.16883559870999232,0.8311644012900077,1.0567414499424235,0.921395220750974
Czechia,2017,-0.4359869062289039,-0.20660280894529987,-0.13339608651346402,0.4396615525244009,-0.25866193389588926,1.2586619338958893,0.560338447475599,0.9793325393277732
Czechia,2018,-0.3103763692870903,-0.09201536477232299,-0.5170259115308248,0.7329161315394559,-0.3064725485300794,1.3064725485300794,0.2670838684605441,0.8907170765022653
Czechia,2019,-0.38862555623444905,-0.20462716335611061,-0.3891493031917046,1.1424895659180245,-0.3274673409274214,1.3274673409274214,-0.14248956591802453,0.739484578189243
Czechia,2020,-0.6110179822953657,-0.6748308135831542,-0.8614677436700681,1.5324034754464202,-0.7157721798495293,1.7157721798495293,-0.5324034754464202,0.8165019177311494
Czechia,2023,-0.2753701540737974,-0.8822736004480263,-0.8284673286148112,3.3083138869118924,-0.6620370277122116,1.6620370277122116,-2.3083138869118924,0.07389666186256993
Denmark,2005,0.1014614567516435,-1.125278007918305,0.6998643936317709,0.5115007329144015,-0.1079840525116302,1.1079840525116302,0.48849926708559854,0.8601901383412176
Denmark,2006,0.5318319849621203,-0.9514211960696504,0.4585488585402057,0.1657388396120143,0.012986549144225201,0.9870134508557749,0.8342611603879857,0.9259125346686592
Denmark,2007,0.7336325197210997,-0.7281732444912641,0.6214884078755365,-0.08999881281396367,0.20898256103512403,0.791017438964876,1.0899988128139637,0.910609988504511
Denmark,2008,0.17353307630842196,-0.9652507151939748,0.7328648086870275,-0.40750013914422945,-0.01961761006617509,1.0196176100661751,1.4075001391442294,1.1747706216973968
Denmark,2009,0.63273225234161,-1.0146418549237062,0.9700552918966863,-0.9320817938962999,0.19604856310486338,0.8039514368951366,1.9320817938963,1.255203579695602
Denmark,2010,0.40828063715049995,-0.9968610446210031,0.4750490660678341,-0.604750705140948,-0.037843780467556376,1.0378437804675564,1.604750705140948,1.264606550336913
Denmark,2011,0.3362090175937215,-0.8368337518966732,0.8545538392032878,-0.7313908110508013,0.117976368300112,0.882023631699888,1.7313908110508014,1.2217705034402533
Denmark,2012,0.5318319849621203,-1.5144801889885884,-0.28396048020307346,-0.8306714115441663,-0.42220289474318057,1.4222028947431806,1.8306714115441665,1.585590301463575
Denmark,2013,0.3320906393333348,-1.3761849977453406,-0.5190884374717782,-0.6063889988784621,-0.5210609319612614,1.5210609319612614,1.606388998878462,1.5551921587281416
Denmark,2014,0.45152360888456716,-1.1825717300047933,-0.2715853245573522,-0.4908892903837062,-0.33421114855919276,1.3342111485591928,1.490889290383706,1.396882405288998
Denmark,2015,0.2003025350009399,-1.1371318814534404,-0.4303998220107758,-0.2138538193700425,-0.4557430561544254,1.4557430561544253,1.2138538193700426,1.3589873614406722
Denmark,2016,0.5297727958319269,-1.156888337345333,-0.3891493031917046,-0.09573284089526399,-0.3387549482350369,1.338754948235037,1.095732840895264,1.2415461052991277
Denmark,2017,0.9086635957875618,-0.9158595754642435,-0.5727141119365707,0.08939435144384948,-0.19330336387108413,1.1933033638710842,0.9106056485561506,1.0802242777451108
Denmark,2018,0.844828732751558,-0.7558322827399135,-0.5706515859956173,0.2461790621239653,-0.1605517119946576,1.1605517119946576,0.7538209378760348,0.9978594023472085
Denmark,2019,0.7851122479759415,-0.8822736004480263,-0.6902780905709232,0.29778531485566473,-0.2624798143476693,1.2624798143476692,0.7022146851443353,1.0383737626663356
Denmark,2020,0.5153584719205709,-0.6037075723723406,-0.7913418616776474,0.5060124488937287,-0.2932303207098057,1.2932303207098057,0.49398755110627135,0.9735332128683919
Denmark,2023,-0.14770042800179042,-0.8802979548588367,-0.9150934181348606,0.8937965765633578,-0.6476972669984958,1.6476972669984957,0.10620342343664224,1.0310997295737543
Estonia,2005,0.6057053950078183,0.9410003226750105,2.073506670306837,-0.054447838709904155,1.2067374626632221,-0.20673746266322213,1.054447838709904,0.29773665788602843
Estonia,2006,0.2003025350009399,0.7387436054817604,1.430772023957186,0.7440565289545525,0.7899393881466287,0.21006061185337133,0.25594347104544746,0.22841375553020177
Estonia,2007,0.620377117560448,2.3459312922872217,2.2900718941069598,1.0435366241721615,1.7521267679848764,-0.7521267679848764,-0.04353662417216153,-0.4686907104597905
Estonia,2008,-0.017971512799588814,1.7473106787628763,1.205183249165391,0.11495173374907194,0.9781741383762261,0.021825861623773868,0.885048266250928,0.36711482347463553
Estonia,2009,-0.8272328409657008,-0.14930908685881128,0.6483012451079322,-1.8424816238329813,-0.10941356090552663,1.1094135609055267,2.842481623832981,1.8026407860765086
Estonia,2010,-0.9940271605113876,0.5243860590547259,1.3103720721540222,-0.9954837615381021,0.2802436568991202,0.7197563431008798,1.995483761538102,1.2300473104757688
Estonia,2011,-0.8169368953147325,1.749286324352066,0.6029256744069542,-0.7217248779994672,0.5117583678147626,0.4882416321852374,1.7217248779994672,0.9816349305109293
Estonia,2012,-0.7531020322787286,-0.24414007513989563,0.8463037354394729,-0.5292253638415403,-0.05031279065971713,1.0503127906597172,1.5292253638415403,1.2418778199324465
Estonia,2013,-1.3749771495972163,-0.6451961297453152,0.2461086866219896,-0.14062208930315476,-0.5913548642401807,1.5913548642401807,1.1406220893031547,1.4110617542653703
Estonia,2014,-1.2658401256969518,-0.21845668248043537,0.4750490660678341,0.38281275983265567,-0.3364159140365177,1.3364159140365177,0.6171872401673444,1.0487244444888484
Estonia,2015,-1.512942821320192,-0.7420027636155888,0.22135837533054706,0.5412357642502856,-0.6778624032017446,1.6778624032017446,0.45876423574971437,1.1902231362209326
Estonia,2016,-1.329674988732956,-0.7182950165453175,-0.43246234795172905,0.7045736498804589,-0.8268107844100007,1.8268107844100006,0.2954263501195411,1.2142570106938166
Estonia,2017,-1.7023882212980095,-0.7716374474534275,-0.9109683662529533,0.9599836435589336,-1.1283313450014634,2.128331345001463,0.04001635644106638,1.2930053495773044
Estonia,2018,-1.8382947038907915,-1.0976189696696552,-0.8882805809024642,1.2419339957851399,-1.2747314181543037,2.2747314181543037,-0.24193399578513985,1.2680652525785263
Estonia,2019,-2.0112665908270597,-0.8763466636804582,-1.111033382525448,1.6046522292708003,-1.332882212344322,2.3328822123443222,-0.6046522292708003,1.1578684356982731
Estonia,2020,-1.9021295669267952,-1.1628152741129008,-1.1667215829311937,1.9042961538621614,-1.4105554746569633,2.410555474656963,-0.9042961538621614,1.0846148232493134
Estonia,2023,-1.6179614669600695,-0.8032477768804559,-1.455475214664691,4.631236079954667,-1.292228152835072,2.2922281528350723,-3.6312360799546672,-0.07715754028082356
Finland,2005,0.38562955671837,0.06010934559524997,1.5640627628913097,0.09570178233327928,0.6699338884016433,0.33006611159835675,0.9042982176667207,0.5597589540257024
Finland,2006,0.33414982846352814,0.008742560276329444,1.2670590273939981,-0.89997123664102,0.5366504720446186,0.4633495279553814,1.89997123664102,1.0379982114296369
Finland,2007,0.2600190197765564,0.26360084128174344,0.9019919358452195,-0.755146070244758,0.47520393230117314,0.5247960676988268,1.7551460702447579,1.0169360687171993
Finland,2008,0.2723741545577177,0.17667243535741609,0.9638677140738259,-0.8154352797852835,0.4709714346629865,0.5290285653370135,1.8154352797852835,1.0435912511163214
Finland,2009,0.08704713284028821,-0.45553415318314644,1.1391824190548776,-0.7631737095585783,0.25689846623733975,0.7431015337626603,1.7631737095585782,1.1511304040810275
Finland,2010,-0.22800880407934354,-0.6847090415291005,0.0707939816409376,-0.4944935366062371,-0.2806412879891688,1.2806412879891689,1.494493536606237,1.366182187435996
Finland,2011,-0.35361934102115716,-0.8111503592372129,-0.1870217609782565,-0.4441979188645493,-0.4505971537455422,1.4505971537455422,1.4441979188645493,1.4480374597931451
Finland,2012,-0.1229901584394665,-0.8111503592372129,0.027480936880913156,-0.3781746812427241,-0.30221986026525544,1.3022198602652555,1.378174681242724,1.332601788656243
Finland,2013,-0.4380460953590973,-0.87239537250208,-0.3293360509040515,-0.35917047388755835,-0.5465925062550763,1.5465925062550763,1.3591704738875583,1.471623693308069
Finland,2014,-0.6419058192482706,-0.8447363342534302,-0.7583414466223903,-0.3973427179716411,-0.7483278667080304,1.7483278667080304,1.3973427179716411,1.6079338072134748
Finland,2015,-0.8540022996582184,-0.935616031356136,-0.7026532462166446,-0.3906257136478331,-0.8307571924103331,1.8307571924103332,1.390625713647833,1.6547046009053332
Finland,2016,-0.8169368953147325,-1.1884986667723612,-0.8408424842605327,-0.32574928164226685,-0.948759348782542,1.9487593487825419,1.325749281642267,1.6995553219264319
Finland,2017,-0.5945444692538161,-1.0383496019939773,-0.9419062553672567,-0.2918366012757215,-0.85826677553835,1.85826677553835,1.2918366012757214,1.6316947058332985
Finland,2018,-0.5945444692538161,-0.9415429681237041,-0.8511551139653003,-0.26300263149547065,-0.7957475171142735,1.7957475171142736,1.2630026314954708,1.5826495628667523
Finland,2019,-0.8148777061845388,-0.8230042327723484,-0.9089058403119997,-0.2566132859191652,-0.8489292597562956,1.8489292597562956,1.2566132859191652,1.6120028702214435
Finland,2020,-0.42363177144774194,-0.7795400298101849,-0.6119021048146881,-0.17174967031592556,-0.6050246353575384,1.6050246353575384,1.1717496703159256,1.4317146493408932
Finland,2023,1.4378752022473342,-0.7953451945236989,0.07285650758189115,-0.3372173378048675,0.2384621717685088,0.7615378282314912,1.3372173378048675,0.9918096320608418
France,2005,0.24766388499539374,0.3525048927952601,0.7204896530413066,0.395263792237764,0.44021947694398683,0.5597805230560131,0.604736207762236,0.5777627969385023
France,2006,0.27031496542752437,0.054182408827682216,0.5616751555878833,-0.4831893098173891,0.29539084328102994,0.7046091567189701,1.4831893098173892,1.0160412179583378
France,2007,0.1014614567516435,0.14111081475200957,0.6235509338164896,-0.3696555538076499,0.2887077351067142,0.7112922648932858,1.3696555538076498,0.9746375804590315
France,2008,-0.12093096930927251,-0.18684635305340735,0.37604782090206357,-0.4286341283581639,0.02275683284646124,0.9772431671535388,1.4286341283581638,1.1577995516353887
France,2009,-0.048859349752494056,-0.362678810491251,0.39254802842969194,-0.7466269428096842,-0.006330043938017708,1.0063300439380176,1.7466269428096841,1.3024488034866843
France,2010,0.03350821545525303,-0.25994523985340995,0.7039894455136786,-0.4263405171256439,0.15918414037184056,0.8408158596281594,1.4263405171256438,1.0750257226271531
France,2011,0.019093891543896423,-0.5641946605885556,0.5183621108278582,-0.22073465306760245,-0.008912886072266998,1.008912886072267,1.2207346530676024,1.093641592870401
France,2012,0.13234929370454876,-0.3923134943290901,0.6194258819345823,-0.3413130721486529,0.11982056043668032,0.8801794395633197,1.3413130721486528,1.0646328925974529
France,2013,-0.08592475409597995,-0.39428913991827935,1.0174933885386181,-0.42814264023690934,0.17909316484145296,0.820906835158547,1.4281426402369093,1.063801157189892
France,2014,0.13440848283474208,-0.2678478222101667,0.5864254668793255,-0.47319571801855137,0.15099537583463363,0.8490046241653664,1.4731957180185513,1.0986810617066403
France,2015,0.18382902195938994,-0.362678810491251,0.5224871627097656,-0.5144807202039112,0.11454579139263484,0.8854542086073651,1.5144807202039112,1.1370648132459835
France,2016,0.266196587167137,0.05813370000606072,0.7493650162146562,-0.4425596251270344,0.357898434462618,0.6421015655373821,1.4425596251270343,0.9622847893732429
France,2017,0.05204091762699565,-0.21450539130205687,0.5286747405326266,-0.30166636370080796,0.1220700889525218,0.8779299110474782,1.301666363700808,1.04742449210881
France,2018,0.18588821108958392,0.07789015589795323,0.5369248442964402,-0.2064814975512287,0.26690107042799244,0.7330989295720076,1.2064814975512288,0.9224519567636962
France,2019,0.27443334368791167,0.25569825892498643,0.8153658463251701,-0.08295414974265172,0.4484991496460227,0.5515008503539773,1.0829541497426518,0.7640821701094471
France,2020,0.9663208914329843,1.008419228406094,1.3660602725597688,0.13723252857926604,1.1136001307996157,-0.11360013079961573,0.862767471420734,0.2769469100885241
France,2023,0.8551246784025259,0.5520450973033747,0.6978018676908176,0.5258358031176515,0.7016572144655727,0.2983427855344273,0.47416419688234845,0.36867135007359575
Germany,2005,1.4769997957210141,1.1684465211304236,-0.30458573961260893,0.7157140472955555,0.7802868590796096,0.2197131409203904,0.28428595270444446,0.24554226563401202
Germany,2006,1.9217846478428462,1.5062819168817871,0.008918203412330919,-0.7988885130363894,1.145661589378988,-0.1456615893789881,1.7988885130363894,0.632158451587163
Germany,2007,1.5717224957099225,1.0973232799196107,0.027480936880913156,-0.8906329623371887,0.898842237503482,0.10115776249651798,1.8906329623371887,0.8169478424327863
Germany,2008,1.5449530370174047,1.2968634844277258,0.16154512304289392,-0.7939736318238465,1.0011205481626748,-0.001120548162674817,1.7939736318238464,0.7169171238319336
Germany,2009,1.5676041174495352,1.3798405991736744,0.20898321968482544,-0.7792289881862179,1.0521426454360117,-0.05214264543601166,1.779228988186218,0.6804060080128802
Germany,2010,1.534657091366436,1.103250216687178,0.06460640381807696,-0.7448248196984184,0.9008379039572304,0.0991620960427696,1.7448248196984184,0.7574271855050291
Germany,2011,1.619083845704377,1.4647933595088125,0.18835796027529,-0.5990166770596477,1.0907450551628266,-0.0907450551628266,1.5990166770596477,0.5851596377261632
Germany,2012,1.8229435695935499,1.5912346772169252,0.29767183514582823,-0.4925275841212204,1.237283360652101,-0.23728336065210098,1.4925275841212204,0.4546410172572276
Germany,2013,1.7426351935159974,1.5220870815953012,0.46473643636306605,-0.39750654734539237,1.2431529038247882,-0.24315290382478816,1.3975065473453925,0.41311087664328416
Germany,2014,1.6973330326517362,1.6109911331088178,0.33685982802394593,-0.2926557481444793,1.2150613312615,-0.21506133126149996,1.2926557481444794,0.3880255005008918
Germany,2015,1.7488127609065787,1.7038464758007128,0.4482362288354377,-0.10425196833033745,1.3002984885142432,-0.30029848851424323,1.1042519683303373,0.26152169422358906
Germany,2016,1.5202427674550807,1.6623579184277382,0.5080494811230908,0.2103004292724025,1.2302167223353033,-0.23021672233530333,0.7896995707275976,0.17774979488985707
Germany,2017,1.76116789568774,1.9290700729682881,0.5204246367688121,0.42491690888677264,1.40355420180828,-0.40355420180828006,0.5750830911132274,-0.01209928463967705
Germany,2018,1.983560321748656,1.8559711861682855,0.4296734953668558,0.7050651380017127,1.4230683344279325,-0.42306833442793246,0.29493486199828733,-0.13586705585744452
Germany,2019,1.7405760043858034,1.9764855671088308,0.3595476133744349,0.9442560236787969,1.3588697282896895,-0.35886972828968955,0.05574397632120309,-0.19302424644533248
Germany,2020,0.7727571131947789,-0.11374746625340475,-0.7665915503862046,1.3358082269447076,-0.03586063448161014,1.0358606344816101,-0.3358082269447076,0.487193089911083
Germany,2023,1.1640030479315764,0.22606357508714736,-0.382961725368844,1.488169544533536,0.33570163254995994,0.66429836745004,-0.4881695445335359,0.2033112026566096
Hungary,2007,-0.21977204755856888,0.11147613091417082,0.6544888229307931,1.2519275875839768,0.182064302095465,0.817935697904535,-0.2519275875839768,0.38999038370913025
Hungary,2008,-0.6439650083784643,-0.35872751931287283,0.5327997924145333,-0.3044514630545818,-0.15663091175893454,1.1566309117589346,1.3044514630545818,1.2157591322771935
Hungary,2009,-0.42775014970812897,-0.03274599709664514,0.6214884078755365,-0.6088464394847334,0.05366408702358746,0.9463359129764125,1.6088464394847333,1.211340123579741
Hungary,2010,-0.6851487909823375,-0.13152827655610802,0.5101120070640444,-0.6406293379925108,-0.10218835349146704,1.1021883534914672,1.6406293379925108,1.3175647472918846
Hungary,2011,-1.1361112104947508,-0.02879470591826664,0.2935467832639215,-0.7657949795386009,-0.29045304438303204,1.290453044383032,1.765794979538601,1.4805898184452597
Hungary,2012,-1.1464071561457192,-0.1730168339290826,0.17392027868861518,-0.8840797873871313,-0.3818345704620622,1.3818345704620623,1.8840797873871313,1.58273265723209
Hungary,2013,-0.43392771709871025,0.47104362814661577,0.6565513488717464,-0.9415838975738824,0.23122241997321727,0.7687775800267828,1.9415838975738824,1.2379001070456226
Hungary,2014,-0.14564123887159644,0.6073631738006744,1.118557159645342,-0.709765333715613,0.5267596981914734,0.4732403018085266,1.709765333715613,0.9678503145713611
Hungary,2015,-0.2012393453868256,0.6409491488168914,0.4399861250716235,-0.17191349968967684,0.29323197616722974,0.7067680238327703,1.1719134996896767,0.8928262141755329
Hungary,2016,-0.5492423083895556,0.4651166913790483,0.05016872223140215,0.2863172586930648,-0.011318964926368365,1.0113189649263683,0.7136827413069352,0.892264475478595
Hungary,2017,-0.876653380090349,0.16679420741146983,-0.5232134893536857,0.7361927190144842,-0.41102422067752165,1.4110242206775216,0.26380728098551576,0.9521374448007193
Hungary,2018,-1.395569040899153,-0.36465445608044056,-0.8841555290205573,1.3890527734139217,-0.8814596753333835,1.8814596753333834,-0.38905277341392175,0.9732546958344613
Hungary,2019,-1.0290333757246801,0.19840453683849818,-0.9645940407177457,2.268980339832838,-0.5984076265346426,1.5984076265346427,-1.2689803398328379,0.4514524399876505
Hungary,2020,-1.0084414844227436,0.15889162505471316,-0.7500913428585763,2.355646078547342,-0.5332137340755355,1.5332137340755354,-1.355646078547342,0.37766980902638436
Hungary,2023,-1.3461485017745052,0.249771322157419,-0.8057795432643223,5.5747294433891375,-0.6340522409604695,1.6340522409604694,-4.5747294433891375,-0.8494604327793736
Iceland,2005,-1.0537436452870041,-1.1400953498372242,-1.5864456119152417,-0.21713040684507084,-1.2600948690131568,2.260094869013157,1.2171304068450708,1.8429090841459224
Iceland,2006,-0.9054820279130602,-0.8407850430750516,-1.7349474796638975,-0.7286057116970268,-1.1604048502173365,2.1604048502173363,1.7286057116970268,1.9876851948092127
Iceland,2007,-0.9981455387717753,-0.5236939260101757,-1.5586015117123686,-0.5896784027558164,-1.0268136588314398,2.02681365883144,1.5896784027558164,1.8519595564011904
Iceland,2008,-1.0197670246388089,-0.7103924341885605,-1.558601511712369,-0.4535361931683805,-1.0962536568465795,2.0962536568465797,1.4535361931683806,1.8391666713752999
Iceland,2009,-1.1525847235363005,-0.5533286098480146,-1.3729741770265491,-1.0264475131771218,-1.0262958368036215,2.0262958368036212,2.026447513177122,2.0263565073530216
Iceland,2010,-0.8066409496637642,-0.5503651414642308,-1.5555077228009384,-1.0049858652156851,-0.9708379379763112,1.9708379379763112,2.0049858652156853,1.9844971088720609
Iceland,2011,-0.9301922974753841,-0.5325843311615273,-1.778260524423922,-0.7497397009109612,-1.0803457176869444,2.0803457176869444,1.7497397009109612,1.9481033109765513
Iceland,2012,-0.9271035137800938,-0.9948853990318138,-1.4596002665465981,-0.5084190333751091,-1.127196393119502,2.127196393119502,1.508419033375109,1.8796854492217447
Iceland,2013,-0.7911970311873116,-0.7281732444912641,-1.7968232578925039,-0.34475348899743324,-1.1053978445236932,2.105397844523693,1.3447534889974333,1.8011401023131892
Iceland,2014,-0.9096004061734475,-0.7815156753993738,-1.7586665279848634,-0.02119047583836393,-1.1499275365192283,2.149927536519228,1.0211904758383639,1.6984327122468823
Iceland,2015,-1.1731766148382368,-0.49307141937774224,-1.7071033794610246,0.27337473816670194,-1.1244504712256678,2.1244504712256678,0.726625261833298,1.5653203874687198
Iceland,2016,-1.3296749887329558,-1.2754270726966885,-1.806104624626795,0.6818013669290109,-1.4704022286854797,2.4704022286854794,0.31819863307098906,1.6095207904396833
Iceland,2017,-1.366740393076442,-1.0502034755291132,-1.8370425137410986,1.679358423701451,-1.417995460782218,2.417995460782218,-0.6793584237014509,1.1790539069887505
Iceland,2018,-1.0043231061623559,-1.2003525403074966,-1.5482888820076008,1.9172386743885235,-1.250988176159151,2.250988176159151,-0.9172386743885235,0.983697435940081
Iceland,2019,-1.2678993148271458,-0.7143437253669392,-1.5936644527085793,2.1007275729901216,-1.191969164300888,2.191969164300888,-1.1007275729901216,0.8748904693844839
Iceland,2020,-1.5603041713146464,-0.8012721312912663,-1.7937294689810737,2.5052222967823954,-1.3851019238623288,2.3851019238623286,-1.5052222967823954,0.8289722356044388
Ireland,2005,-0.646024197508658,-0.975128943139921,0.9494300324871507,2.525619053814448,-0.2239077027204761,1.223907702720476,-1.5256190538144478,0.12409700010650648
Ireland,2006,-0.26713339755302273,-0.7499053459723458,1.3103720721540222,1.2945232247593483,0.09777777620955123,0.9022222237904488,-0.29452322475934833,0.4235240443705299
Ireland,2007,-0.6007220366443972,-0.6451961297453152,1.1226822115272492,1.53338645168893,-0.04107865162082103,1.041078651620821,-0.53338645168893,0.41129261029692055
Ireland,2008,-0.8272328409657008,-0.9020300563399187,0.31210951673250303,0.9375390193549882,-0.4723844601910388,1.4723844601910387,0.06246098064501182,0.908415068372628
Ireland,2009,-0.9178371626942222,-1.4512595301345323,0.8751790986128232,-0.18796877831731748,-0.4979725314053105,1.4979725314053105,1.1879687783173174,1.3739710301701133
Ireland,2010,-1.2781952604781137,-1.500650669864264,0.09760681887333401,-0.6209698131423399,-0.8937463704896813,1.8937463704896813,1.6209698131423398,1.7846357475507448
Ireland,2011,-1.1011049952814587,-1.6547510258210258,-0.011707055997204532,-1.2563001245503742,-0.9225210256998965,1.9225210256998966,2.256300124550374,2.0560326652400875
Ireland,2012,-1.4944101191484491,-1.6290676331615657,0.019230833117098646,-1.5738014508806402,-1.0347489730643054,2.034748973064305,2.57380145088064,2.2503699641908392
Ireland,2013,-1.3893914735085722,-1.502626315453453,0.2522962644448502,-1.3026638373220283,-0.8799071748390582,1.8799071748390581,2.3026638373220285,2.0490098398322463
Ireland,2014,-1.401746608289734,-1.6725318361237291,0.019230833117098646,-0.6466910248213136,-1.0183492037654547,2.018349203765455,1.6466910248213136,1.8696859321877985
Ireland,2015,-1.3708587713368288,-1.4927480875075068,0.1924830121571971,-0.401110793567924,-0.8903746155623794,1.8903746155623793,1.401110793567924,1.694669086764597
Ireland,2016,-1.4799957952370935,-1.4729916316156142,-0.10245819739916084,-0.22908995112892533,-1.0184818747506228,2.0184818747506226,1.2290899511289253,1.7027251053019437
Ireland,2017,-1.216419586572304,-1.2398654520912817,-0.1993969166239778,0.1985047143623,-0.8852273184291878,1.885227318429188,0.8014952856377,1.4517345053125927
Ireland,2018,-1.1958276952703675,-1.1549126917561439,-0.024082211642925802,0.5751484446168317,-0.7916075328898123,1.7916075328898122,0.4248515553831683,1.2449051418871546
Ireland,2019,-1.3893914735085722,-1.125278007918305,-0.20145944256493134,0.543857034230309,-0.9053763079972694,1.9053763079972694,0.45614296576969104,1.3256829711062381
Ireland,2020,-0.9219555409546095,-0.9237621578210005,0.14298238957431167,0.5241975093801373,-0.5675784364004327,1.5675784364004328,0.4758024906198627,1.1308680580882047
Ireland,2023,-0.9610801344282891,-1.2181333506102,-0.23858490950209515,1.6580606051137652,-0.8059327981801948,1.8059327981801947,-0.6580606051137652,0.8203354368626107
Italy,2010,0.5050625262696024,0.17272114417903758,-0.04883252293436834,1.5856480219156346,0.2096503825047572,0.7903496174952428,-0.5856480219156346,0.2399505617308918
Italy,2011,0.15088199587629136,0.5224104134655363,0.07079398164093793,-0.12882637439305153,0.2480287969942552,0.7519712030057448,1.1288263743930516,0.9027132715606675
Italy,2012,-0.2650742084228294,0.2221122839087692,0.23992110879912895,-0.28446427945690766,0.06565306142835624,0.9343469385716437,1.2844642794569077,1.0743938749257493
Italy,2013,-0.2671333975530234,0.25964955010336527,0.3987356062525526,-0.5793571522094768,0.13041725293429815,0.8695827470657018,1.579357152209477,1.153492509123212
Italy,2014,-0.300080423636122,0.4097986148817487,0.8071157425613562,-0.7055057699980756,0.30561131126899427,0.6943886887310058,1.7055057699980756,1.0988355212378338
Italy,2015,0.02527145893447773,0.6093388193898633,1.3124345980949768,-0.810356569198989,0.6490149588064392,0.3509850411935608,1.810356569198989,0.934733652395732
Italy,2016,-0.31655393667767096,0.15889162505471316,0.47092401418592666,-0.7349950572733326,0.10442056752098962,0.8955794324790104,1.7349950572733326,1.2313456823967392
Italy,2017,-0.9384290539961588,-0.36070316490206206,0.09966934481428723,-0.7906970443488182,-0.3998209580279779,1.399820958027978,1.7906970443488182,1.556171392556314
Italy,2018,-1.2617217474365645,-0.4318264061128751,-0.11483335304488211,-0.8005268067739036,-0.6027938355314406,1.6027938355314406,1.8005268067739038,1.6818870240284258
Italy,2019,-1.1525847235363003,-0.4081186590426044,-0.5500263265860817,-0.7956119255613607,-0.7035765697216622,1.7035765697216623,1.7956119255613607,1.7403907120575415
Italy,2020,-0.7572204105391163,0.17469678976822683,-0.6696528311613877,-0.7055057699980756,-0.41739215064409246,1.4173921506440925,1.7055057699980756,1.5326375983856857
Italy,2023,-1.2493666126554026,-0.7953451945236989,-1.0429700264739807,-0.47778294048359204,-1.0292272778843607,2.0292272778843605,1.477782940483592,1.8086495429240532
Latvia,2006,-0.17035150843392036,1.5536974110223292,1.450623836138864,1.9886682813441459,0.9446565795757577,0.05534342042424234,-0.9886682813441459,-0.36226126028311295
Latvia,2007,0.40828063715049995,2.85564785429805,2.4014482949184517,2.0560021539559825,1.8884589287890006,-0.8884589287890006,-1.0560021539559825,-0.9554762188557933
Latvia,2008,0.9045452175271739,2.9919673999521086,2.521074799493758,1.537154527285212,2.13919580565768,-1.13919580565768,-0.5371545272852121,-0.8983792943086929
Latvia,2009,-0.05915529540346269,2.1009512392277534,1.7414399938133147,-1.0667495391199728,1.2610786458792018,-0.2610786458792018,2.066749539119973,0.6700526281204682
Latvia,2010,0.0376265937156397,1.593210322806114,0.9989306550700359,-0.999579495881888,0.8765891905305966,0.12341080946940342,1.999579495881888,0.8738782840343973
Latvia,2011,-0.757220410539116,0.696267225314191,0.36161013931538843,-0.3409854134011497,0.10021898469682115,0.8997810153031789,1.3409854134011496,1.0762627745423672
Latvia,2012,-0.7160366279352425,1.3067417123736718,0.4874242217135554,-0.3652321607163612,0.35937643538399494,0.640623564616005,1.3652321607163613,0.9304670030561475
Latvia,2013,-0.7798714909712465,0.6705838326547304,0.4049231840754129,-0.0711584348325492,0.09854517525296559,0.9014548247470344,1.0711584348325491,0.9693362687812404
Latvia,2014,-0.4298093388383226,1.1546170020060986,0.27704657573629277,0.1293687186391977,0.33395141296802294,0.666048587031977,0.8706312813608024,0.7478816647635071
Latvia,2015,-0.7881082474920209,0.6784864150114874,-0.24477248732495613,-0.15241780421325726,-0.11813143993516322,1.1181314399351632,1.1524178042132573,1.1318459856464007
Latvia,2016,-0.7736939235806656,0.5599476796601324,-0.44483750359745067,0.35479793692116124,-0.21952791583932796,1.219527915839328,0.6452020630788388,0.9897975747351323
Latvia,2017,-0.6810304127219505,0.8701240371628457,-0.7315286093899942,0.7096523604667534,-0.18081166164969967,1.1808116616496998,0.2903476395332466,0.8246260528031185
Latvia,2018,-0.7963450040127958,0.8464162900925747,-0.8222797507919507,1.1379023434529838,-0.25740282157072397,1.257402821570724,-0.1379023434529838,0.6992807555612408
Latvia,2019,-0.9487249996471274,0.7021941620817591,-1.1172209603483088,1.5538651234078587,-0.4545839326378924,1.4545839326378924,-0.5538651234078587,0.6512043102195919
Latvia,2020,-0.9054820279130602,0.3327484369033676,-1.1997219979864506,1.6436436202236402,-0.5908185296653811,1.590818529665381,-0.6436436202236402,0.6970336697097725
Latvia,2023,-0.8972452713922856,0.25767390451417604,-1.1667215829311937,3.3060202756793715,-0.6020976499364344,1.6020976499364346,-2.3060202756793715,0.038850479690112016
Lithuania,2006,0.7964377881920065,0.38609086781147767,-0.4912443372689056,1.2927211016480828,0.23042810624485954,0.7695718937551405,-0.29272110164808285,0.34465469559385115
Lithuania,2007,0.63273225234161,0.6913281113412177,-0.6706840941318644,0.9237773519598682,0.21779208985032109,0.7822079101496789,0.07622264804013179,0.49981380530586006
Lithuania,2008,-0.01900110736468581,-0.08510060521016014,-1.0264698189463521,1.0238770993219908,-0.37685717717373274,1.3768571771737328,-0.02387709932199078,0.8165634665754433
Lithuania,2009,-0.1147534019186912,0.03936506690876268,-0.7201847167147497,-1.0053135239631876,-0.2651910172415594,1.2651910172415595,2.0053135239631876,1.5612400199302108
Lithuania,2010,-0.510117714915876,-0.1443699728858383,-0.9460313072491636,-0.8775266124370742,-0.5335063316836259,1.533506331683626,1.8775266124370742,1.6711144439850052
Lithuania,2011,-0.30625799102670265,0.2645886640763379,-1.0574077080606554,-0.44878514132958924,-0.3663590116703401,1.3663590116703401,1.4487851413295894,1.3993294635340399
Lithuania,2012,-0.5986628475142037,0.18852630889255192,-1.1605340051083333,-0.5675614372993742,-0.523556847909995,1.523556847909995,1.5675614372993742,1.5411586836657467
Lithuania,2013,-0.4895258236139391,0.43153071636283014,-0.9542814110129779,-0.5056339340213345,-0.33742550608802896,1.337425506088029,1.5056339340213345,1.4047088772613512
Lithuania,2014,-0.37215204319290013,0.17864808094660567,-1.2100346276912186,-0.21172403751127378,-0.46784619664583765,1.4678461966458376,1.2117240375112739,1.3653973329920122
Lithuania,2015,-1.0063822952925499,-0.34884929136692655,-1.5214760447752047,-0.12948169188805736,-0.9589025438115604,1.9589025438115604,1.1294816918880572,1.6271342030421592
Lithuania,2016,-1.2637809365667585,-0.33304412665341226,-1.6287273937047895,0.09201562142387273,-1.07518415230832,2.07518415230832,0.9079843785761272,1.6083042428154428
Lithuania,2017,-0.862239056178993,0.3287971457249891,-0.756278920681437,0.4860252652960553,-0.42990694371181365,1.4299069437118137,0.5139747347039447,1.0635340601086662
Lithuania,2018,-0.8457655431374437,0.5125321855195897,-1.558601511712369,0.7602756369559438,-0.6306116231100743,1.6306116231100742,0.2397243630440562,1.074256719083667
Lithuania,2019,-0.9178371626942222,0.04825547206011446,-1.7401037945162816,1.0541855334660053,-0.8698951617167965,1.8698951617167965,-0.0541855334660053,1.1002628836436759
Lithuania,2020,-0.4854074453535521,0.4374576531303982,-1.4843505778380408,1.4052718814153131,-0.5107667900203983,1.5107667900203983,-0.4052718814153131,0.7443513214461137
Lithuania,2023,-1.4429303908936078,-0.5819754708912588,-1.5957269786495327,4.063075811784718,-1.206877613478133,2.2068776134781327,-3.063075811784718,0.0988962433729923
Luxembourg,2007,0.8283552197100087,0.17469678976822683,-0.6572776755156664,0.3367767058085046,0.1152581113208564,0.8847418886791436,0.6632232941914954,0.7961344508840844
Luxembourg,2008,0.6039036045188987,0.47104362814661577,-0.5459012747041744,-0.8878478629834146,0.17634865265378005,0.8236513473462199,1.8878478629834146,1.2493299536010978
Luxembourg,2009,0.5565422545244442,0.4809218560925617,-0.49433812618033574,-0.9941731265480905,0.1810419948122234,0.8189580051877766,1.9941731265480906,1.2890440537319023
Luxembourg,2010,-0.35773771928154413,-0.49109577378855296,-0.3499613103135869,-0.7343397397783271,-0.3995982677945613,1.3995982677945613,1.7343397397783271,1.5334948565880677
Luxembourg,2011,-0.6316098735973024,-0.5108522296804457,-0.22208470197446678,-0.6535718585188732,-0.45484893508407165,1.4548489350840716,1.6535718585188732,1.5343381044579922
Luxembourg,2012,0.6759752240756771,0.4611654002006692,0.6441761932260255,-0.5169381608101832,0.5937722725007906,0.40622772749920943,1.516938160810183,0.8505119008235988
Luxembourg,2013,0.8674798131836886,0.020596433811464636,0.272921523854386,-0.34491731837118456,0.3869992569498464,0.6130007430501536,1.3449173183711847,0.905767373178566
Luxembourg,2014,1.2607849370506787,0.7160236812060835,1.2381836642206479,-0.20795596191499158,1.0716640941591367,-0.07166409415913666,1.2079559619149915,0.4401839282705146
Luxembourg,2015,1.3493300696490058,1.1131284446331247,0.9556176103100117,-0.003005415351955279,1.1393587081973806,-0.1393587081973806,1.0030054153519552,0.3175869412223537
Luxembourg,2016,1.0816354827238293,0.5915580090871604,0.36161013931538843,0.2281578310113086,0.678267877042126,0.321732122957874,0.7718421689886914,0.501776141370201
Luxembourg,2017,1.4831773631115954,1.2395697623412372,0.35748508743348134,0.4406445287669093,1.0267440709621047,-0.026744070962104738,0.5593554712330907,0.20769574591597345
Luxembourg,2018,0.7398100871116803,0.34855360161688187,0.4069857100163668,0.7561799026121583,0.498449799581643,0.501550200418357,0.24382009738784172,0.39845815920615085
Luxembourg,2019,0.7912898153665222,0.3880665134006669,0.03573104064472733,1.2519275875839775,0.4050291231373055,0.5949708768626945,-0.2519275875839775,0.25621149108402563
Luxembourg,2020,0.8736573805742692,0.1312325868060633,-0.08595798987153248,2.0284788191657426,0.30631065916960004,0.6936893408303999,-1.0284788191657426,0.004822076831942856
Luxembourg,2023,2.7907624607845736,-0.6372935473885581,-0.308710791494516,2.391852370146408,0.6149193739671664,0.38508062603283355,-1.3918523701464078,-0.32569257243886296
Malta,2005,0.23427915564913546,1.7996652868763916,-0.6149958937261186,-0.7607162689523067,0.47298284959980275,0.5270171504001973,1.7607162689523066,1.020496797821041
Malta,2006,1.1145825088069279,3.631088748054834,-0.49433812618033574,-1.0400453511984904,1.4171110435604755,-0.41711104356047546,2.0400453511984904,0.565751514343111
Malta,2007,0.9138115686130455,2.46940914161155,-0.5902455824346761,-0.5164466726889286,0.9309917092633064,0.06900829073669357,1.5164466726889287,0.6479836435175877
Malta,2008,1.2474002077044197,2.626472965952096,-0.5809642157003849,-0.3557300570387787,1.0976363193187102,-0.0976363193187102,1.3557300570387787,0.48371023122428536
Malta,2009,2.062839103261113,3.3465957832115807,-0.5376511709403605,-0.7479375777996958,1.6239279051774442,-0.6239279051774442,1.747937577799696,0.3248182880134119
Malta,2010,1.7138065456932854,3.3880843405845553,-0.7170909278033194,-0.626212353102385,1.4615999861581737,-0.46159998615817366,1.6262123531023849,0.3735249495460498
Malta,2011,2.29140909671261,3.574782848762941,-0.5283698042060694,-0.709765333715613,1.7792740470898272,-0.7792740470898272,1.709765333715613,0.2163417052323489
Malta,2012,1.852801811981358,3.0650662867521112,-0.3210859471402373,-0.543478519357914,1.532260717197744,-0.532260717197744,1.543478519357914,0.2980349774245192
Malta,2013,2.374806256485453,3.174714616952115,-0.04264494511150771,-0.6122868563335138,1.83562530944202,-0.8356253094420201,1.6122868563335138,0.14353955686819353
Malta,2014,1.1295851724697683,1.9668895742470545,-0.43511416701866934,-0.4822063335748801,0.8871201932327178,0.11287980676728215,1.48220633357488,0.6606104174903213
Malta,2015,0.19500747723758477,1.377582718500316,-0.9469152469381437,-0.24104949541277912,0.2085583162665857,0.7914416837334143,1.241049495412779,0.9712848084051602
Malta,2016,-0.001240601116765773,0.7831956312385181,-1.0728766526178073,-0.060181866791203784,-0.09697387416535168,1.0969738741653516,1.0601818667912037,1.0822570712156925
Malta,2017,0.737750897981487,1.5151723220331388,-0.4603064481546021,0.12986020676045154,0.5975389239533412,0.4024610760466588,0.8701397932395485,0.5895325629238147
Malta,2018,0.8674798131836879,2.0811947833358615,-0.5654952711432332,0.35872984189119544,0.7943931084587721,0.2056068915412279,0.6412701581088045,0.37987219816825857
Malta,2019,1.1114937251116375,2.0426696943466705,-0.506713281826057,0.6111909068421457,0.8824833792107502,0.11751662078924985,0.3888090931578543,0.22603360973669162
Malta,2020,1.7663158685132243,2.1878796451520808,-0.7449350280061923,0.7117821423255214,1.0697534952197043,-0.06975349521970431,0.2882178576744786,0.07343504593796886
Malta,2023,2.1235851826018255,2.142439796600728,-0.9831567741863277,1.602030959290777,1.0942894016720752,-0.09428940167207522,-0.6020309592907771,-0.297386024719556
Netherlands,2005,1.748812760906578,-0.09794230153989074,0.9164296174318941,1.1816447862446149,0.8557666922661937,0.14423330773380627,-0.1816447862446149,0.013882070142437794
Netherlands,2006,1.454348715288883,-0.040648579453402146,0.6008631484660006,-0.26103667901045396,0.6715210947671605,0.3284789052328395,1.261036679010454,0.7015020147438853
Netherlands,2007,2.084460589128146,-0.2461157207290852,0.31004699079154985,-0.0845924434801659,0.7161306197302034,0.2838693802697966,1.084592443480166,0.6041586055539443
Netherlands,2008,1.26696250444126,-0.48121754584260673,0.019230833117098976,-0.04756700501234418,0.26832526390525074,0.7316747360947493,1.0475670050123442,0.8580316436617872
Netherlands,2009,1.264903315311066,0.1292569412168744,1.316559649976883,-0.3198514241872159,0.9035733021682745,0.09642669783172553,1.319851424187216,0.5857965883739217
Netherlands,2010,0.280610911078493,-0.4496072164155787,0.23167100503531476,-0.3372173378048675,0.020891566566076353,0.9791084334339236,1.3372173378048675,1.122351995182301
Netherlands,2011,1.0075046740368576,0.15296468828714507,0.49154927359546247,-0.4106128972455065,0.5506728786398217,0.44932712136017827,1.4106128972455065,0.8338414317143095
Netherlands,2012,1.4481711478983021,-0.13547956773448683,0.9370548768414295,-0.7150078736756584,0.7499154856684149,0.2500845143315851,1.7150078736756584,0.8360538580692145
Netherlands,2013,1.1228192653277025,-0.020892123561509636,0.8153658463251701,-0.8947286966809742,0.639097662697121,0.360902337302879,1.8947286966809742,0.9744328810541171
Netherlands,2014,1.4790589848512075,0.1312325868060633,1.110307055881528,-0.758422657719787,0.9068662091795995,0.09313379082040052,1.758422657719787,0.7592493375801551
Netherlands,2015,1.4996508761531442,-0.4041673678642256,0.7514275421556098,-0.6086826101109828,0.6156370168148428,0.38436298318515716,1.6086826101109828,0.8740908339554875
Netherlands,2016,1.3060870979149393,-0.29353121486962724,0.6400511413441177,-0.41487246096304325,0.5508690081298099,0.4491309918701901,1.4148724609630432,0.8354275795073314
Netherlands,2017,1.2607849370506787,-0.09596665595070149,0.2832341535591537,-0.10425196833033745,0.482684144886377,0.517315855113623,1.1042519683303373,0.7520903004003088
Netherlands,2018,1.4275792565963656,0.43943329871958775,0.635926089462211,0.24470459776020237,0.8343128815927215,0.16568711840727846,0.7552954022397976,0.40153043194028615
Netherlands,2019,1.3616852044301686,0.24384438538985095,0.4585488585402057,0.4893018527710836,0.6880261494534085,0.31197385054659155,0.5106981472289164,0.3914635692195215
Netherlands,2020,1.330797367477264,0.107524839735792,0.4234859175439951,0.8346541726390918,0.6206027082523503,0.3793972917476497,0.1653458273609082,0.2937767059929531
Netherlands,2023,1.7055697891725108,0.2912598795303933,0.6483012451079322,1.8903706570932894,0.8817103046036121,0.1182896953963879,-0.8903706570932894,-0.2851744455994831
Norway,2005,-0.9034228387828666,-0.9731532975507321,-1.3255360803846175,-0.6818324254909942,-1.067370738906072,2.067370738906072,1.6818324254909942,1.9131554135400408
Norway,2006,-0.7633979779296973,-1.1173754255615478,-1.1667215829311937,-1.2060045068086862,-1.015831662140813,2.0158316621408128,2.206004506808686,2.091900800007962
Norway,2007,-0.9034228387828666,-1.0324226652264097,-1.2966607172112676,-0.9288052064212708,-1.0775020737401813,2.077502073740181,1.9288052064212708,2.018023326812617
Norway,2008,-0.7839898692316339,-0.927713448999379,-1.0842205452930518,-1.181430100745972,-0.9319746211746883,1.9319746211746884,2.181430100745972,2.031756813003202
Norway,2009,-0.8478247322676374,-0.9968610446210031,-1.1172209603483088,-1.082804817747613,-0.9873022457456498,1.9873022457456497,2.082804817747613,2.025503274546435
Norway,2010,-0.7366285192371794,-0.9375916769453253,-1.1460963235216584,-0.758422657719787,-0.9401055065680545,1.9401055065680546,1.758422657719787,1.8674323670287476
Norway,2011,-0.5739525779518792,-0.8506632710209979,-1.1646590569902402,-0.5249658001240028,-0.8630916353210392,1.8630916353210392,1.524965800124003,1.7278413012422247
Norway,2012,-1.1628806691872684,-0.7913939033453201,-1.0079070854777705,-0.3395109490373875,-0.9873938860034531,1.9873938860034532,1.3395109490373875,1.728240711217027
Norway,2013,-0.5307096062178123,-0.8941274739831617,-1.1729091607540545,-0.23580695545273403,-0.8659154136516761,1.8659154136516762,1.235806955452734,1.6138720303720993
Norway,2015,-0.9096004061734475,-0.7657105106858598,-1.0305948708282593,0.13641338171050896,-0.9019685958958554,1.9019685958958554,0.863586618289491,1.4866158048533098
Norway,2016,-1.0022639170321626,-1.0778625137777627,-1.179096738576915,0.4555530017782889,-1.0864077231289468,2.086407723128947,0.544446998221711,1.4696234331660525
Norway,2017,-0.8993044605224793,-1.0699599314210058,-1.35028639167606,0.6375674360161245,-1.1065169278731817,2.106516927873182,0.36243256398387547,1.4088831823174592
Norway,2018,-0.8828309474809299,-0.8388093974858624,-1.2554101983921966,0.6429738053499223,-0.992350181119663,1.9923501811196629,0.3570261946500777,1.3382205865318286
Norway,2019,-0.9013636496526726,-1.089716387312898,-1.327598606325571,0.8590647493280547,-1.1062262144303805,2.1062262144303805,0.14093525067194534,1.3201098289270063
Norway,2020,-0.4215725823175483,-1.0126662093345171,-1.3110983987979425,1.0992386112476464,-0.9151123968166693,1.9151123968166694,-0.09923861124764644,1.1093719935909432
Norway,2023,-0.5101177149158758,-0.6807577503507217,-0.9790317223044206,1.8580962704642576,-0.7233023958570061,1.7233023958570062,-0.8580962704642576,0.6907429293285006
Poland,2010,-0.17858826495469501,-0.6985385606534249,-0.9769691963634671,1.278713690192336,-0.6180320073238623,1.6180320073238623,-0.27871369019233594,0.859333728317383
Poland,2011,-0.48746663448374544,-0.4041673678642256,-1.0079070854777705,-0.40127462294167526,-0.6331803626085805,1.6331803626085803,1.4012746229416753,1.5404180667418181
Poland,2012,-0.36803366493251244,-0.2678478222101667,-0.6923406165118768,-0.5778826878457138,-0.44274070121818526,1.4427407012181852,1.577882687845714,1.4967974958691967
Poland,2013,-0.409217447536386,-0.23623749278313863,-0.6490275717518523,-0.7351588866470838,-0.431494170690459,1.431494170690459,1.735158886647084,1.552960057073109
Poland,2014,-0.4895258236139391,-0.12165004861016175,-0.6799654608661555,-0.6158911025560454,-0.43038044436341877,1.4303804443634187,1.6158911025560454,1.5045847076404693
Poland,2015,-0.7736939235806656,-0.4199725325777396,-0.8346549064376718,-0.5598614567330572,-0.676107120865359,1.676107120865359,1.5598614567330573,1.6296088552124384
Poland,2016,-0.6110179822953657,-0.29945815163719497,-0.9914068779501419,-0.4940020484849833,-0.6339610039609008,1.6339610039609007,1.4940020484849832,1.5779774217705338
Poland,2017,-0.732510140976792,-0.09991794712907999,-0.9295310997215352,-0.3362343615623584,-0.5873197292758024,1.5873197292758023,1.3362343615623584,1.4868855821904248
Poland,2018,-0.5739525779518792,0.0719632191303858,-1.1543464272854724,-0.07001162921628956,-0.5521119287023218,1.5521119287023217,1.0700116292162896,1.3592718089079088
Poland,2019,-0.6666160888105945,0.15494033387633432,-1.2739729318607786,0.2763236668942277,-0.5952162289316796,1.5952162289316796,0.7236763331057723,1.2466002706013166
Poland,2023,-1.4038057974199278,-1.1549126917561439,-1.558601511712369,2.104331819212654,-1.372440000296147,2.372440000296147,-1.1043318192126539,0.9817312724926268
Portugal,2008,0.6903895479870324,0.18852630889255192,-0.27777290238021285,1.329828454802781,0.20038098483312386,0.7996190151668762,-0.329828454802781,0.3478400271790133
Portugal,2009,0.5997852262585114,0.585631072319593,0.02541841093995961,-0.41749373094306647,0.4036115698393547,0.5963884301606452,1.4174937309430664,0.9248305504736138
Portugal,2010,0.5688973893056062,0.2300148662655262,-0.2942731099078412,-0.3637576963525983,0.16821304855443034,0.8317869514455697,1.3637576963525984,1.044575249408381
Portugal,2011,0.7809938697155542,0.05813370000606072,-0.5912768454051527,-0.6237549124961137,0.08261690810548743,0.9173830918945126,1.6237549124961137,1.199931820135153
Portugal,2012,0.9930903501255023,0.036401598524978644,-0.4159621404241007,-0.8881755217309171,0.20450993607546009,0.7954900639245399,1.888175521730917,1.2325642470470908
Portugal,2013,0.7954081936269102,0.10159790296822456,0.13473228581049784,-0.8595053813244172,0.34391279413521086,0.6560872058647891,1.8595053813244173,1.1374544760486405
Portugal,2014,0.85718386753272,-0.058429389756105406,-0.14370871621823175,-0.6345676511637078,0.2183485871861276,0.7816514128138724,1.634567651163708,1.1228179081538068
Portugal,2015,0.8345327871005894,0.09567096620065649,-0.29633563584879474,-0.5588784804905481,0.2112893724841504,0.7887106275158496,1.5588784804905482,1.0967777687057292
Portugal,2016,0.8180592740590401,-0.06830761770205197,-0.8346549064376718,-0.26824517145551646,-0.02830108336022789,1.028301083360228,1.2682451714555165,1.1242787185983434
Portugal,2017,0.9663208914329843,-0.058429389756105406,-0.774841654150019,0.0795645890187637,0.04434994917561993,0.95565005082438,0.9204354109812363,0.9415641948871225
Portugal,2018,0.7645203566740049,-0.22043232806962462,-0.9914068779501419,0.4776699672347317,-0.1491062831152539,1.1491062831152539,0.5223300327652682,0.8983957829752596
Portugal,2019,0.6924487371172258,-0.07621020005880867,-0.9975944557730025,0.8793795916732313,-0.12711863957152847,1.1271186395715285,0.12062040832676868,0.7245193470736245
Portugal,2020,1.590255197881666,0.030474661757411207,-0.8470300620833933,1.2535658813214918,0.2578999325185613,0.7421000674814386,-0.2535658813214918,0.3438336879602665
Portugal,2023,2.090638156518726,0.29323552511958223,-1.0202822411234915,2.871217117743085,0.45453048017160563,0.5454695198283943,-1.8712171177430852,-0.42120513520019753
Romania,2009,4.015722594608532,2.4345883881020893,0.6209727763902977,2.0606712911078984,2.357094586366973,-1.3570945863669732,-1.0606712911078984,-1.2385252682633432
Romania,2010,2.957556780330262,0.7575122385790581,0.15742007116098683,-0.3001918993370444,1.2908296966901023,-0.2908296966901023,1.3001918993370443,0.3455789417207563
Romania,2011,2.2903795021475126,0.4947513752168868,0.14916996739717264,-0.8214969666140864,0.9781002815871908,0.021899718412809244,1.8214969666140863,0.7417386176933202
Romania,2012,1.7035106000423168,0.8306111253790607,0.5245496886507192,-0.8634372862944517,1.0195571380240323,-0.01955713802403225,1.8634372862944517,0.7336406317033614
Romania,2013,1.55318979353818,0.6745351238331095,0.8133033203842162,-0.7924991674600836,1.0136760792518353,-0.013676079251835338,1.7924991674600836,0.7087940194329323
Romania,2014,1.2051868305354503,0.7140480356168946,0.8339285797937516,-0.8832606405183746,0.9177211486486988,0.0822788513513012,1.8832606405183747,0.8026715670181307
Romania,2015,0.958084134912209,0.4414089443087767,0.5266122145916724,-0.7177929730294327,0.6420350979375526,0.35796490206244735,1.7177929730294328,0.9018961304492416
Romania,2016,0.6306730632114166,0.24779567656822912,0.7514275421556098,-0.4879403616561804,0.5432987606450852,0.4567012393549148,1.4879403616561804,0.8691968882754211
Romania,2017,0.5091809045299897,0.5382155781790503,0.30798446485059594,-0.29511318875075054,0.4517936491865453,0.5482063508134547,1.2951131887507505,0.846969085988373
Romania,2018,0.7665795458041982,0.5026539575736437,0.16773270086575456,-0.11326258388666613,0.47898873474786546,0.5210112652521346,1.113262583886666,0.7579117927059471
Romania,2019,0.5359503632225076,0.21420970155201186,-0.25921016891163096,-0.026924503919664257,0.1636499652876295,0.8363500347123705,1.0269245039196642,0.9125798223952879
Romania,2020,0.11587578066299946,-0.14535779568043278,-0.44896255547935743,0.16737713334952847,-0.15948152349893024,1.1594815234989302,0.8326228666504716,1.0287380607595467
Romania,2023,0.40210306975991866,-0.28167734133449174,-1.1007207528206804,0.7460224814395707,-0.3267650081317512,1.3267650081317512,0.25397751856042927,0.8976500123032224
Slovakia,2006,0.5050625262696024,1.211910724092587,-0.3561488881364476,0.017309426993221386,0.453608120741914,0.546391879258086,0.9826905730067786,0.720911356757563
Slovakia,2007,0.6697976566850965,1.1151040902223135,-0.461337711125079,-0.039047877577269324,0.44118801192744367,0.5588119880725564,1.0390478775772694,0.7509063438744416
Slovakia,2008,0.63273225234161,1.2613018638223188,-0.12927103463155692,0.3628255762349816,0.5882543605107906,0.4117456394892094,0.6371744237650184,0.501917153199533
Slovakia,2009,0.8448287327515573,1.8342390846872034,0.2997343610867821,-0.6301442580724195,0.9929340595085144,0.007065940491485567,1.6301442580724195,0.6562972675238592
Slovakia,2010,0.4000438806297253,1.3344007506223219,-0.10245819739916084,-0.6062251695047108,0.5439954779509621,0.45600452204903785,1.606225169504711,0.9160927810313071
Slovakia,2011,-0.1229901584394665,0.6784864150114874,0.02129335905805252,-0.6186762019098192,0.1922632052100245,0.8077367947899755,1.6186762019098193,1.132112557637913
Slovakia,2012,-0.21359448016798757,0.4137499060601272,-0.1354586124544179,-0.7282780529495242,0.02156560447924057,0.9784343955207594,1.7282780529495243,1.2783718584922654
Slovakia,2013,-0.11475340191869186,0.3525048927952601,-0.2736478504983054,-0.6445612429625446,-0.011965453207245735,1.0119654532072457,1.6445612429625447,1.2650037691093652
Slovakia,2014,-0.4401052844892909,0.18852630889255192,-0.33139857684500534,-0.5926273314833422,-0.19432585081391482,1.1943258508139147,1.5926273314833423,1.353646443081686
Slovakia,2015,-0.7180958170654365,-0.1848707074642181,-0.6036520010508739,-0.3608087676250725,-0.5022061751935095,1.5022061751935096,1.3608087676250724,1.4456472121661346
Slovakia,2016,-0.6769120344615629,-0.37453268402638684,-0.7377161872128549,-0.11604768324044067,-0.5963869685669348,1.596386968566935,1.1160476832404407,1.4042512544363372
Slovakia,2017,-0.5904260909934288,-0.009038250026374131,-0.8594052177291145,0.07841778340250406,-0.4862898529163058,1.4862898529163058,0.921582216597496,1.260406798388782
Slovakia,2018,-1.096986617021071,-0.6530987121020722,-1.1089708565844945,0.3826489304589044,-0.9530187285692125,1.9530187285692127,0.6173510695410955,1.4187516649579657
Slovakia,2019,-1.1608214800570749,-0.6570500032804507,-0.8924056327843715,0.7789521855636069,-0.9034257053739657,1.9034257053739658,0.2210478144363931,1.2304745489989366
Slovakia,2020,-1.3729179604670227,-0.544438204696663,-1.1873468423407294,1.2055638748123239,-1.0349010025014718,2.0349010025014715,-0.20556387481232385,1.1387150515759532
Slovakia,2023,-1.0413885105058425,-0.7716374474534275,-1.0574077080606554,2.0465000502784,-0.9568112220066419,1.956811222006642,-1.0465000502784,0.7554867130926253
Slovenia,2007,0.8448287327515573,1.4885011065790834,0.2935467832639215,1.7296540414431387,0.875625540864854,0.124374459135146,-0.7296540414431387,-0.21723694109616792
Slovenia,2008,0.5586014436546382,1.476647233043948,-0.15608387186395334,0.26649390446914195,0.626388268278211,0.37361173172178896,0.7335060955308581,0.5175694772454166
Slovenia,2009,0.21471685891229517,1.409475283011513,0.6421136672850719,-0.3757172406364528,0.7554352697362933,0.24456473026370673,1.3757172406364528,0.6970257344128052
Slovenia,2010,-0.022089891059976795,0.953101151908795,-0.18083418315539557,-0.2138538193700425,0.25005902589780754,0.7499409741021925,1.2138538193700426,0.9355061122093326
Slovenia,2011,0.14264523935551673,1.0874450519736647,-0.36439899190026204,-0.07476268105508081,0.28856376647630644,0.7114362335236936,1.0747626810550808,0.8567668125362484
Slovenia,2012,-0.5183544714366507,0.5678502620168894,-0.3973994069555188,-0.48384462731239425,-0.11596787212509337,1.1159678721250934,1.4838446273123942,1.2631185742000137
Slovenia,2013,-0.862239056178993,0.45918975461148026,-0.23239733167923451,-0.6345676511637078,-0.2118155444155824,1.2118155444155825,1.634567651163708,1.3809163871148327
Slovenia,2014,-0.4689339323120025,0.4295550707736412,-0.036457367288647076,-0.8703181199920114,-0.02527874294233612,1.0252787429423362,1.8703181199920114,1.3632944937622065
Slovenia,2015,-0.5780709562122671,0.4987026663952653,-0.25714764297067705,-0.7248376361007443,-0.11217197759589297,1.112171977595893,1.7248376361007443,1.3572382409978334
Slovenia,2016,-0.44422366274967856,0.5026539575736437,-0.3912118291326582,-0.5850911802907764,-0.11092717810289766,1.1109271781028978,1.5850911802907763,1.3005927789780491
Slovenia,2017,-0.5636566323009109,0.6626812502979741,-0.5665265341137101,-0.24399842414030493,-0.1558339720388823,1.1558339720388824,1.243998424140305,1.1910997528794516
Slovenia,2018,-0.4421644736194849,0.5342642870006724,-0.6469650458108988,0.058922087926083784,-0.1849550774765704,1.1849550774765705,0.9410779120739162,1.087404211315509
Slovenia,2019,-0.3515601518909635,0.4987026663952653,-0.6242772604604094,0.2732109087929506,-0.15904491531870255,1.1590449153187026,0.7267890912070494,0.9861425856740413
Slovenia,2020,-0.25683745190205476,0.34657795602769265,-0.6449025198699448,0.42016585704798065,-0.1850540052481023,1.1850540052481022,0.5798341429520193,0.942966060329669
Slovenia,2023,-0.3618560975419318,0.4611654002006692,-0.760403972563344,1.9976788969004744,-0.22036488996820222,1.2203648899682022,-0.9976788969004744,0.3331473752207315
Spain,2006,1.3493300696490058,0.1272812956276845,1.0793691667672245,2.0306905157113864,0.8519935106813049,0.1480064893186951,-1.0306905157113864,-0.32347231269333754
Spain,2007,1.3205014218262954,0.10554919414660274,0.8689915207899629,0.6357653129048584,0.7650140455876203,0.23498595441237968,0.3642346870951416,0.28668544748548447
Spain,2008,0.61008117190948,-0.39428913991827935,0.28117162761819986,0.39149571664148114,0.1656545532031335,0.8343454467968665,0.6085042833585188,0.7440089814215274
Spain,2009,0.6039036045188987,-0.35477622813449433,0.6153008300526754,0.029596630024578432,0.28814273547902663,0.7118572645209733,0.9704033699754215,0.8152757067027526
Spain,2010,-0.030326647580751438,-0.7360758268480211,0.06254387787712343,0.03909873370216095,-0.234619532183883,1.234619532183883,0.960901266297839,1.1251322258294654
Spain,2011,-0.4751114997025835,-1.0936676784912767,-0.2715853245573522,-0.3495045408362245,-0.6134548342504041,1.6134548342504043,1.3495045408362245,1.5078747168847324
Spain,2012,-0.4998217692649074,-1.095643324080466,-0.3705865697231227,-0.9920433446893222,-0.6553505543561654,1.6553505543561653,1.9920433446893222,1.7900276704894282
Spain,2013,-0.09210232148656126,-0.8763466636804582,0.21723332344863996,-1.1747130964221637,-0.2504052205727932,1.2504052205727931,2.1747130964221637,1.6201283709125414
Spain,2014,-0.42775014970812897,-0.7894182577561312,-0.15195881998204624,-1.0120305282869964,-0.45637574248210216,1.4563757424821022,2.0120305282869966,1.67863765680406
Spain,2015,-0.45451960840064687,-0.7123680797777497,-0.48196297053461445,-0.8591777225769147,-0.5496168862376704,1.5496168862376702,1.8591777225769146,1.673441220773368
Spain,2016,-0.291843667115347,-0.7597835739182921,-0.25096006514781644,-0.7107483099581211,-0.4341957687271519,1.4341957687271518,1.710748309958121,1.5448167852195396
Spain,2017,-0.5718933888216858,-1.0916920329020874,-0.7026532462166446,-0.49957224719253235,-0.7887462226468059,1.788746222646806,1.4995722471925323,1.6730766324650967
Spain,2018,-0.2383047497303115,-0.7617592195074813,-0.27777290238021285,-0.277747275133099,-0.4259456238726686,1.4259456238726687,1.277747275133099,1.3666662843768407
Spain,2019,-0.9466658105169334,-0.9711776519615428,-0.21383459821065262,-0.12718808065553736,-0.7105593535630429,1.7105593535630428,1.1271880806555374,1.4772108444000405
Spain,2020,0.6039036045188987,-0.47924190025341745,0.35748508743348134,-0.09671581713777166,0.16071559723298753,0.8392844027670124,1.0967158171377718,0.9422569685153162
Spain,2023,0.7274549523305184,-0.7400271180263995,0.15535754522003328,0.5092890363687571,0.04759512650805071,0.9524048734919492,0.4907109636312429,0.7677273095476667
Sweden,2005,-0.8148777061845388,-1.439405656599397,-0.0880205158124857,-0.7661226382861037,-0.7807679595321405,1.7807679595321404,1.7661226382861037,1.7749098310337257
Sweden,2006,-0.4009806910156117,-0.9672263607831644,0.9783053956605005,-1.3200297509396794,-0.12996721871275854,1.1299672187127585,2.3200297509396792,1.6059922316035269
Sweden,2007,-0.36803366493251244,-1.11144848879398,0.6730515563993751,-1.0377517399659708,-0.2688101991090391,1.268810199109039,2.037751739965971,1.5763868154518117
Sweden,2008,-0.07974718670539929,-0.4002160766858471,1.06493148518055,-1.1947002800198379,0.1949894072631012,0.8050105927368988,2.1947002800198376,1.3608864676500745
Sweden,2009,-0.2465415062510868,-0.5720972429453126,0.8421786835575664,-1.0811665240100985,0.007846644787055657,0.9921533552129443,2.0811665240100985,1.427758622731806
Sweden,2010,-0.25683745190205476,-0.8467119798426194,0.45648633259925187,-0.7944651199451007,-0.21568769971514076,1.2156876997151407,1.7944651199451007,1.4471986678071247
Sweden,2011,-0.13534529322062847,-1.0205687916912742,0.7576151199784708,-0.8078991285927177,-0.13276632164447733,1.1327663216444774,1.8078991285927177,1.4028194444237736
Sweden,2012,-0.2671333975530234,-0.8980787651615403,0.4626739104221125,-0.7923353380863324,-0.23417941743081708,1.2341794174308172,1.7923353380863323,1.4574417856930233
Sweden,2013,-0.6830896018521438,-1.034398310815599,-0.09420809363534667,-0.5759167353606964,-0.6038986687676965,1.6038986687676964,1.5759167353606964,1.5927058954048965
Sweden,2014,-0.5739525779518792,-0.9316647401777575,0.058418825995216334,-0.2136899899962912,-0.4823994973781401,1.48239949737814,1.2136899899962912,1.3749156944254004
Sweden,2015,-0.6748528453313692,-1.002787981388571,0.17804533057052227,0.2938534098856306,-0.49986516538313935,1.4998651653831394,0.7061465901143694,1.1823777352756315
Sweden,2016,0.1158757806629988,-1.2833296550534454,0.3884229765477845,0.5310783430776966,-0.259676965947554,1.259676965947554,0.46892165692230336,0.9433748423374537
Sweden,2017,-0.0056163780184268495,-1.2220846417885785,0.2543587903858038,0.7819011142911327,-0.32444740980706716,1.324447409807067,0.21809888570886726,0.8819080001677871
Sweden,2018,-0.09004313235636727,-1.3702580609777728,0.47092401418592666,0.6174164230446999,-0.3297923930494045,1.3297923930494044,0.3825835769553001,0.9509088666117627
Sweden,2019,-0.07974718670539929,-1.3208669212480415,0.1512324933381262,0.7825564317861379,-0.4164605382051049,1.416460538205105,0.21744356821386213,0.9368537502086078
Sweden,2020,-0.06945124105443067,-1.486821150739939,0.2894217313820144,0.9999580107542818,-0.422283553470785,1.422283553470785,4.198924571818807e-05,0.8533869277807582
Sweden,2023,-1.150525534406107,-1.4690403404372356,-0.461337711125079,1.229155304632529,-1.0269678619894738,2.0269678619894735,-0.22915530463252898,1.1245185953406724
Switzerland,2018,-0.05297772801288138,-0.8348581063074839,-0.6902780905709232,-3.626583503986024,-0.5260379749637628,1.5260379749637627,4.626583503986025,2.7662561865726674
Switzerland,2019,0.2703149654275237,-0.6985385606534249,-0.7934043876186008,-3.592179335498224,-0.407209327614834,1.407209327614834,4.5921793354982245,2.6811973307681902
Switzerland,2020,0.23736793934442513,-0.9968610446210031,-0.8903431068434179,-3.651157910048738,-0.5499454040399986,1.5499454040399985,4.651157910048738,2.7904304064434946
Switzerland,2023,0.0026203785023477936,-0.9257378034101897,-0.6944031424528303,-3.6659025536863665,-0.5391735224535574,1.5391735224535574,4.665902553686367,2.789865134946681
United Kingdom,2005,0.5462463088734756,-0.058429389756105406,1.94769258790867,0.4183637339367152,0.8118365023420133,0.18816349765798668,0.5816362660632848,0.34555260502010593
United Kingdom,2006,0.3403273958541095,-0.3271171898858445,1.7930031423371537,-0.6335846749211992,0.6020711161018063,0.3979288838981937,1.6335846749211993,0.892191200307396
United Kingdom,2007,-0.2012393453868256,-0.48121754584260673,1.7620652532228502,-0.3005195580845476,0.35986945399780595,0.640130546002194,1.3005195580845477,0.9042861508351354
United Kingdom,2008,0.22295361543306982,-0.4120699502209826,1.7414399938133147,-0.6809313639353615,0.517441219675134,0.482558780324866,1.6809313639353616,0.9619078137690643
United Kingdom,2009,0.16735550891784132,-0.41009430463179336,1.7991907201600146,-1.0369325930972133,0.5188173081486875,0.48118269185131246,2.0369325930972133,1.1034826523496728
United Kingdom,2010,0.280610911078493,-0.34884929136692655,1.7063770528171047,-0.6293251112036617,0.5460462241762237,0.4539537758237763,1.6293251112036617,0.9241023099757305
United Kingdom,2011,0.1405860502253234,-0.5088765840912562,1.316559649976883,-0.7938098024500952,0.3160897053703167,0.6839102946296833,1.7938098024500952,1.1278700977578482
United Kingdom,2012,-0.07974718670539929,-1.0462521843507346,1.1350573671729705,-0.7513779946484754,0.0030193320389454805,0.9969806679610546,1.7513779946484753,1.2987395986360228
United Kingdom,2013,-0.36803366493251244,-1.1035459064372228,0.6792391342222354,-0.6378442386387362,-0.26411347904916666,1.2641134790491666,1.6378442386387362,1.4136057828849944
United Kingdom,2014,-0.304198801896509,-1.166766565291279,0.5472374740012078,-0.30117487557955275,-0.30790929772886005,1.30790929772886,1.3011748755795527,1.305215528869137
United Kingdom,2015,-0.4565787975308405,-1.0916920329020874,0.6792391342222354,-0.13734550182812638,-0.28967723207023083,1.2896772320702308,1.1373455018281264,1.228744539973389
United Kingdom,2016,-0.37215204319290013,-1.018593146102085,0.5307372664735798,0.12805808364918608,-0.2866693076071351,1.2866693076071352,0.871941916350814,1.1207783511046068
United Kingdom,2017,-0.3412642062399952,-0.8151016504155914,0.8401161576166125,0.26125136450909686,-0.10541656634632468,1.1054165663463247,0.7387486354909032,0.958749394004156
United Kingdom,2018,-0.028267458450557448,-0.29945815163719497,1.4299985767293284,0.36970640993254156,0.3674243222138587,0.6325756777861413,0.6302935900674584,0.6316628426986681
