geo,year,population_density
Belgium,2013,368.0
Belgium,2014,369.6
Belgium,2015,371.8
Belgium,2016,373.7
Belgium,2017,373.6
Belgium,2018,375.3
Belgium,2019,377.3
Belgium,2020,377.3
Belgium,2021,378.9
Belgium,2022,383.6
Belgium,2023,386.8
Belgium,2024,389.1
Bulgaria,2013,66.7
Bulgaria,2014,66.3
Bulgaria,2015,66.2
Bulgaria,2016,64.8
Bulgaria,2017,64.3
Bulgaria,2018,63.9
Bulgaria,2019,63.4
Bulgaria,2020,63.4
Bulgaria,2021,63.0
Bulgaria,2022,58.8
Bulgaria,2023,58.6
Bulgaria,2024,58.6
Czechia,2013,136.1
Czechia,2014,136.3
Czechia,2015,136.6
Czechia,2016,136.8
Czechia,2017,137.2
Czechia,2018,137.7
Czechia,2019,138.2
Czechia,2020,138.2
Czechia,2021,138.6
Czechia,2022,138.2
Czechia,2023,140.7
Czechia,2024,141.2
Denmark,2013,130.8
Denmark,2014,131.5
Denmark,2015,132.4
Denmark,2016,136.4
Denmark,2017,137.3
Denmark,2018,138.0
Denmark,2019,138.5
Denmark,2020,138.5
Denmark,2021,138.9
Denmark,2022,140.6
Denmark,2023,141.6
Denmark,2024,142.4
Germany,2013,225.8
Germany,2014,226.5
Germany,2015,228.4
Germany,2016,233.1
Germany,2017,234.0
Germany,2018,234.7
Germany,2019,235.2
Germany,2020,235.2
Germany,2021,235.4
Germany,2022,235.4
Germany,2023,235.8
Germany,2024,236.4
Estonia,2013,30.3
Estonia,2014,30.3
Estonia,2015,30.3
Estonia,2016,30.3
Estonia,2017,30.3
Estonia,2018,30.4
Estonia,2019,30.5
Estonia,2020,30.5
Estonia,2021,30.6
Estonia,2022,31.3
Estonia,2023,31.8
Estonia,2024,31.8
Ireland,2013,67.6
Ireland,2014,67.8
Ireland,2015,68.5
Ireland,2016,69.3
Ireland,2017,70.0
Ireland,2018,70.9
Ireland,2019,71.9
Ireland,2020,71.9
Ireland,2021,72.6
Ireland,2022,75.9
Ireland,2023,77.4
Ireland,2024,78.6
Greece,2013,83.0
Greece,2014,82.5
Greece,2015,82.7
Greece,2016,82.4
Greece,2017,82.2
Greece,2018,82.5
Greece,2019,82.4
Greece,2020,82.4
Greece,2021,82.3
Greece,2022,80.3
Greece,2023,80.0
Greece,2024,79.8
Spain,2013,92.9
Spain,2014,92.5
Spain,2015,92.5
Spain,2016,92.5
Spain,2017,92.7
Spain,2018,93.1
Spain,2019,93.8
Spain,2020,93.8
Spain,2021,94.2
Spain,2022,95.1
Spain,2023,96.2
Spain,2024,97.2
France,2013,103.9
France,2014,104.6
France,2015,105.1
France,2016,105.3
France,2017,105.6
France,2018,105.9
France,2019,106.1
France,2020,106.3
France,2021,106.6
France,2022,107.6
France,2023,107.9
France,2024,108.5
Croatia,2013,75.2
Croatia,2014,74.9
Croatia,2015,74.4
Croatia,2016,74.6
Croatia,2017,73.9
Croatia,2018,73.2
Croatia,2019,72.8
Croatia,2020,72.8
Croatia,2021,72.4
Croatia,2022,69.0
Croatia,2023,69.0
Croatia,2024,69.2
Italy,2013,199.4
Italy,2014,206.0
Italy,2015,205.8
Italy,2016,205.4
Italy,2017,203.3
Italy,2018,202.9
Italy,2019,201.5
Italy,2020,200.6
Italy,2021,199.6
Italy,2022,198.1
Italy,2023,198.1
Italy,2024,198.0
Cyprus,2013,93.5
Cyprus,2014,92.5
Cyprus,2015,92.0
Cyprus,2016,92.4
Cyprus,2017,93.3
Cyprus,2018,94.4
Cyprus,2019,95.7
Cyprus,2020,95.7
Cyprus,2021,96.8
Cyprus,2022,100.6
Cyprus,2023,104.0
Cyprus,2024,105.8
Latvia,2013,32.4
Latvia,2014,32.0
Latvia,2015,31.8
Latvia,2016,31.0
Latvia,2017,30.7
Latvia,2018,30.4
Latvia,2019,30.2
Latvia,2020,30.2
Latvia,2021,30.0
Latvia,2022,29.7
Latvia,2023,30.2
Latvia,2024,30.0
Lithuania,2013,47.2
Lithuania,2014,46.8
Lithuania,2015,46.4
Lithuania,2016,45.8
Lithuania,2017,45.2
Lithuania,2018,44.7
Lithuania,2019,44.6
Lithuania,2020,44.6
Lithuania,2021,44.6
Lithuania,2022,45.2
Lithuania,2023,45.8
Lithuania,2024,46.1
Luxembourg,2013,210.1
Luxembourg,2014,215.1
Luxembourg,2015,220.3
Luxembourg,2016,225.1
Luxembourg,2017,230.6
Luxembourg,2018,235.1
Luxembourg,2019,239.8
Luxembourg,2020,239.8
Luxembourg,2021,243.8
Luxembourg,2022,252.6
Luxembourg,2023,257.7
Luxembourg,2024,261.8
Hungary,2013,106.4
Hungary,2014,108.1
Hungary,2015,107.9
Hungary,2016,107.6
Hungary,2017,107.3
Hungary,2018,107.1
Hungary,2019,107.1
Hungary,2020,107.1
Hungary,2021,106.9
Hungary,2022,105.3
Hungary,2023,105.1
Hungary,2024,104.8
Malta,2013,1348.0
Malta,2014,1375.2
Malta,2015,1408.4
Malta,2016,1450.2
Malta,2017,1495.2
Malta,2018,1548.3
Malta,2019,1595.1
Malta,2020,1610.4
Malta,2021,1646.4
Malta,2022,1696.8
Malta,2023,1766.0
Malta,2024,1817.4
Netherlands,2013,498.4
Netherlands,2014,500.9
Netherlands,2015,503.1
Netherlands,2016,498.1
Netherlands,2017,501.1
Netherlands,2018,504.0
Netherlands,2019,507.3
Netherlands,2020,507.3
Netherlands,2021,510.2
Netherlands,2022,517.8
Netherlands,2023,526.0
Netherlands,2024,529.5
Austria,2013,102.9
Austria,2014,103.7
Austria,2015,104.9
Austria,2016,106.0
Austria,2017,106.8
Austria,2018,107.1
Austria,2019,107.6
Austria,2020,107.6
Austria,2021,108.1
Austria,2022,109.6
Austria,2023,110.7
Austria,2024,111.3
Poland,2013,124.2
Poland,2014,123.7
Poland,2015,123.6
Poland,2016,123.6
Poland,2017,123.6
Poland,2018,123.6
Poland,2019,123.6
Poland,2020,123.6
Poland,2021,123.4
Poland,2022,119.8
Poland,2023,119.4
Poland,2024,119.0
Portugal,2013,113.4
Portugal,2014,112.8
Portugal,2015,112.3
Portugal,2016,113.5
Portugal,2017,113.2
Portugal,2018,113.0
Portugal,2019,113.0
Portugal,2020,113.0
Portugal,2021,113.2
Portugal,2022,115.0
Portugal,2023,116.3
Portugal,2024,117.6
Romania,2013,86.9
Romania,2014,86.6
Romania,2015,86.1
Romania,2016,85.6
Romania,2017,85.2
Romania,2018,83.1
Romania,2019,82.7
Romania,2020,82.7
Romania,2021,82.2
Romania,2022,81.3
Romania,2023,81.4
Romania,2024,81.3
Slovenia,2013,102.3
Slovenia,2014,102.4
Slovenia,2015,102.4
Slovenia,2016,102.5
Slovenia,2017,102.6
Slovenia,2018,102.9
Slovenia,2019,103.7
Slovenia,2020,103.7
Slovenia,2021,104.4
Slovenia,2022,104.8
Slovenia,2023,105.3
Slovenia,2024,105.6
Slovakia,2013,110.4
Slovakia,2014,110.5
Slovakia,2015,110.6
Slovakia,2016,111.5
Slovakia,2017,111.7
Slovakia,2018,111.8
Slovakia,2019,112.0
Slovakia,2020,112.0
Slovakia,2021,112.1
Slovakia,2022,111.5
Slovakia,2023,111.4
Slovakia,2024,111.3
Finland,2013,17.9
Finland,2014,18.0
Finland,2015,18.0
Finland,2016,18.1
Finland,2017,18.1
Finland,2018,18.1
Finland,2019,18.2
Finland,2020,18.1
Finland,2021,18.2
Finland,2022,18.3
Finland,2023,18.4
Finland,2024,18.5
Sweden,2013,23.6
Sweden,2014,23.8
Sweden,2015,24.1
Sweden,2016,24.4
Sweden,2017,24.7
Sweden,2018,25.0
Sweden,2019,25.2
Sweden,2020,25.2
Sweden,2021,25.4
Sweden,2022,25.7
Sweden,2023,25.9
Sweden,2024,26.0
Iceland,2013,3.2
Iceland,2014,3.3
Iceland,2015,3.3
Iceland,2016,3.3
Iceland,2017,3.4
Iceland,2018,3.5
Iceland,2019,3.6
Iceland,2020,3.6
Iceland,2021,3.6
Iceland,2022,3.8
Iceland,2023,3.8
Iceland,2024,3.8
Liechtenstein,2013,236.8
Liechtenstein,2014,235.7
Liechtenstein,2015,237.3
Liechtenstein,2016,238.7
Liechtenstein,2017,240.3
Liechtenstein,2018,242.1
Liechtenstein,2019,244.1
Liechtenstein,2020,244.1
Liechtenstein,2021,246.2
Liechtenstein,2022,250.0
Liechtenstein,2023,252.2
Liechtenstein,2024,256.0
Norway,2013,16.7
Norway,2014,16.9
Norway,2015,17.1
Norway,2016,16.9
Norway,2017,17.1
Norway,2018,17.2
Norway,2019,17.3
Norway,2020,17.3
Norway,2021,17.4
Norway,2022,15.0
Norway,2023,15.2
Norway,2024,15.3
Switzerland,2013,202.3
Switzerland,2014,204.7
Switzerland,2015,207.1
Switzerland,2016,210.1
Switzerland,2017,212.0
Switzerland,2018,213.6
Switzerland,2019,215.1
Switzerland,2020,215.1
Switzerland,2021,216.7
Switzerland,2022,220.2
Switzerland,2023,223.0
Switzerland,2024,226.0
United Kingdom,2013,264.4
United Kingdom,2014,266.4
United Kingdom,2015,268.5
United Kingdom,2016,270.6
United Kingdom,2017,272.4
United Kingdom,2018,273.8
United Kingdom,2020,275.3
Montenegro,2013,45.0
Montenegro,2014,45.0
Montenegro,2015,45.0
Montenegro,2016,45.7
Montenegro,2017,45.7
Montenegro,2018,45.7
Montenegro,2019,45.7
Montenegro,2020,45.7
Montenegro,2021,45.6
Montenegro,2022,45.3
Montenegro,2023,45.6
Montenegro,2024,45.8
North Macedonia,2013,82.8
North Macedonia,2014,83.0
North Macedonia,2015,83.1
North Macedonia,2016,83.2
North Macedonia,2017,83.3
North Macedonia,2018,83.4
North Macedonia,2019,83.4
North Macedonia,2020,83.4
North Macedonia,2021,83.3
North Macedonia,2022,73.7
North Macedonia,2024,73.3
Albania,2013,100.6
Albania,2014,100.4
Albania,2015,100.1
Albania,2016,99.9
Albania,2017,99.8
Albania,2018,99.6
Albania,2019,99.1
Albania,2020,101.6
Albania,2021,101.0
Albania,2022,98.8
Albania,2024,84.6
Serbia,2017,91.5
Serbia,2018,91.0
Serbia,2019,90.5
Türkiye,2013,98.9
Türkiye,2014,100.3
Türkiye,2015,101.6
Türkiye,2016,103.4
Türkiye,2017,104.8
Türkiye,2018,106.2
Türkiye,2019,107.7
Türkiye,2020,107.7
Türkiye,2021,108.8
Türkiye,2022,110.9
Türkiye,2023,111.3
Türkiye,2024,111.6
